number,hash,parent_hash,nonce,sha3_uncles,logs_bloom,transactions_root,state_root,receipts_root,miner,difficulty,total_difficulty,size,extra_data,gas_limit,gas_used,timestamp,transaction_count,base_fee_per_gas
16511217,0xaafc0e038171378a8926798df6311c15b7f8b6b184ab80e850d8628250661df6,0x069a36ace020b61b330acbf165ac79b989b5767af43a5c45535c861ffc13f4fd,0x0000000000000000,0x1dcc4de8dec75d7aab85b567b6ccd41ad312451b948a7413f0a142fd40d49347,0xa9b59818dbc69c6835106f82c07171299457ec26a14ec942905090502c9c9b78dd5e6959cc07d82840386e106fcdade66a89f0f18f06acf8b433543125ac3110963921542a3a1cedfd1032f8ceeec3bbc74e9aa0c848aff738f12ad6d454f84ba3ec8f24068bcc2314b41730e6086947a1350deb49b0ec4f0482425ffcd8e6e481192fc6abce91052194dd8274b2e587742918adcfc8022a3862daf5dbb310cf8f8bb30464a2f907163e00f5dcb2dd735d58ce5f694abd32486e1a69500fb1c49f9a1e4f6c0c0c5ef0c0897a21fbb3a551e697df4afa12105f8e28120d09a06a89b3bfa9806efa54c5beffee2d29c7a0c7166817a85ce0414fe69e97b1cb2422,0x89f1516608c676c44937646655e4f52a5e7268057dce1b3a2a712e9e2a74baaa,0x768031f3accad68c6b3636ac17778a8e8adb79c220ebf019159b06251a671a7f,0x2b458cc69533ef982f6920bacf4b8ec52d97011ea9650aad461f12f280f7718b,0xfeebabe6b0418ec13b30aadf129f5dcdd4f70cea,0,58750003716598352816469,84324,0x68747470733a2f2f6574682d6275696c6465722e636f6d,30000000,24656667,1674980087,90,13447507430
16511218,0x38f6b50bc223d3191f6eb3abd0f06d12098640f067f1461ddc8650bc08448cb8,0xaafc0e038171378a8926798df6311c15b7f8b6b184ab80e850d8628250661df6,0x0000000000000000,0x1dcc4de8dec75d7aab85b567b6ccd41ad312451b948a7413f0a142fd40d49347,0x48e9d50315685828dba0911086147f2195033cc06819661110d9b2673d84b50a14254b0a8082062810891f0c4a21359a9a2b20a2cbbdbc922759d8139c3a2d2308c0c073d50cdc3d6a12d8e8c1d0c431eda429525658da428d80bc11a200ec5a320811890683448605dd3895006aab43961199095c56050a762206d16d1b20144e03c7522a4a901055dc4800d112c587ee28e201cbe244a86428c040433489748fc821290da264252e976ce8ef06bfe0240d4822b024e81b20723b0e17a8484043112c42cf33015101370a4a00975334c4c95ed88cfa401a235a6b025009b4504472bd985ac6153042c41fc04b05992d21314208422a2c458dd1fca0f0547fce,0x5c021229c8ad342c43e451cbd0c1a9abb4a088bad952571908eff4091d368d8e,0xfa27cfb063cb32045bfeadb69c43c5c10e599a06f0628c55e2046565c279307d,0x32241faeb24692824d4ee4b720ed9754c570a5c9da1b9a53f83e01162d9bc126,0x95222290dd7278aa3ddd389cc1e1d165cc4bafe5,0,58750003716598352816469,61506,0x6265617665726275696c642e6f7267,30000000,11425782,1674980099,99,14529658273
16511219,0x19f446f6016816ad459bc6cc20a854c8136079b517ef8bb7f796ab096be47ac2,0x38f6b50bc223d3191f6eb3abd0f06d12098640f067f1461ddc8650bc08448cb8,0x0000000000000000,0x1dcc4de8dec75d7aab85b567b6ccd41ad312451b948a7413f0a142fd40d49347,0x4c6985120386ba03b48c426a9cdf7a24760334d32919474888299056eda81b281846518b15906d600f88b7ad6baa458cce8101ca8a8229d03a01c16165aa31c1406aca96422a9e0cea9a46e9edac68a1b4d100c0cb744a122822cf05fd2120c9127a671012faef28856e90860e3e58391a944673c5702546871a9851acfa025432490a50bac2891c15c584c50c0a1022dc70a4b1a1e0069be82281702bd129248aec9943d8e2622d6642cbe09cf2ed9d46084a4c7e1c696b48e34a7a140c00204d99180a01be4a9b5d1882628cfc938774ea127916aa781f212bbb373874a80934bab4be08256388054c5bc0c003591b8e8981681bca01468555b97df2301689,0x929a5e7d4f07027ac3cd793f6ecd94748e0c96e6a85953786217be9d1ab4bfc9,0x15681190820861543dec1ec680f32cfec53f493224fd6eaa2a9371513dabc70d,0x874bcc9a02f02cd26b56d2d4c79dcfb9537141ee807937908ebc2ea433260b64,0xdafea492d9c6733ae3d56b7ed1adb60692c98bc5,0,58750003716598352816469,85374,0x496c6c756d696e61746520446d6f63726174697a6520447374726962757465,30000000,12596495,1674980111,131,14096890222
16511220,0x7d5fbde6d193487143afe07f0365c7843e0cb0468a560bbc9d7742f74ffcc058,0x19f446f6016816ad459bc6cc20a854c8136079b517ef8bb7f796ab096be47ac2,0x0000000000000000,0x1dcc4de8dec75d7aab85b567b6ccd41ad312451b948a7413f0a142fd40d49347,0xee6261658420c04e3ee80102b535442f50a3159140e74518101550021dc10040940a0700c18140005808361c8b01a911828304b488242ce0020b07511cb4a50549032280c01b580c2827f3a80811303890c0808fc265fa3084182dc294402c62969898810246264281f43c8c09204c69d202c84041102404c8a0e0f3602840090a20831600ba180600590212911003242708050947514ecd6420bd6002b03a00cb49814d914c6989860a01c25cb3a4dd2003e802263f680288030b1c188408410f0ce10a050144ef05a8148c00865034ec6122e5108f001103021d0360b1e02c26baf0092010a0e0c2fd0e8005201828c3350908c2ca3048b801b800d99c3581,0x21f813cd7d6913bdbbb24b0e53883bc248b84200f283ba8f440b09efb7bfa35c,0x7e460733347b1ffde79d35360a06b4e49b6f1489ab9b1683a9e1ef971da2ce3f,0xf2915a98fd7f76900987c305650b0343ca70a5d2eb19a92dfc638b69d5717fcc,0xdafea492d9c6733ae3d56b7ed1adb60692c98bc5,0,58750003716598352816469,61382,0x496c6c756d696e61746520446d6f63726174697a6520447374726962757465,30000000,8715304,1674980123,104,13814540671
16511221,0x49eb52fc1485eec47d128fa753da4a670b38d0659a02608a295b6edcd7cf7673,0x7d5fbde6d193487143afe07f0365c7843e0cb0468a560bbc9d7742f74ffcc058,0x0000000000000000,0x1dcc4de8dec75d7aab85b567b6ccd41ad312451b948a7413f0a142fd40d49347,0x5d2d030184129a6191023821863e432982ea1e22284900ca3d1dca813c19007cb08005b48709838247b83749842821d08b3322218e3cb9158a080010d77be48c000252184c92eb38689a6289d505e2e8cae18c1c8f543a0bec186505f21709a58a017c6e167b448a2b4912409d606aed36b38269002a1c7ef7c8ed79c4da22b301131f5c0ac360dcb9c9062223a2a2578c33884185ce263a5e30244b4231003f8a1d5ba0c706fe140892e0fc45569d29040c0045da0144d610e2ec17102f8869c1588cce80a30cca6040504a153a427969c811d3339cc0755a61cb8203222a105a30a9d84a860888024c5aa01575194886204d411fc84fdc51431f01c90d748f,0x1976702af9f0361794aaf9265e6010fb0661e2eb6f097e6fe48dfcd565d7ec87,0x8b1fa827be433febd46e6c7ea46b4f50725f11cd38601e8c22c952f44141369b,0x60c4ec43edb76af29b782a962583ebad683370dd0a942dabe213f4491f25a300,0xd2090025857b9c7b24387741f120538e928a3a59,0,58750003716598352816469,26516,0x6c6967687473706565646275696c6465722e696e666f,30000000,29982728,1674980135,74,13091039101
16511222,0x3eadd7dac06e52ad8d34a22adfb4128be67180248ef4cc94325325f2b955cdc5,0x49eb52fc1485eec47d128fa753da4a670b38d0659a02608a295b6edcd7cf7673,0x0000000000000000,0x1dcc4de8dec75d7aab85b567b6ccd41ad312451b948a7413f0a142fd40d49347,0x46733125d72458283ab13083a57df76bf10f162a0c5b78005d3dc11f5cae8c453c124f9b8e83a098dc2a1c90cfb5e7d5a3ab84679b22bbba3b7c33315fff7ea63944d8b4168cc93c7bbe519d479ffaa84c90054247c43b5c2dcb5c41dc103ab1862845e03256d4ae81188d4cd5aeaa659e6e92707851040cf49a95f32cb870964bf01353e2c291042464cc54c3bec2217c10daa1b1644c2be721e543e2f2b037df8c4967acbae7f73bfcc1e99ff99519bff661b73f01e1c300d20f4750b50d3041a0a09274516fce25ac128e8d0fe2df60d1454198ac801f6f357a6ae833e0706c78b30969eaed86cb7cda881dc75b9aa577530394aee0d74159f9909100fc83,0xea553fbe8351374316e6ae8d9825ecd3868a64f06c08823e5b2796a9e8371200,0xb2d5d401fbe3a063c9f9ff2a4a4f2a83877a89fe7c23ac71a0fe1119ed24599b,0x2dc32061e65bc6fbc8e6e58ff170b86b5b9a06905b7686c185aa57686bc32ab6,0x690b9a9e9aa1c9db991c7721a92d351db4fac990,0,58750003716598352816469,173036,0x6275696c64657230783639,30000000,27179712,1674980147,114,14725534751
16511223,0xd29ad57680f872880cd6b34647a59d1c8618003ca026677073afc5b986495c23,0x3eadd7dac06e52ad8d34a22adfb4128be67180248ef4cc94325325f2b955cdc5,0x0000000000000000,0x1dcc4de8dec75d7aab85b567b6ccd41ad312451b948a7413f0a142fd40d49347,0x022d25048044a8507a808030813113eb10800200a8024b10060100001008080074cd43098a488b28424135508a800549c2008204e8a1bd0712884010103ee0044a010001c014c02eed0a568a01540820a1802a904e4418801080ae45a044a8185625c410820655161198b4000068486d4328800340110434c24400b200c88e100a00c7140a028384c46007068c1219b00440a82119428c08436c3840421010628b0e054390836c298ae244c09532a8b8228410246914520202a60a06c00900100030800620a100980181000a0412562e400902c831ac105190000822640ce0882033b8898010e19152884ec00116342ca4b20150439c006102c4d859c1047043,0xbefe973a6e5e562b32b5b7fb6fb0ab6310f19ec04974d2c28c3f8b6996f41656,0x421dd9282cb336dc50a819fc8f205aa538839340294112eb196fb43fd9461ff7,0x37670e1f89497c1bb7cc6dcbacc94c1c686e80913d589b3e0c4c1582aac23d53,0x4675c7e5baafbffbca748158becba61ef3b0a263,0,58750003716598352816469,63673,0x506f776572656420627920626c6f58726f757465,30000000,7633310,1674980159,75,16220141186
16511224,0xa9ea146756b6036b3b0dad20ad9f883a6f7724119e334203f23de6c3eb3814b4,0xd29ad57680f872880cd6b34647a59d1c8618003ca026677073afc5b986495c23,0x0000000000000000,0x1dcc4de8dec75d7aab85b567b6ccd41ad312451b948a7413f0a142fd40d49347,0x10600892e3548842610000108f5780680000a101040000004101010216028440300b510080488481140806000a1005388a41202c8a03a060004005114066ae21d06aa100c1080a082d504189d77480a99201582203640a4034202138f2863c2b3ac2ba722212a60340b2d119420229b3a89088044150ad44c0401111904a004a40e8225a00022b06600441418b024026640014918152824900c0256002100024aea8010433ae6a400503c1f204a09d04b01004621240100602492b4a042c10404114d003215450ca00211101024c07a2c94062d8d1f8881760085c360930f150421a64ca129404008085bb8805005da5c4896580c0e8084841001b08b0133481,0x9af66cba2dcc6edceee4498e016c5caf1875309ad29ff2320abe9ec677843555,0xa637510ee1f240605c724c2ef77236aedea35e8278bf4289e4f1df6037d1981a,0xc33081d77e55c2749e3ef1ef304ceffe660ec4a96a5cba6034d2fd3aff9497f7,0x690b9a9e9aa1c9db991c7721a92d351db4fac990,0,58750003716598352816469,59836,0x6279206275696c64657230783639,30000000,7155850,1674980171,80,15224401588
16511225,0x18899770553aee1c1dd2dbdb5f0a7e0ac027967ec56f7f3e0fab092cf5a4c4cb,0xa9ea146756b6036b3b0dad20ad9f883a6f7724119e334203f23de6c3eb3814b4,0x0000000000000000,0x1dcc4de8dec75d7aab85b567b6ccd41ad312451b948a7413f0a142fd40d49347,0xc62d0411a7928750608894c2b4363128351834b31c0a82401c1f58626c82a40830150003961d101a463a026c4a402d1087432b289a06b0b92c2b501229aebd404202cd4ac0096d2d6bb460a8098220b7c6c02108c242684824d59b53a1610a337620603182ef18068220cc0480444c716111189940700422904804d13d5b4c914a6195640227900484416839a750407d08508b254540004c04f204f94a3210839a2a791350306e682ab4e8c012268ccc25c44826b388a09fb8c90c6c90048b207b141e26010200da411364424435d2fae4e9aada1c8899337aae180a0841bd4a6035304988c48ceb8e0637b021001081a30abd944b9a2cc640c92898841d7480,0xa395f46b0d4113b313c4e2d95b27c49e8a55bfa86107bae011ef4b7f67c86981,0x087304c09cb2251e3f25d4bcf14dd6ba37bf77c5bc4608ed900cb91054954f7c,0xaee9528169b90ef5cc6cdd67565e9f36ab342d54e181c67c9c1979f1235b1c65,0xbd3afb0bb76683ecb4225f9dbc91f998713c3b01,0,58750003716598352816469,52030,0x4275696c644149202868747470733a2f2f6275696c6461692e6e657429,30000000,8129546,1674980183,106,14229214174
16511226,0x3993a920ccbdfb571d8fbdd78f8d79af886983833772069147f68154d98f1ff0,0x18899770553aee1c1dd2dbdb5f0a7e0ac027967ec56f7f3e0fab092cf5a4c4cb,0x0000000000000000,0x1dcc4de8dec75d7aab85b567b6ccd41ad312451b948a7413f0a142fd40d49347,0x8c3b1bc6c33091107428580ca5045e23074173ab7438475000020004cd8a0541300d1dc1c13482581488df6a680891d13ac302ce9a46ad5812094001102a780c05008c186010584da8c2e1adc491a1b4ee8028c358628a88e501d6668a033e0d3a0063466ae2e8ae2ce4b08008602963c406805748412428d60468f331eb32064c0503d312a2050455478552a33008e76c01068563e4a07fe4640ec82af3f0b5de9e0970440261f70b53a3e4baa4950da539033420e2248ac3612e23060c1816093880e3050b4dd105139704232c0236c3edfae894f8d0170c2469a6259aa04e1a31312920952809a2069fe3683174a0872ad78c47cc416e50797f128391d785,0xf4337af7bef6d9670cdf83c5517ab260b1b29877608034b39219a5ced8aa1e77,0x5024f84c781d3e45bc67251dff2cd57022f3009d6407acd4c1170c46a5d3e1d0,0xa25818c2dc6d4b1a18ae819241e6c1ffef9576abf5448d9ccfbaebd00cbdd264,0x95222290dd7278aa3ddd389cc1e1d165cc4bafe5,0,58750003716598352816469,47866,0x6265617665726275696c642e6f7267,30000000,10106340,1674980195,110,13414537829
16511227,0x6c57f4387d3f3a76cfab3396cde6a2dfa74c811feb53ddfc7745749a705b200c,0x3993a920ccbdfb571d8fbdd78f8d79af886983833772069147f68154d98f1ff0,0x0000000000000000,0x1dcc4de8dec75d7aab85b567b6ccd41ad312451b948a7413f0a142fd40d49347,0x2e3403abb1aff37aff3c1e3a8437ee27d17718426d0b399054bbb01edeb2f488f83e0311801aadc6f43a0c48dac4199c128390409ac0ba1d47bcb54197e5b96e200b90b4f5a0dd387ca264d97612403cac942f15cb47dec47ca8184199485a3113000b0417c2d4ab40c9968530fcace9c4045151b350c544b1a405f18defd4540ac0b6c7326f9e0dc553c79bb17ede65e492b20569c5f8fe346b13d95af073959accc9273488e2e46eb054f6e1afd60b39df4e4e7c00eb066db10e1a08cd0320cadbd32b172a18ff056606292b6ea936577bc3f336ee01592326ff4e2e3268572214b88a18bea06442343ec8e411b4fc93131742953a61c54aef1d3bce50e0a6,0x7879507adbaafa6b1303b085234add44997007e985f0466b2ae315fcc3d2e499,0x7a958f715f6cb2f1e0cb08b317c1e75b803b525f8040b4f1026cda00098ca442,0xee0cd85c8c67f2730448fbb3c9e854fc2543af794a008de6db181e883cc7a7ff,0x95222290dd7278aa3ddd389cc1e1d165cc4bafe5,0,58750003716598352816469,67140,0x6265617665726275696c642e6f7267,30000000,28451385,1674980207,124,12867486270
16511228,0xda6df9d6b305f9a6379725c501f0994858a2c19ad7cc88dee028673441885acb,0x6c57f4387d3f3a76cfab3396cde6a2dfa74c811feb53ddfc7745749a705b200c,0x0000000000000000,0x1dcc4de8dec75d7aab85b567b6ccd41ad312451b948a7413f0a142fd40d49347,0x147fb5650fe6f07fb8f8f8a28e94f66bb7e93ab15abf2de45361fcdecdeea738d49a5b0e94239ba85648fe105bd40195e6a31fdc9b34ec6e2fd5785315eeec1888bb408c8d154e7c6bab488d555575eae4cb18615bccbace64dc3cd98e6538bb7e2173a8c3928c6be5c6f5c5882e7f71f311b4fba3706e369cd24e5bac48cbb45e0dbe5686aa9845e5e9fae1d0f200ea7550cd05e7541ae96021e8ec42f21415fec85577b4a67922825f4bf0d97b84803d500aa0fceceeda7bf73f5f612d4a6c1f9cbaae81290a8b095094b4204e972654f9bbfebcac19991b17b92b3f95e8f6eafeb24ba8e76bc5a2bdfff823703975b71c49eae6f9765ba8075a10c5df5599,0x7d00ea31e602c42573f159db16d11900c10ed8a4c5469c41e432e97aff979541,0xe967c07be748c97daa728ca182302e0cffd999de5d28274d24b3e0478fa18c85,0x18aef43c8c5eaf943865ea1fd1b4f55c6501f037f125c76a8c5e1082f36e0f70,0x690b9a9e9aa1c9db991c7721a92d351db4fac990,0,58750003716598352816469,106647,0x406275696c64657230783639,30000000,15270915,1674980231,177,14309865534
16511229,0xdb540108214089a80aa0141b94b2335e01b21355c505ed1635c1ade89a725126,0xda6df9d6b305f9a6379725c501f0994858a2c19ad7cc88dee028673441885acb,0x0000000000000000,0x1dcc4de8dec75d7aab85b567b6ccd41ad312451b948a7413f0a142fd40d49347,0x3021460462e09624d0e14200a415252391309130081a8020100b0975d7a03400180a130a8062e442bc00df03c0028109030588009e1a3da108110eda84aa2900150b4028448a6f6c7e834289cde54072a8a0f36135400c5014013c238b84b88212e0dd3852024c0273745e0458a008e5e002084499060ee050002493068ac80442c06350032a9316914a0682c231450164514c81c146060967221e4a03d080accb9c614712e365228f22a9ea2ce3ad80a45608122087158608e54c040248516025eca7aa0b0100020280884a21e4552b4d4c02481bc9811d600c19160da8f000783a2009d0045a008205bda207485c34040e0828605800666519ba1a83b5d691,0x987f64618f8c30f295032f39fc7fe5ec2a0aebb23471c24514618cd5f9ad0ca6,0xf065fa165a918379952cd0b360e823eccdac132f903e8b4dcd310e2126276f66,0x7db567e5e4e0803cfd9b0d1f37ca3f48d5b3f5c0ae8b4e7c9a708b3edde5b77a,0x690b9a9e9aa1c9db991c7721a92d351db4fac990,0,58750003716598352816469,43443,0x627920406275696c64657230783639,30000000,7314967,1674980243,82,14342171844
16511230,0x9d236ee440d38051bbb0d07e5e2bf2b89cee434364f6097b2aad6cbca725fedc,0xdb540108214089a80aa0141b94b2335e01b21355c505ed1635c1ade89a725126,0x0000000000000000,0x1dcc4de8dec75d7aab85b567b6ccd41ad312451b948a7413f0a142fd40d49347,0xc82b20604424d201ea54783aa41c0024266230128a9a801350094100fd6b10121ddb10c1915b01b0000096146a8c858402b89fd78ba12d714d25f1396e242e010118d6d881825d3e6a80a19ee41028f4c0c2a4179245725037433a02df334c89568554cc52564a1292c0100b187cae25890e50c0de3d264c85000813808859742201152734ca18b4344d0ef3630c8a20bf988483cfc4404c4c69494842121918ab0f0544190a6bcc003063e8703086cc841282a40e80adca48803a2a1645f132111304f26528089f00588852091a027c40c80278188b625dc7ac6842208de0606490238b1804c46020957fd120031824d2048174149c85c8c115a95c97a17082,0x83ef143801321420af21e480b20c247fb13e43f3e2abfdb066639a210ea6014b,0xb6b197a62501ee93ec7380c6141aa781e82103ba42410d449a3467e2237de955,0x6515f5bc08edd86a90b5b6dd795a10326c601fec3153f106c90a66b23aa34e08,0xdafea492d9c6733ae3d56b7ed1adb60692c98bc5,0,58750003716598352816469,57522,0x496c6c756d696e61746520446d6f63726174697a6520447374726962757465,30000000,9151947,1674980255,124,13423671312
16511231,0x494d7571543e2b6cfd9103fb3ab1090c27dbbcd82cad77f56aae9a002bcac071,0x9d236ee440d38051bbb0d07e5e2bf2b89cee434364f6097b2aad6cbca725fedc,0x0000000000000000,0x1dcc4de8dec75d7aab85b567b6ccd41ad312451b948a7413f0a142fd40d49347,0xdf69664bef72983ca1f0b5d3bd7ddff9d79f31bfffbfcda0f66f8e565fced7448a7fd6b4eb6a033975337e86fb730f561edbaf62bedefdf627a95356d47f6d2c6aedb65ae67c5fef78a1f3edebfe76f2e693725d97d51e7ffdac1b7befe23ea952fedd359ecffef33bffb1f6797e6ae77ac1daf94779fdb49cd174f7a8efaf3c4abee5c7338ba5c705e13f7779fd9e77e7b7dceded64efeb6e8a016ffaf3933f9fffcba3bf3ae646fcb37ac2ef3bdcceeced1a71d76ffd7bcdd7bfbc15e5a7fe1f7da1cfbd071bd3a9df9f969b9fd2ef4bfff7cb369bafd969bfdfcebb33fe4d7f7aad8ffcfc64fedad4ffa8f9b75db8af3afb9dd6dba7d757ccdfd8f4e7ff9b,0xc89a531db7dff03234f664541aae1435ffe3d379f946b727fbe8e840ca5f73ef,0x50f39680b180bbe8b1e60f71ef4c5c4c7ea82e1cb8bb3b728da4d64dd0ff5260,0x8cf11100ffcd12ea1a1950c3e860761d840bfc5a3d0afdd0da1a8215c5c887bb,0xdafea492d9c6733ae3d56b7ed1adb60692c98bc5,0,58750003716598352816469,77161,0x496c6c756d696e61746520446d6f63726174697a6520447374726962757465,30000000,29299485,1674980267,138,12769485135
16511232,0xfd1a310717dfea16643fff95608a9ecb4c1fdeec7e3a7e6813fdd45aeb4f50af,0x494d7571543e2b6cfd9103fb3ab1090c27dbbcd82cad77f56aae9a002bcac071,0x0000000000000000,0x1dcc4de8dec75d7aab85b567b6ccd41ad312451b948a7413f0a142fd40d49347,0x18bd6670b3f59669b952ff80849d3aa95941ce16786a56a0bad9bf72edfe951670bf2332e6ac1c22e4b0bf2cc96cdd508e979aeedebf6a23bf0d703194abec2482cce09cd45addfcae92d0fe5f7e6fa6c6936801d7d00a2cdd801dccabf43bbb172029172a43dcbe248c0e20e407eb65874cd91a93f0b790de0f75f15c2bcd7423632bd2c8da975595ef27db67ad82efb74a19a3c3e2803b6f2e194763f223369eae598bd838eb94333140f0993e9cd5be61ca80370cfc2a9a6f0e5a819e70360d637ec7c7e01bcda50aba5e417e35777fe9d2f2d79f7275b02cbc5fa8e6ed6867bdb878188cac5a96fc77ae72bb77ae9738a36b81ed95c0435ffcd3d5df5780,0xfa80d290c41156accea03bad7855febbd2c0290f3ea6893e6439e708e0486433,0x662f401dae4fac016afaf25265bc5bf18cba9ead1bc981e091cc55461ac6566b,0xd4a745a746cdf93d65869b3f34e8ac9e70e8188131c41b0b1e1a0fedfe88aa9f,0x690b9a9e9aa1c9db991c7721a92d351db4fac990,0,58750003716598352816469,72797,0x6275696c64657230783639,30000000,26630268,1674980279,106,14291127311
16511233,0x449010c3640533710a182f2c2b0046b84bb57d1ca9c2088a4dac244d7268d3cc,0xfd1a310717dfea16643fff95608a9ecb4c1fdeec7e3a7e6813fdd45aeb4f50af,0x0000000000000000,0x1dcc4de8dec75d7aab85b567b6ccd41ad312451b948a7413f0a142fd40d49347,0xf72b89091518991878890152a434a163d010f4d30056812259c1ea37d5a518714890a922c600220a0422ee1c1a320521b62550189a79f3901235eb52443ee0518cc4d24c0893747ce8fd4c9a56000dae868c01144f583b512c800201822111b11fa6b2409237543888c01428c2a608f5e00286508a228cc0b23004399849393440c441ec0942605e1c570c01010e162205510955b949035d8031275e42553c14be1841e271a7e7260ec5d0e60f3590c80cd76028e22232e261e50846010d0438e91411c230858982166813505534cd3c4d681341b1fa003160207ca228acab19369ab50909130500b04d9fea010635fcce102304e0ba55724360ca13da41edd2,0xf6270635681a1fc5ff29a073e153da9a01fbb434244ca80c90e68d23132c8826,0xf6105c30e3bd27dc9cf898373f468404f66d22c5fa8952ac9f8995c8c04869cd,0x4e23b86a9884a580c4d27acaad4e2aa9a4b2f67a46cd1a9038b747927167bca8,0x6d2e03b7effeae98bd302a9f836d0d6ab0002766,0,58750003716598352816469,60382,0x506f776572656420627920626c6f58726f757465,30000000,10854809,1674980291,151,15676207649
16511234,0x19a03e458d2edb40d2e00a6b18235c3c680f6d941b856b39f76ddee18b0a126c,0x449010c3640533710a182f2c2b0046b84bb57d1ca9c2088a4dac244d7268d3cc,0x0000000000000000,0x1dcc4de8dec75d7aab85b567b6ccd41ad312451b948a7413f0a142fd40d49347,0x44a92dd4514090393928708ab70d066704025303a80a024429932041cd20c585c0085b0004038001882ebed8ca7c23020231b3e21edda9986324410217b42a00c892f1184d02ca2eaac2408cdc302834c0a01802895e22ce22eb1604982734fb3e68ca22339a680222941521000489734c5416b022300f02904184b118aba94e05e5022c4a8201968544ea1a9127103449281e29c749244d8c206c494c1118d09a2c2366889a69350e674de16870b44197c48528648df802016a2c6c480c5468d3758392351011aa0498cd608482166ec1e51246fdb800770f063b0a1828f8434538a609800c2a6291a416e32bc118b0ca140b02419c4542ec1e585e95c55243,0xbdd88b3767aaa910dda95e5ee8018807870376b3c1cf3f86096d66c51e0ae243,0x59545a13f6feb3e1eea880cfd5704bd5b728dc74f3d0f2478f6ed2cd8874ac47,0x8d6263bab9d0e8da6ada58c8b450839f4f42d1c61e97e64de93cbf22e5339f51,0xbaf6dc2e647aeb6f510f9e318856a1bcd66c5e19,0,58750003716598352816469,66775,0x4d616465206f6e20746865206d6f6f6e20627920426c6f636b6e6174697665,30000000,9556931,1674980303,112,15134700359
16511235,0xbaac5693b3d7120d3f3a558cae11af72a7579b19df506ba4d44607e3ba04f0e4,0x19a03e458d2edb40d2e00a6b18235c3c680f6d941b856b39f76ddee18b0a126c,0x0000000000000000,0x1dcc4de8dec75d7aab85b567b6ccd41ad312451b948a7413f0a142fd40d49347,0xae290f45008092ce2020606a88015069811313825c0107244115d01a0e2a36607088474e805124980228a64d8e852785eaa1080a2e7ea2044738081f54aaea48880a48b240029c3a7d8120cacc901166d29004615bf0162e54a1bc00ca076a2a42a99f2086e2843eecd210800c262c6dce001811d1550461a03078b2a0892575123487541feb9454856a2248fba68224ccc00501134040e8c4a0784c07b1f2a4aeda1923c3326c41ae16e1f624a2ac00941a2aac3089c81671068e4b140966d20550726e3c09c0e250141060c94da776608083fb1aead0df1164883e1b44f0c20930f91930616044242d1ea881159564c11ce3c2464a08660d3c0a1a8741b584,0x4f42ec96c8ad4e5d24141ca38d7cfd397b702373313396f8e36a3678f53b025c,0x29c761c69b77c887b40a691c423899b70556f846c35275f5dde75b85f475a9f7,0x72ba94c693c517eabb935ba5e642b5e07a1f73724e55f9ac73a6c20a0a0ea263,0xdafea492d9c6733ae3d56b7ed1adb60692c98bc5,0,58750003716598352816469,59689,0x496c6c756d696e61746520446d6f63726174697a6520447374726962757465,30000000,10344115,1674980315,113,14448206873
16511236,0xee532eeaa037298aedaf90c913af58b794ab6726100ba495a45c655ac545f587,0xbaac5693b3d7120d3f3a558cae11af72a7579b19df506ba4d44607e3ba04f0e4,0x0000000000000000,0x1dcc4de8dec75d7aab85b567b6ccd41ad312451b948a7413f0a142fd40d49347,0x302781018400b068b030004c8176507b20b013d1204021b4971b0022d93a188304069102004e9802008b77c8fb006108120928649b862e00340d10181468a4e008834192544832e9ea2253bb5cb020a2e4954a5b51622a4000a05ec7814228a13289d0140e164e098c8d1988302a4ab38a4308d0c0900454c69090d29b7868082224037c228a205410c4dbe4c193c0262490058f856000dde020106a10bbc1b89b4ca1d7534ae405ce2980e21832848a865e26112014804341b36952001784e044d280b6510188c04d08805ae84e127071e9a645178b20193c019f166f93e020123832891000000214115ac4094bb461cc2083c8030a0952302ccb05c0925640,0x55bed7459be6a2808abf2aa56abe3a23ed7aab1656f968b7bb86b51c687a841d,0x87dbbde6e55c82e73c40ee8b3a63706ca60d1d4c932ddca3caa5777b73506db9,0x4c429e585469a400a900c31ba9143a7656dcd1b2571801f32c5c8d653f698622,0xbaf6dc2e647aeb6f510f9e318856a1bcd66c5e19,0,58750003716598352816469,50265,0x4d616465206f6e20746865206d6f6f6e20627920426c6f636b6e6174697665,30000000,8451718,1674980327,105,13887630293
16511237,0xcde8cd5d8d12b96653e0eedff9cd726709ae84d41c0b41cfe161ddc3b28817d0,0xee532eeaa037298aedaf90c913af58b794ab6726100ba495a45c655ac545f587,0x0000000000000000,0x1dcc4de8dec75d7aab85b567b6ccd41ad312451b948a7413f0a142fd40d49347,0x4c29282d151abc7c6dbbd87ce41e6767548c54823b390e80714d930dfd07d667012413e4f15bb27ba0cc8fb5bb112fe5bb4d2299ba9f39be9665926256be64908a3f5adc9b7ace8e68394e88fb85743093c91c0895475abc5ccb08cda74906f11e60b5f9f28744800da8b8622033bb7d22678572238994d59005f53f6ccd6563ef1eb3618aaa133517434c710b67223e3e06da4119c087cf76e8527cca93c160ff8e4f33238367a2cbeb558115f7cd6bbccf18f4752f6bf60bed1d272edc51729b7a09c2d06138e3830467562df6751e51f077f7378a925f478778b27b9364eabbf9fa3b50260dd0c18e1f500b9f7ce2ce210180f1f8a2f8acc67849e855fd8b,0x758aeef4a4020c272075d0eb41e1aea18c0dc8ecc88488719ef2092bd5756212,0xdb811e790fba07e191056fafe29ab9e5064f9bde13e5696a2b9b3e2183f0137b,0x313aa200731619dff2ca88dd8e8ada01d67e6d8d0f39b2c1789aacc8646d9401,0x199d5ed7f45f4ee35960cf22eade2076e95b253f,0,58750003716598352816469,146066,0x506f776572656420627920626c6f58726f757465,30000000,28350159,1674980339,119,13129795965
16511238,0xa43a08e546678b2ecfbdba4601924e2367e0c2cd5d5fdb3b938bf83e94395458,0xcde8cd5d8d12b96653e0eedff9cd726709ae84d41c0b41cfe161ddc3b28817d0,0x0000000000000000,0x1dcc4de8dec75d7aab85b567b6ccd41ad312451b948a7413f0a142fd40d49347,0x802a29614602b21eb07513b19115c3a591fb07917c412c10b01501187894ac2ad1080162048c03c8499039104a40813e6690acec9b9338140260095404723d008840c0d00102182cfa56538c548065f00ca220398c502bc079981fc7d900503f832c14003a061200018cd04024201a6f6e02985244530e0493b88550d81c4194db7993f58a4a00b650409a21e34040242000894b211b048d6820f84459f018309b88c1df80c170035b1a44e19b32a5d82942024063008226b0cd2a1220f4c40a40180463822124f10380ebcc0d461028d131b443358990995a4738021e90f363243aac8908805588526dcf8869b152e2c0333121092a354202147ce9a1855a60,0xfa44e9bb107ae6513c2e99782a37b060c36984b24141d0579bd365d97a9f70ea,0x89dea8d9de14fb7e3855e4e50b4b5cab5bb1bab1b92396f17ef0fbcc71ad3b40,0x75ab61e18544385c80844d09ee8e669d885fbb374ce407c45cfa23a84deec86f,0x690b9a9e9aa1c9db991c7721a92d351db4fac990,0,58750003716598352816469,59610,0x6275696c64657230783639,30000000,13393577,1674980351,131,14590503163
16511239,0x478c6ee602768643fcd34cc9e5ad9376933308d96587e0bfa0f650ec27429dad,0xa43a08e546678b2ecfbdba4601924e2367e0c2cd5d5fdb3b938bf83e94395458,0x0000000000000000,0x1dcc4de8dec75d7aab85b567b6ccd41ad312451b948a7413f0a142fd40d49347,0xb2254c42012ee03a309f0b02842912714411e6c5080a34266081a0009527b910900e1704441aa251c528b4000b960197a22185388836791c06b6d6e4b33ee0028ad80258b1030c3ded674aa9d73020690043a4248b4428510a5944418c0b68719a34e08cd2a364100080901000a61ae9c82a444005b904648680211486ae5084960403940b8a1504147b150011442928c450c49dbb010649602b0868203218a2de08010fdf2767439a20c0e4d1b18d1809558022c879864e41d10ed60111042383f071128339888a0160112000c6716a4546135494ca91114226bd2a006ce1e690b8e94801071c84b00dcff849c31c34d0096b4041da0e74b3890811df313276,0xfecbb4f649672dbe513e6978050b868a9589ffd221715a22c42dc8e5f2eea0da,0xfc34d45aae7f0e528f02ff478e48b849d0975295886f2861c3c44f889420c424,0xb7304641f37235b44c888a3dad6b5f1ee21f543427e494557cb21fbc9c7ce2d2,0x388c818ca8b9251b393131c08a736a67ccb19297,0,58750003716598352816469,43957,0x506f776572656420627920626c6f58726f757465,30000000,9452836,1674980363,99,14395182165
16511240,0x83a8ebb1cdb812364c6762f8f81b155d00be48164de70ee71027fc4664167abf,0x478c6ee602768643fcd34cc9e5ad9376933308d96587e0bfa0f650ec27429dad,0x0000000000000000,0x1dcc4de8dec75d7aab85b567b6ccd41ad312451b948a7413f0a142fd40d49347,0x6e250c022242d45638501242ba17832d136bceb230143350541907f46caa17b2f1035701a4920249809d14c84b2d5594c201fa809a8e3e095624de193c2eac0a94110210406a3caceb8e46ca41ba722589f241c25e4c694137c034498a0f18261f31e819a732401761d45e809833197dba0cdc65fbfa8f10d5c00b522ddf521d87246b5a2383c15d314d0da8aa8462a025c0d0930543063f4225114c1b398b25bf8949070a916c03031143c19ab0e6233d54003dad0cb9ce71c10a5e986c0075e19814c206f0288a3cf1085309467c21454d32cc30cc1b15ed041ceabec2e4624c3bbe991895f12872850b9825035020beb0a122d998104f0b45894cc0515d09,0x241822b7c090755d6f791d51c72b2b03ae80275878267bef64d06cd090921f79,0x03dd744dfdae58d70d66682266c419ccddcbd2fc6e54e2611b24ccdea760b40d,0x65453f4f66842b723a7f22dc4b8d3d3c562e141806483bd5c97d7438c747b3b0,0x95222290dd7278aa3ddd389cc1e1d165cc4bafe5,0,58750003716598352816469,69509,0x6265617665726275696c642e6f7267,30000000,10844092,1674980375,102,13729745197
16511241,0x21759f17d719a4fb8ea64b6da7b4e6429c10fc907b7da3a5e10b7a23828bcfd8,0x83a8ebb1cdb812364c6762f8f81b155d00be48164de70ee71027fc4664167abf,0x0000000000000000,0x1dcc4de8dec75d7aab85b567b6ccd41ad312451b948a7413f0a142fd40d49347,0xfe793dd3516bd27ae81100a2bc14672914fb0911fb6853a0b047e246dd0f9765db85535bf422d2c1b89a360c5ad149d1afcb6c81db1abe1852800277bfbae49890767014c903ccbe7ab87acd44308c3a44b5422317c20e682f57c9d58a2cc87793cc7164dac2840fca48f5a034a0afedaa5aee6801b0447821104519218b78950308cf4e07ab4195006b4d8da404848a75388cc537c1a5d81060e1e3d33505d8ae5ad38394276e6b267361fd829ebecccc6d220544f8839fc6d71bec0390b473e207b4e287f09c09b6ac0c6d8d677a17446a72c0598d4c1eed1d184a9181e0054c3bad8ba117a6b478afbbc1bde37ec8ac670080cfd8145d410939db89c1ee9b,0xaa7c0a9b080cfd5aac1ff5ad0814315712e1ae3fa1db55df94e559b12becfa3a,0xc577e685771105f0154899412a0619cd1ee4d4bcaee33e201abfba1b4e05f1b2,0x1e08f8dadefdd9b4e0d9a5aecb34a26c3a40f3d5875412cf7bdc6b2885b0c13e,0xbaf6dc2e647aeb6f510f9e318856a1bcd66c5e19,0,58750003716598352816469,51309,0x4d616465206f6e20746865206d6f6f6e20627920426c6f636b6e6174697665,30000000,24894896,1674980387,111,13254248882
16511242,0x981a2c1a23318a903b7151b6c21bcd6e2b2b2c5a989a7a9910b271053062d9df,0x21759f17d719a4fb8ea64b6da7b4e6429c10fc907b7da3a5e10b7a23828bcfd8,0x0000000000000000,0x1dcc4de8dec75d7aab85b567b6ccd41ad312451b948a7413f0a142fd40d49347,0x142302300548b758b2219a70c514a2398901168b809700001b7d0b88ad903603105243a1c188405303103c3e0a346b02c3164924c9332ed0170641d90422ec002b1cb619d81c4919788a488b4920457e90d122015b7a0b01052c1c04f9660c2f12008840622e1cd28cc082d0c0469cfbec0073394a60ac10dc00aad3201ad3f4cf0e0396aa9b8496c443860c23992a25340018c15150401e6421984003b030988a9a4103ebb06ac4481891dc8122841861014653ea502092e9710e38a02db144d1e04ae264c012c0182d455420e60132484102da11980b3142a4784e5014a8436d74f0884880bda8021ddaa4040971ace2502be093ea6c56ec1a0a9290a91a80,0x9603e3510713c49b35f03cf484c4982c9a9254ec792df9c87080407a6d2c24ae,0xe41760d62d73a5c8afd3250cacab495d3f08343a1690d06ea94ba05eed7b5e14,0xc2c07704419dd6eba2edf5aa4e472c89bc4001339d5afd19636709eec244d25e,0xbd3afb0bb76683ecb4225f9dbc91f998713c3b01,0,58750003716598352816469,47074,0x4275696c644149202868747470733a2f2f6275696c6461692e6e657429,30000000,15354443,1674980399,78,14347160667
16511243,0x3f406ac11bab2f5b528a5dc43f549af5dc6932a41291e539e740318ae456c9a1,0x981a2c1a23318a903b7151b6c21bcd6e2b2b2c5a989a7a9910b271053062d9df,0x0000000000000000,0x1dcc4de8dec75d7aab85b567b6ccd41ad312451b948a7413f0a142fd40d49347,0x88291b040550926c70283b8bc9150b2a842d37136a05e0401805a0408c058518132e4322b094d65360c09a894a922180c26104decba2e8880a00623528fcab01212240344c4af82c2862509d51304120a080844122460ad30b414d20c0010891075cbb060e0262a37389805a00ea0a35ca4d18054460244093000711a4a8a21424c253d2028b14140c5a8c801a011c3b2208081185418f0c6e30a868c1305590eb0a41004005ea29351803d648aa864dac850820642a1826cc622a6d07b808098f4ad10201b430d204021671258033a0624a92c818af0891430b096201b1e0c4307aad0d89008060004516904823592cd0ac4960011a884200edbe71e1c33e08,0x323186f5b7e07802f4ef0f71256826ab5005e6c47980ca22805bd951f0732ba3,0x61a07bfb4406c9bc0ef07a963893ac6adaa9a2352880137da5638db9a6c105cf,0xc2daed30248d402c78f53f1a3c21319f713bf2f1474d3ca9ab942d05f530ec2b,0x690b9a9e9aa1c9db991c7721a92d351db4fac990,0,58750003716598352816469,42023,0x406275696c64657230783639,30000000,9073800,1674980411,96,14389537755
16511244,0xe4afdfe511e04cf5ee906ee5a9e074ecc2a901997afd7c42d19adedc30b2d51f,0x3f406ac11bab2f5b528a5dc43f549af5dc6932a41291e539e740318ae456c9a1,0x0000000000000000,0x1dcc4de8dec75d7aab85b567b6ccd41ad312451b948a7413f0a142fd40d49347,0xb473d53466fcb33effbc7195f10d7b290c135e4cfc060c50b001f52a162cc42eaa8987e2c40986f1bcacb150ae78051a574760838ae9699a5b517607367ee7451aba50d2a9c29cfe2caae9bfd6544a791eb6449edc546ba289e0ae109b500d83de249063167e943aa48faf9e18702aefd08ec8b854114530d243b710171ac306173f165b6772131c9cc9dd344287bb3ba220a8c9c78d362d52a71d6a01913bb9afcca173a9906d426b154be57a2cb7da5e44c75c22af08f6c0661bb253c15047c5d53d820d1f41ba11481dd20b915736d46cb3da99ba839ddf2ccd62b2256967ca3eadc938650e02380d46fa21001475c27da1c004db21606935bd50d517d6a1,0x37a622cae82730df88822fcef7cd77d84d1de6bc1f853dccb89e959eee3b9aea,0x985049ee7a552d0c0a31d548b1e5c22ac792dafeb77a5312acd791636c9dc6cf,0xb3efd98bcfc6e6a7a411227c73e62deb16970b7a37c65622d504c9aa100304b3,0x1f9090aae28b8a3dceadf281b0f12828e676c326,0,58750003716598352816469,83266,0x7273796e632d6275696c6465722e78797a,30000000,11818276,1674980423,145,13678910433
16511245,0xc25cb3d9dc112d4775d0ffe082b813a1bd4e1892edfa459d05082044077f761c,0xe4afdfe511e04cf5ee906ee5a9e074ecc2a901997afd7c42d19adedc30b2d51f,0x0000000000000000,0x1dcc4de8dec75d7aab85b567b6ccd41ad312451b948a7413f0a142fd40d49347,0x8cbc36837ea77f2c14f8754684b88bbf42b58e10e833c52e7c6560d0dbc70d045796815860e2d650b08b37caefdc49875f724dcea84039327f17944a05f2ec179a09ce384ad81d6e6b2b70ab45a470fc858a42638cc6bb612604e523caae6b170287dd3422e3500c44edd00c2b760e79242018109298a51186801ad0859ddf6c0613b794dffa511de0ea0f961252d25cf680bb57c543306de92100e7637173e69a0f9d14d6e37519fb855bf09fa2b507835c28012e279a824dcb322f569cc102af78e8b3532c5b8b448481042423f463c4eabd6a1fea881d4aaecf260007fc6e463aad8a990467cea955abb599c55d3dd6c9c360a6ab2fcc64eb4e87e41f79d3,0x15c484178469af7b076ade3d5a63e9ea0519f8f44deec8ef33cc06bc0945ed11,0xf88b572be8b5810de124e796886d44a4cffc2fcefe1b2617fc375b4f9aa6ed2f,0x61a8a7f6ee7a74f32ceb986b8299c00a170e56aa8836fbd9ece3364e481bfb53,0xdafea492d9c6733ae3d56b7ed1adb60692c98bc5,0,58750003716598352816469,70140,0x496c6c756d696e61746520446d6f63726174697a6520447374726962757465,30000000,25446918,1674980435,123,13316222787
16511246,0xca04dc5ea985f9b9f9876b7f68f19a2bbf9b45ca58398ca30bd2fec7afb842ae,0xc25cb3d9dc112d4775d0ffe082b813a1bd4e1892edfa459d05082044077f761c,0x0000000000000000,0x1dcc4de8dec75d7aab85b567b6ccd41ad312451b948a7413f0a142fd40d49347,0x883192114182f328821a2502a2171228051742c4901284034081a4b0bf2e851051ce04c0c04b42024085a51b0216099eae0181848a602e911612129020ea205b82d842097d18122ce91141b84b01a06884434a04b85abc442428014081701a201a165b911203c45286228d44a40a8969e41c6848dd694c2022340458c0daeaf61a0c80450312032e0449d10a69d2020404c2f0e9f951c24d2901de510198a826ab28510ef3846a1068d0c2c57a87c484a45942600811e10ac2e1003252204410c112b1de042d085a106990c251369242f0564a7194f9005d51810b324042f021d493b45919a1220132090ebcb0230a901100c1281b480248760aec2ec7012c1d,0xfd823aa9570696a44567a61e4e07bba3b1dcfedaf40a675d1658b95ac54397c1,0x7f56d76237e3d07b6e7f41018dd6e1513941873613d7d74b504804b4b555f62a,0xe6c71ab719ebd18302882669379f72eecfddf9667012ab1b444bd95980c5acb8,0x690b9a9e9aa1c9db991c7721a92d351db4fac990,0,58750003716598352816469,45640,0x406275696c64657230783639,30000000,9219950,1674980447,100,14475501849
16511247,0x1c1415eb4bcc077cfd1ce4560c4cc65151a4f64694509d4c1834b683d21ba30d,0xca04dc5ea985f9b9f9876b7f68f19a2bbf9b45ca58398ca30bd2fec7afb842ae,0x0000000000000000,0x1dcc4de8dec75d7aab85b567b6ccd41ad312451b948a7413f0a142fd40d49347,0x0669b1402067d008701000438444322014c010092b49829d0189106045421113290a0101d0cb00584b90940d4b1415a503118080bbc46901120011500966a001809b029124105c2ae8a3429ac63540288892500b30d54c4418819ce2b1491c611e856c040f9b7ee2018c808801a068311800015371010414906493921d0a408d0e0083902307911ca4c830260113806914418041cf10208c4431485e451208b59f8001f71e0471c0d20993e0282284122659e0a10921ca32cdd80c923221003019f4b0320c9808d82080850a0586047202a2b273109c021b10809912ac08600005b0208d069cc94412550ea08003182880ac27001a7c00529019095041165205,0x3753c07bf2cf480035fc18ae1bd29e2503f3e27a90087dbe200c2296d84c95af,0x2acce261460cd938a546a8b80bb14d7b415b3e216c0e0d218c4713b7efb6643f,0xcae71c24990698ca7d1ff23545903717729246f9765c431c0673e01d1d14faeb,0xbd3afb0bb76683ecb4225f9dbc91f998713c3b01,0,58750003716598352816469,35477,0x4275696c644149202868747470733a2f2f6275696c6461692e6e657429,30000000,7658650,1674980459,105,13778259146
16511248,0x507b4821310397a7c8df818dae9387cbb5b400a1d649fd79b5b498f6b5ce251d,0x1c1415eb4bcc077cfd1ce4560c4cc65151a4f64694509d4c1834b683d21ba30d,0x0000000000000000,0x1dcc4de8dec75d7aab85b567b6ccd41ad312451b948a7413f0a142fd40d49347,0x59f7fd4d279399ed31f07b8dff054aa938733199657220a6bd4be9435dae95ccea677fcadc718009c5cf29f8087d2d04b2eb6ede9b32a48e029412707cf9a8df64806a1147af9e3ca8ca5a89df78a2389242bec583c27a0be199096098286db69f4330601e2eedbfd2d522361c2d897d47c0df4d4854fd110e55c7f10cbf6394443156faf73ad84624633c9321f0b5c7b058ac95d9634e5e251c17f093306db8bba8cf1bb5366a2b1d60ec8e73eac6c6344568978eee8c5ad873494e72b8c473e07c4cafe739134328a386028ac0b4f1e8e9bbf898cd7c11f115386f88c4fc334256e99d8d01954e20c5d05be6db90b489f6279cd8cbd362b8a4fc70fac57687,0x2b6898a0c12e7a022b6df2ff821ac1a6f0dede4ff0707acf6617084ccbd4c00e,0xd95aa3452971ef5b00fcc2aef216140264251d4c8d399dd8d999d8f6342c481d,0xc6a08d783ed58e59f2217b35a671d080a69c42a3a1654c6143a5d1617098c165,0xdafea492d9c6733ae3d56b7ed1adb60692c98bc5,0,58750003716598352816469,50594,0x496c6c756d696e61746520446d6f63726174697a6520447374726962757465,30000000,29993867,1674980471,163,12935333957
16511249,0xe9e4559abe402f54f3b9a40599d62a4f606399b1f756e8417839ce5b97df0b72,0x507b4821310397a7c8df818dae9387cbb5b400a1d649fd79b5b498f6b5ce251d,0x0000000000000000,0x1dcc4de8dec75d7aab85b567b6ccd41ad312451b948a7413f0a142fd40d49347,0x45296410d940522ab06812c2ddcc306b44ea2e018c0848002223e0842d866d02707b51018802c411416133f64a384371262b40808a38bc7237b4410734beae38201accd835581d4e6a2363aace5528a880944288c8440a5009105773d162381d83103010020a2c8300c61082a8c42839a8428001007dae30d00040f50c8a40c28e13b77200ce865668485c44111a30a6b1202871cf53c0f96d60886102b10946afb811c5c9046e9b323c05e81c27a68da406d4002047b13ab1c25fec558454a54f10c40a059950ac22078044002e72e44c4bb1705c88b95501988dcb6328f8502873f908008a0a9c161ec78209039da08005c11003ba26c8c42b7d1ae5245c88,0x638befbf5a6bee3680c585b207128710325f1628bbe367c5389f9c936a84f918,0x346ef34eb6566335a85fc62949b4a1c9964e4671841c84e100711e4a0f96bd9d,0x53563107824f8333a40c9506a3a8acb21c74d601a73bba3342f6a34246537caf,0x690b9a9e9aa1c9db991c7721a92d351db4fac990,0,58750003716598352816469,67906,0x6275696c64657230783639,30000000,9960177,1674980483,95,14551589598
16511250,0x3859a55f2e63cdf2afe0b7e48fe5051e0efc958e0ce1ee54532747786a0f5d32,0xe9e4559abe402f54f3b9a40599d62a4f606399b1f756e8417839ce5b97df0b72,0x0000000000000000,0x1dcc4de8dec75d7aab85b567b6ccd41ad312451b948a7413f0a142fd40d49347,0x382146112250905cf0128c1186846065a423e253c89a8080dcd103847c000c00587815008608064004b33118898801092a832066dae3ab912850802040696c10a104c5da4588de5cf9f26499c7a13a6000811105c5500e001499040489040cab127612a00bea582a00d8080248811823c0070ce451420c028002881bc98cd0743604025310ca0205d0c5160380e5213531141699cbc284896a266d4032303c22dacc0902b8926a061e2180d04024bc981c40c40418093206004308901496047017309112041238802d00105218163677454a13e2188d14d5410698228aa3e000113ba109084d000b201e1bc401813c218b170101504890c01e81ae03818154d1,0x852b4ce46a7a86ed6a5bc74b3ea41398f723bc00fbc4443c8dacf24a3abf5fee,0x397886f8ea46f56cde1fdeadebe3fe1482ab90080f8bfba1b2d57add1c79bac8,0xd0890023b1e2d9a122f41088b6f5e4efd601a075c6531fa57d42fb0d5939be4e,0x690b9a9e9aa1c9db991c7721a92d351db4fac990,0,58750003716598352816469,47469,0x6275696c64657230783639,30000000,7883272,1674980495,92,13940444299
16511251,0x8c864de7f651a63243a5d138461283db2d9cf8d22fba51369298107b9b2288d5,0x3859a55f2e63cdf2afe0b7e48fe5051e0efc958e0ce1ee54532747786a0f5d32,0x0000000000000000,0x1dcc4de8dec75d7aab85b567b6ccd41ad312451b948a7413f0a142fd40d49347,0x1165c842c008707e61a8051188115229890da28205d0a7144a8550289da441603caf33892c208b254708ba4203145f210a71ac093922476a83729235857e302020694036cd18536529854c4dd4732060e88824e4c3602ba04a06b945a16589598250b930920214a002183185420459458c8a2857d8e4642056add0132ccaf050da06a04002afb240486d1100850a011db180f5c741c6a29e251018677d901880ca08e103b5cc6e0ca809e4c42021e393c70000224cbc1482150240e34290c10095012c0221831c50b2518651005e31c6426f92d814ba08b820056d2a18903417a8dff889819080861a68e456e165880604440080487aa44a411b0d24e1052492,0x9c238a2bb979a36c3367b8295bd026361880db1ab8088c2ba5770c44077a05ff,0xe8285522995dcc34df91f94e569fb619efca997ee0396e5a123721a393d04b42,0x2aa8fac4d3074edab88420088e2a6e1782d040dc1cb038cb3d1e46655d2e288a,0xd2090025857b9c7b24387741f120538e928a3a59,0,58750003716598352816469,26927,0x6c6967687473706565646275696c6465722e696e666f,30000000,29990671,1674980507,66,13113691381
16511252,0x7456ad7ca370df683fd1cfe03f58902e078d3307f9235fa584b1c4cb46966877,0x8c864de7f651a63243a5d138461283db2d9cf8d22fba51369298107b9b2288d5,0x0000000000000000,0x1dcc4de8dec75d7aab85b567b6ccd41ad312451b948a7413f0a142fd40d49347,0x13bdd156f2aa18226834b848fa9733e9446367db705b9f2c0f1d2936fbc0c939dca36601b05624b4c0ad67e4da970978d6a35c039bb0b5d09601504cd13eacf52036f3d4d184d33dfba5deddd57c35f0a2921692d7429a683290fba5a2b432711b9ceae8725643b7075cc0027c314e616f5410eb51de2620d7cdea781bdaa210042161f0871b7954044b8c0e85d9ed2746429bfd0d0e113c8604896e55f11eb59bcf454aeba776031cc95aa0d562d1b404ef0044ffeae99a7adb6b65d00900a8e351fcca006716e5680e0bb7089ff1eceab876d8b8ae3d1b3000f92bca2bbe93349aac6a8125b7f0305b0a504dd5bc87f53ec1c20f8b05f4bde17c62af9b6daf,0x31b2cebe9e163aad3ae7b1ece8c4430d6eba12da5d7061849b8e88c308ae0ffb,0x46d49e93b7b791f7db422d0ac4955bf802612a54b315431dd0ab876cd0dd2d52,0x52f0501d92d576ed72f32390a678d4e805bc7a5492010c0148683c8920cac3d7,0x4675c7e5baafbffbca748158becba61ef3b0a263,0,58750003716598352816469,49578,0x506f776572656420627920626c6f58726f757465,30000000,29229624,1674980519,123,14751883323
16511253,0x206221ab2697b34572aba4fd08e6f5209f2e73da2b3b8a76c30a4e668dc85c43,0x7456ad7ca370df683fd1cfe03f58902e078d3307f9235fa584b1c4cb46966877,0x0000000000000000,0x1dcc4de8dec75d7aab85b567b6ccd41ad312451b948a7413f0a142fd40d49347,0x01640144c00898e8b0012000c71c332b201422433808c208102951007c240132401211058010000108c21108082081a08a800089da029814024842124272a2c04880d018000850956e935189442220a064f00010c7541a00048104018d102c2b0244802103035b0e00810004902008b5c824a94080010450c28085510c10401000182330021a1004042c0140089a082014129681a142402864260040423148b09a0a0d4231c26da10a8142e40528801882445a8d3874220201020cf610240020d0008d13010101980982a106a81a504400cb98ca10a8001d8420390688422005a072f03a8888ea18001853920105d408cb0481020ccc094850400c004006f0ab,0xe1aa17d1941e7bcce8b29af2a1408f53abbc76a7683b18e5960ebb156358cbda,0x0e11739a2f19ac2fa37f4ab219dfeb50d3761194d28cdcf141e38c6d11e25245,0x2af567111da475d718bcd75128965ec6a39e808cd35fac98b6a358b09a9f0ed3,0xfeebabe6b0418ec13b30aadf129f5dcdd4f70cea,0,58750003716598352816469,37361,0x68747470733a2f2f6574682d6275696c6465722e636f6d,30000000,5898779,1674980531,82,16501164597
16511254,0x82eceb2fd372911b1c6e538768a4521c9528b759b738fef10cc4a69323660425,0x206221ab2697b34572aba4fd08e6f5209f2e73da2b3b8a76c30a4e668dc85c43,0x0000000000000000,0x1dcc4de8dec75d7aab85b567b6ccd41ad312451b948a7413f0a142fd40d49347,0x4b290701c76df0e860201505c40c02a8c0282ba0c80b820471b1439126158704486420308d14552222302c01c290c1b182a12079db10e0f216c162369a79a608cb7ad150d3881a2d6f23e4ac1404342aa08f6a4ccaed095032c018e99c20085b03042180860f400307aed08708e20ca35800c2d429504414818024f160b8807e13aa0141429f2a74d4ea9e27012a8528541019230f542299281c0456521a2b888edd0505010069d2820800e004028e882c7048404022b2028264acc0443cd0a140724106010d00a1024d412092c490e04040c3c198ae0051120c29624008b8b06cb26f3c8849209500c59ea0290e2b2c81003348c0284644c8613dcb908f04a0,0x7b158b2884531ab76e65e75456c7ff956bf146bd1ace4ccfb8f9855297bb6a6b,0xae2b18f2b0721f525433ab1f011ca1d2e02ff4d2454357bd0e1e2032d109516a,0xcba91838fdb775a4e346cc81b2318625962e6810e4f81d6caf69f4424be16ab8,0xdafea492d9c6733ae3d56b7ed1adb60692c98bc5,0,58750003716598352816469,59564,0x496c6c756d696e61746520446d6f63726174697a6520447374726962757465,30000000,8442578,1674980543,101,15249658383
16511255,0xa7e639d627539a6a8b929c8b219f14b56e502a8e8edc8a29074ad6299bc3b568,0x82eceb2fd372911b1c6e538768a4521c9528b759b738fef10cc4a69323660425,0x0000000000000000,0x1dcc4de8dec75d7aab85b567b6ccd41ad312451b948a7413f0a142fd40d49347,0x192d5439ed8ca7463993e560c724403e4427a009684a024811f0840c362208001408830088412012803b7f500a6241e28601c98d8821b9800220507110bead1632aa99084ac2062d790362da1e3070e1e82060014a440830328a6c24ae20388356401e60022644ca01c69000080809f3c20e086a10b04c60c2402452462a61429c4013d3006252541009360428d254227848a089414106c86820d842083803008b0a9be083b06c0b060a43e11cbab9c8260dc8046029084a31e11e46018997301b1e8202382980a045000201a5255033cc6153c095ac031522c868820b50f1a40c3ab18808083180a04973c043021360843e850841598644010a3e8f83411400,0x758603ee7935f5c210ae28aef2e2e66c91251b2e970a540bb9bab41c9b0a4572,0x82e6f05415ce3c6ca8f63c37080f383c1b064f578f2dc38359943c3520eeeba4,0x2f7c0587b104d7c23263410229c37f81bbc0da63b7bc6dcef0f8ff16c8812144,0x690b9a9e9aa1c9db991c7721a92d351db4fac990,0,58750003716598352816469,42203,0x6275696c64657230783639,30000000,8038021,1674980555,94,14416338005
16511256,0x23327b4763f9a6781d2ddfffe6595d8784c239014574a05f8ec925b4c80cad4c,0xa7e639d627539a6a8b929c8b219f14b56e502a8e8edc8a29074ad6299bc3b568,0x0000000000000000,0x1dcc4de8dec75d7aab85b567b6ccd41ad312451b948a7413f0a142fd40d49347,0xe8234682f0499864185a88c0e3b179a89ea0049b2c5b921a2c8993211d70fcaa010e43099f330d0502807f9d8a6d1db7d22150aace28bd00012a583004babc6483c9537558d01982780257ddd1346031c4dd428ba6433a7442bb65938af27a003e42a0461272462a8e749f8604a488ab5406007810a00d02132c84d04962dc075aa2035120f31d14b74f52035582803c4482a913ab3800186e61105e6010003cae1c218dc40afd1c0a98cdc0fd228400859d9e52cfa0998350495c47d210f010036004fb0d316ada2900029228c75317e012b2d317ec20dc4065190238002869dc3ba44c03208758410d38a293879882a47928c052cad142b9531d20b9993423,0xe0837e4217fe2bbad3f205e2c0a70c683d77004064f8b72406d0f398ea3a38e2,0xd1e46e1d4089dc0203b9b2a09c02d543f10e52b10a3445ab241589140e40756b,0x69f99c8c0541e708634c0f0cd8b65bc025708943ce05d0b7fe91486aed351f1c,0x5be9b269a83018e3192d6139dc6431de5656ea8a,0,58750003716598352816469,97287,0x4d616e69666f6c643a20636f696e62617365,30000000,23773097,1674980567,129,13579952652
16511257,0xd3a91646123bac21da812996aafaf6cfcc11e46bf13996c751ed8088e1e1f29a,0x23327b4763f9a6781d2ddfffe6595d8784c239014574a05f8ec925b4c80cad4c,0x0000000000000000,0x1dcc4de8dec75d7aab85b567b6ccd41ad312451b948a7413f0a142fd40d49347,0x48ab0011420cdc7c144810b2c25411ed8021f010c08742c20617c19095a615e5196c94a3822814494cb3c50408400959b2690600899a594148c000704b3aa12010090550432cd467f9a1d3bcd401fda080ea4000d670180347d06847a4511819bf2200009306c61a150494ac60e61be0640a8ab690114528a2d0097e14786c018a8891c312b2a544144cc8014f93c11584004a855540846e2a722848ecb8000dce0b7949d193ee088c8264a0bf3ac42daf24c82063d204c29de16ac68c945410689ab382608000c1000040401c0cd9574c7282d41daa99bf0040dd7a104eac29d41aa0891a066a92100cefda29b56a40c6280380015804e428569f01a507a416,0x4c1735a1d81ddbae87cbc62b6ec395b2c226dc195d495db5968be8ac62d00872,0x9989c926e2330205f007e4c64b3c45ffce6e2d7d7f9bb809805ac2dc86686e07,0x0066dc1dd2e84d6df265d75cc0e06531056c57624c5569af2b6b0bffd30ffb2f,0x95222290dd7278aa3ddd389cc1e1d165cc4bafe5,0,58750003716598352816469,40564,0x6265617665726275696c642e6f7267,30000000,8784036,1674980579,139,14572771334
16511258,0xa2b46b12206a98d110702745f45119830243da751fc9e9e8aba7857f8093f716,0xd3a91646123bac21da812996aafaf6cfcc11e46bf13996c751ed8088e1e1f29a,0x0000000000000000,0x1dcc4de8dec75d7aab85b567b6ccd41ad312451b948a7413f0a142fd40d49347,0x14af2605212e9279aea0952ce63a432b02230809b99226a10559810a6886d514c39c0d28e68268214a3573484a04397c9a299a8a9ab22944a20390182169a290ed8b4c904bacd02baea142be4c2121bf773a3bc09e522e6d6a7301a5882a18e31645aa3a522698d6880751ab1c6c08f9ae2c35d7703acc5282c31837516b592504e4c14e5223187432400b83950140271854a8418150421e2983d27260912235aba8311c59037aaaafc2e0f0ca30a09b368244886448d0c2a0f18c6a3a008506f71c00624cc8bc808d4141389f5f04c040605acb3e9e541ba066183248762cf2b510a1080130418d799e06e600471889ccaa0360131d904946147f43a1b90c64,0xb6191dc127e468cd1b641460296420950c58cdab0ed7fdc3aeae3edd82a1f7c7,0x33e0ec608e1f2098ce4831dc3ed1fe56dd861263d8a7b6ef35b92c9c62d37200,0xd3bf8728a397761fd7f1b5c70f0f997a6112f16e96de62b1bca73d867a1298b8,0x2f777e9f26aa138ed21c404079e80656b448c711,0,58750003716598352816469,48983,0x506f776572656420627920626c6f58726f757465,30000000,28797659,1674980591,124,13817906151
16511259,0x0e5e8e8528408c1dee93f374022688259f771116bf2f8ea75f762e5460851197,0xa2b46b12206a98d110702745f45119830243da751fc9e9e8aba7857f8093f716,0x0000000000000000,0x1dcc4de8dec75d7aab85b567b6ccd41ad312451b948a7413f0a142fd40d49347,0x14310025c8041428f8280c12c1991322608402292806020049ddc185c10c852850020508a0214102c621f7e8e8360b611f4133a01e1cab013a80002134bc20041a1034853208181b28a3b48b7601a0a00c2215c66c56f23840421cc0f8503803330b0240c202a55a0484d11c108808a1821a433230518502e29104910c8c83400ac1a35f06824544d5ec0f0e39569265f4043021c140160a6662054842103426ab0c4143b1906951a20000f1e9228c8924f8025472b8519244570e963a97088403398686c28330c05062a05208440e2048d5164b12ec0a1d44011902480874028230b00a80004a80900d9fa448849a28a1a04101102891c41189ad11c871dc0d,0x95aee539458d6c6c6d2e1505e0f34501de59c119c60d90725f3c57f87845eb09,0xe833f630d11b1cdd88097e561adae3ecd972e55c8b2c9c9b4bbe96f523aedce3,0xabf4875045041da5d97b89034d64e938cd156acb84dbdba95280ccfa641785f6,0x690b9a9e9aa1c9db991c7721a92d351db4fac990,0,58750003716598352816469,143234,0x6275696c64657230783639,30000000,10395088,1674980603,114,15406695794
16511260,0x3984f965ec8f863ed5fb6ab9757053199ac747b17ffe16344e9aa3eef2971001,0x0e5e8e8528408c1dee93f374022688259f771116bf2f8ea75f762e5460851197,0x0000000000000000,0x1dcc4de8dec75d7aab85b567b6ccd41ad312451b948a7413f0a142fd40d49347,0x9ae9e15780218a78ec311454960023ed63e1355a28624f084985102062ae6120509b1c1394a8a11261e367d17a28fd1d82e18c969e0520a0fc985051446eaa021800e281ce28903eaae1588d8c612ca3508024e1aa4e4f6122c21b44a0670e21be21166003b2a02aa68880c0300a8d6c142269a08830044ce622d5906ccbf2b58a68b8406c8a14b504c2accb0d072136ac4a28098943103c2e168e72db130840da48312391926a2b312641abf3a6a855b4c608a114b2966aff625d4e68c604154a58b252902d66e0c0128a8b84583076480132ec96af10ffb000f8222fcd626ac012e28d00003c888c2eee6c29a23230c4470193964bb64ceb3d1d52c995ec08,0x4d76878e8624fff6532755f60b6753ade3138ea7b45ea25db208954fd1af291b,0xbcc8932741f10aee0b5730556e5c9d2eea80374d7e9fa441e3e9bf30e8e8dadc,0x72ae6dd94237df5e434fdf193c4b45a7144fb4202c5efa39877566321f064116,0x052c7e3f1ab015dbbc8a0cf1ee647590751d4591,0,58750003716598352816469,46187,0x,30000000,8723326,1674980615,102,14815475142
16511261,0xdb09a7a1bdb42cfd0d0b184cb9b6a108c11d770be3b4b70257feb5e94e77c88c,0x3984f965ec8f863ed5fb6ab9757053199ac747b17ffe16344e9aa3eef2971001,0x0000000000000000,0x1dcc4de8dec75d7aab85b567b6ccd41ad312451b948a7413f0a142fd40d49347,0x0c2205437704b96430182230b5040ca8134248d02c0b6481700180196e32a191443915a0fe62040a0cc98937cb1a0d119a0008febf37e40f022688594034a4e84a42641801830eac692942dd4060a0a85f0649245b541e127b807306acc18820df1d0ec00256e8db1495963d20a548e1c9144a07e31e4444c6012595a95982bf89145b04c2ebb5c7956d1e4a13ca2f049020eea32be69c284e3088c01a5a39a8ba8f954752006a30a28348f588b4a5448279051679005e47ec6eacd2581c826c33329f82671e5df282d0481c0607c131c26612d070d89099838f7b3b1c00ed533511bb0e14a00789211743a142131d66b1e0cb9f490cc4cc043df8d9df055487,0xf200e96b8ceb93b1967ec4a8bbba8eaa43fc208f0a7f5fc8c77941b87c6bfc6f,0xbc5929371c2b322be89a76ccfc404ffee69a711df018ae1a9bbbd41f4dacf303,0x804bf50defb4a719867357f9a2ff69e76b8516ee3ae4407e2b1509f27f2dc3bc,0xbd3afb0bb76683ecb4225f9dbc91f998713c3b01,0,58750003716598352816469,52901,0x4275696c644149202868747470733a2f2f6275696c6461692e6e657429,30000000,23055480,1674980627,80,14040542579
16511262,0xbcae976be85f24ea42e1a6039e154e2443738527053e349c3fe6b52a660013ce,0xdb09a7a1bdb42cfd0d0b184cb9b6a108c11d770be3b4b70257feb5e94e77c88c,0x0000000000000000,0x1dcc4de8dec75d7aab85b567b6ccd41ad312451b948a7413f0a142fd40d49347,0x692704262c0404da22220502a90148609000281024010200528140001126a85069034518081060000e0024d01d3209650601048288013080500c600ec0aa202230c44801004151896e2162ce462821202900402000c40a40000001019180100156008008139a854020014509090808210009481406c83501c003001008380400414501c0600a900402080c0814e080219440c80921060e5ae2044060109050208b490100880c6704980400e024a093080dc740114000285a13e1a804148030102350a1d20208018855005181c11e51824000124db0890831044009a300013410b418292802001a4009180b805380992080042100101800460a088c80f581a401,0x7da813161560efdb1d065cff2c7d4406147604e5aa0563fd9048c1c8d3485888,0xd61286332b54a2bbd5c90dd8939ca670bee2f6a5d166ac72f654fc447e304626,0x1ca6774f00a0182aba868298b1a60c87b645fb5ac447583d5366386d005bb28a,0xbc7512d55f39bed9ca1600ca6321f47a23977338,0,58750003716598352816469,28536,0x4e65746865726d696e64,30000000,5481947,1674980639,65,14983070161
16511263,0xa9ceaf360d0900e8732dc0b31fd33ae7532f04e12d713fd7df86e98a03728f2f,0xbcae976be85f24ea42e1a6039e154e2443738527053e349c3fe6b52a660013ce,0x0000000000000000,0x1dcc4de8dec75d7aab85b567b6ccd41ad312451b948a7413f0a142fd40d49347,0x7d2650a94180b23abe3c35b186b5ba6dc269a0b3f9180442559ba24b1e829544577d89a06a0e0a0104e63e1aca912b6a1aa7288b8b8f29519f00223626beaca1f98cc9bcb04368baaa9b7bef763ffa6a8dcf020336522e092401278599b814f11fc29dc3163f8db00cc4d1114824c8f99649189391f08c33b547c653804f43b64d01965f932b823c10f96356052763e77412b521e96084e86675354b6231b127cf8e99e0cd83e93e3abffce55b7b9d7fa18bd8a944f83cef49ba2a5b24dc407013195a3651d860e68830d55ba4cfb6b6418bb2f9b2ef4119603489ae83a8bc64e238b01d1a93cdc9a2cddab686c11a3483f1db1249ea8b4266639809a9c0388a,0xe58d0632e9931ba90da61b5d0fedaa93ee22e02272c435c54bea29697de0df4d,0x5479bbc92e435f8d9512a1b56e99cf1989d99d4ef91eb119ac34df3c4dae9d8b,0x7ace75ef5afd5651d6e36b019acd9ac6a69d706d480d40189856a57fe08ab024,0x95222290dd7278aa3ddd389cc1e1d165cc4bafe5,0,58750003716598352816469,91074,0x6265617665726275696c642e6f7267,30000000,29770902,1674980651,122,13794656362
16511264,0xb432a8c7492d4e9e8fe5eca38ef0c8ed48b0c25eee800638727a5588096d563d,0xa9ceaf360d0900e8732dc0b31fd33ae7532f04e12d713fd7df86e98a03728f2f,0x0000000000000000,0x1dcc4de8dec75d7aab85b567b6ccd41ad312451b948a7413f0a142fd40d49347,0x0d35010c88870a587c601550c801133820a059b20c00a12240bb209261a2472070e2050b2ab08900446813196e202f2402010000b862ab333000f48944b8694867585000130c0d4ceba6d08820c462b1888753849cd11a49ec66ec41a86e3a00169083000b6af296018e4507080ec82b62ee90305a521410d3340a5346e86345cbcabad8050e151550c60f72b380283c80087b9b837042c861a0524240f4402adb2d31631c18e3275a5685ddbb2ba5faad004e89110fcc4208d0c82a21e0404d261c6452000882d3a0010820031d50e6608d526a1c8d52b716420d063841346b7832343804a46680cf848fc8106650a0ad21153012c80265c089fc44a2163489,0x6e807ab4bfa4e0cae431a5c62e8184c2427635c4b9821bb768de0c08d6773bf4,0x3103ad44af3bc00939f6ed14dcac1bed1f7687647a3d9d7d68a7860342951f78,0xc6133e02a8c03af94295c957e928c739b6ca25f2d972905c6e60b58711b07a3a,0x690b9a9e9aa1c9db991c7721a92d351db4fac990,0,58750003716598352816469,75019,0x6275696c64657230783639,30000000,13680659,1674980663,107,15492652339
16511265,0xe2d9ece34fcd06274c797dbd96067b079031060c4309e17044f38e80c4448634,0xb432a8c7492d4e9e8fe5eca38ef0c8ed48b0c25eee800638727a5588096d563d,0x0000000000000000,0x1dcc4de8dec75d7aab85b567b6ccd41ad312451b948a7413f0a142fd40d49347,0x08e1813289056a2c76105ab4a11dfbabaeb081932c8268b24029065f14279d8008901108b0c2a14200615b0baf804b123a410c428b013c002794080800fa2831024c4c902188986bf8a3f6f97680712544980320f4729a0114811c25ba4e2ed5da81871a12b2c42a014e9d08f8247961cd03108208511c2cda202cf3199ea82e621c87504a0202a484c656aa191213b204618b6d87e010596c3862464054113a8e4ca94d208b6441ee9745e18d7becea34848a227360d80202f00ece802888224730d81a4089408ac00038f22d03e29650a1d2ebb08a8835782499a62008204041b2b20e0bec51a30244d3b287053100a5895101114820d552f91c9be0373d62,0x5df1e5c1826cda66266463b5a05e4e8d81c64d3482568ac63e11df289e9295bc,0x6d557e54b82fc5640acc336a465c6a4d1295d888252d6260996f68d32cfe051e,0x082284624d08d72e9318c21a0125bb859d095cd18b2cb6aafa89216b874d1459,0x690b9a9e9aa1c9db991c7721a92d351db4fac990,0,58750003716598352816469,49937,0x406275696c64657230783639,30000000,9711880,1674980675,101,15322318244
16511266,0xc4431e92b6eac41dd25f52357dd8e0905e9fbd7755b00f8067f7fc21a92a1d84,0xe2d9ece34fcd06274c797dbd96067b079031060c4309e17044f38e80c4448634,0x0000000000000000,0x1dcc4de8dec75d7aab85b567b6ccd41ad312451b948a7413f0a142fd40d49347,0x09a0a9914840359010162050c4be61e48182204ab89410011d0a18430c7c0f013008574101402619cb0e51f81832096802c2a2ea0a29aa6b4248900074312233393e2652cd005ef8a9c702ec6d1060fbc08a5a20459042812542e746a9614120171521a1164680e102c56708e92c08d15d9442c109bec0c1e28e8e311cea29204d43804502031d08104e2828020a2e6783089a01db58610c68272473897820208f280130e98768112e00d0f74a464ea7ab604a76098810a6045189465126c021a0a87c9a141f329b2502109a00c411a044e293d023a889da190729342101f208c031e1085002a6045024850028034aa1029030d90458c3502821090484c43421,0x5c4638fe6852a3750a0216486fa9d22110fa2f11e2531820505251f6a9ab95bf,0x3bbdce8e43ad5c5cc7e513c1f6bc484046def8c8d19d6b992a9b9f56f2b5c2c4,0x996cf6a1b2d76680d53f98fdabe735b61f181400e757c3720828cbd047a95ecf,0xfeebabe6b0418ec13b30aadf129f5dcdd4f70cea,0,58750003716598352816469,26945,0x68747470733a2f2f6574682d6275696c6465722e636f6d,30000000,28930701,1674980687,49,14647099432
16511267,0x5d2251b1f38ae14094c83f8db9a110fd2b2d47ec49e70b6550575ef5efc3bbbb,0xc4431e92b6eac41dd25f52357dd8e0905e9fbd7755b00f8067f7fc21a92a1d84,0x0000000000000000,0x1dcc4de8dec75d7aab85b567b6ccd41ad312451b948a7413f0a142fd40d49347,0xc021009011ccb8b4b0a20020a834012846001000101aa030005900121d2a09080e00128d060cac29e60e2e204a21016003033024a8437327900a844004ba2018803c4110d4801a8cea0063a944a412b28080080005489e40189d1e05889020099a8c261082424428098010018120cca00015610205180425a29004508618644046d0834880ca1bc40068085334c2c82224008d8d03c1984908028d50c0b850a28e09014198a2640088a24cf01532a4a085442c705002839b4961780d108c08394058a082212220844a1a8801445f56535cc8024016a940150b0019623680b064c032b8d810044180000d12c445451f00c40809d0414b124c005a580b80116403,0xcd914490a04764f6674ad43ee4717d13b26077c19728b3a163a052f9425ad463,0xa8ce7710d27087fb0074deac1ce68a9ad68345bec0033c7825f0fadab5fcd0d0,0x1ad560e4df617e16e44492551af7b9e303ed0114aacdad3198a388925668ad24,0xea84d0e25cc74ce18c0a619216179ddb794138c5,0,58750003716598352816469,43474,0x,30000000,7718331,1674980699,94,16347469121
16511268,0x1ed33864485f3b9ca5dd48bff158b37feaf57c9cbf317cf886bd674316cb66a2,0x5d2251b1f38ae14094c83f8db9a110fd2b2d47ec49e70b6550575ef5efc3bbbb,0x0000000000000000,0x1dcc4de8dec75d7aab85b567b6ccd41ad312451b948a7413f0a142fd40d49347,0xc16d966d1fc0b168b67e10709c1fb47cc6dbbab948de8a13702b08152ce4ed40618f69cac00bc4204712b168389aefdda691029ada48fd2482d60299423ae4c86c4ac41d9d8c5b38fca34ead5e8041a584739a285ac0df43f4099dd48ca11c5ff7e396924be704fbc994594b3a0898f977691f3389e825c2a28284553a3a8c57426e33d8c8cf86176c69c96241960e3d482890152d40180c703aa9685037bc2d8bdc01539cb67a712a2ae9df497b87862c13c821c00924b73bc32e7b388c0f40430a91828d492ec00110429b2d4613a6d0de73f39d8dc89929060d5fa8ea2258eebea16d9e367f8aa1cdb6a732edb9a5a02a4fb731c958457480de8da725f541,0xe2c4cd5a2e9e3b524c49f79340eed90563ca5fc2134fae9152352d841ef5c347,0x2f4a8202401ff1adfeadbc7863d117af3eec6faf15c73a9b4b952757a203dc97,0x1b77b50f82c93c3ee0d16548fdf276f73ed80dc7bb9919000f1169d9b802a761,0xbaf6dc2e647aeb6f510f9e318856a1bcd66c5e19,0,58750003716598352816469,60443,0x4d616465206f6e20746865206d6f6f6e20627920426c6f636b6e6174697665,30000000,29621918,1674980711,119,15355495295
16511269,0x431f77d541eb393a66c23cf80d3569e9b956f1f370bfc2d6a3d2b17405f634c3,0x1ed33864485f3b9ca5dd48bff158b37feaf57c9cbf317cf886bd674316cb66a2,0x0000000000000000,0x1dcc4de8dec75d7aab85b567b6ccd41ad312451b948a7413f0a142fd40d49347,0x10a14010ca04905033c95e008558867b02e808181014e000600b8026acab3d1030450100c00511184400343c0908012aa2510c008b21a9000e121891006ea820006d301149019b8da8a240c8c630306ca0010021c6440a0121120c418141281102601a020b7b048240105200050038a1e40ec0615b781448d0000170109c01900b0084522a4a83159944040020104025270000893300444c0a20004800b588008e8a015598817813289102e382619d082461d04160b1a1f201822a1098044840c110b5420881009022418a0201539056414102c0148b02110c10080710826c40407ab25d188000217e1d06820423112098018322006c95e42101884094b25c03,0x9a6a7b8baccc05a817e4b9e023fc71b28f8df25c72ebbc9e0a7b44f1078582dc,0x8a3f64cf5a408012b5f1e8ff8df47fd34514790c9837cec689654e6401c05d9e,0xdc50de0d34c06eac7930a5e983e5e502ece5ab3d419f06352e338e134c5af5b0,0x473780deaf4a2ac070bbba936b0cdefe7f267dfc,0,58750003716598352816469,32808,0xd883010b00846765746888676f312e31392e31856c696e7578,30000000,7182388,1674980723,88,17226551903
16511270,0x0f06ca2be7ae080b48c42250db117be04d57bc13010346a482d11fc37771bc0f,0x431f77d541eb393a66c23cf80d3569e9b956f1f370bfc2d6a3d2b17405f634c3,0x0000000000000000,0x1dcc4de8dec75d7aab85b567b6ccd41ad312451b948a7413f0a142fd40d49347,0x202921600921ba682800302080b04479008224a0010020ac6025213c3c07dd05d0003210b2031148415392462b3205299f8141100c06a000cf28409118aaa408212b121cc4189919a9102aa96c743864852401609340142084030c4480731b310a0d0421274acd1a14b290a0102819ac72829256d47d0404502b141100ca01091ee8a240228a82048440444931ec186690008d85414800ca22106256541014848b48d18130a26c20880247b2343284018d0040e46003401241430d303000010002580657000a28c10391418005369432486486d8168a88190200af032210a0222090e88a042121810fc5064c20013a61d5bce052015e20c242883c8dc4252481,0xc97286d23cdfe8522d9caa36252a10bec9398d93579d08314ada7cc0a15b2990,0xb234ae709c453fdb0c9db07fc5b87bee99480ded655047f1ef62eaf121e9d6b0,0x52c4e670344752efb64dd4c53ab65e5e4e3d3149e23cb780f7f4444b1c3faab7,0xdafea492d9c6733ae3d56b7ed1adb60692c98bc5,0,58750003716598352816469,34155,0x496c6c756d696e61746520446d6f63726174697a6520447374726962757465,30000000,6793935,1674980735,93,16104297746
16511271,0x10c3e3e911a9951389d1e0e290c67107c9d1a7cbc766af85a152f12d01b3bcb3,0x0f06ca2be7ae080b48c42250db117be04d57bc13010346a482d11fc37771bc0f,0x0000000000000000,0x1dcc4de8dec75d7aab85b567b6ccd41ad312451b948a7413f0a142fd40d49347,0x48ac20028472d6687c050a408f2d263a15c872130c890486989de924e5a60111147a0b50b0488c5c61b2160456480d21823702229e63ed70a222a51bc73cba3a0800d142445add7e2a83d588c4200c30c4f800045a54584224895d4688c568a37a30a202c60f043a9114d35e10229f6f880a0874097424ac648085971ce859b20a84d71a126e9d1d257d8c96395200067514b0838348405b6d6418e4c21824689e886de75ac67a2d9ad3f5e2781c8f490cc142542173a90a81cb0f61702c0071523de6d24009186530018003007598d9ccdd03e018eabc741eb0bc0a5cc1e068203679181f0c00880d64afb840804100b502f30ec0c813d2789d0db2e301d199,0x0281410fdd3813ef9bf5df18317f3be836dc2d6e8bc6f812b9054102e62ea7ef,0xcc8b3c12324a2341e9a3af517b8529aa49b1a6f524785c00785df5676d94aeeb,0x41c506572409602e86ba253fc5071a24e0de56343a5b0fa497b6db8c9cc312c8,0xbd3afb0bb76683ecb4225f9dbc91f998713c3b01,0,58750003716598352816469,60189,0x4275696c644149202868747470733a2f2f6275696c6461692e6e657429,30000000,9875124,1674980747,115,15003023462
16511272,0x6a230c12ebf4dd72fa85d8c4564ad4e562c35c4d908843b77f5e9677819cf078,0x10c3e3e911a9951389d1e0e290c67107c9d1a7cbc766af85a152f12d01b3bcb3,0x0000000000000000,0x1dcc4de8dec75d7aab85b567b6ccd41ad312451b948a7413f0a142fd40d49347,0x1ca942c3a040e0611824727497348a6a110c4483609b971012091230cd90a64036103b0885105cc88113d25e83108946a22984e29a0628500e0048915c38a80c00046200c0018c7a29ca7b3d5576252004a531875340aa2920918e059a40fe611684043002038403102053320800c849bb8912060b702cc1d4028ad1183c881e021983520a0a39889878ca4b8410d080a0c194c5017e1b5a452025514b3e84ae9b9c85631801696f0212f9f0a811e5482441441460b098464c004224922040644768a04a300128aa28100b928454125c48c511c0608a055c4c245c0f4a15b050643431180094478223c511c0068b1822403550c185ca20c8448999899086ffb5,0x95c43ed2a05fe0ebd8da580dcdc06238eb3a9a89fc3ff495208ae5a66a57b630,0x6aea47a56618c12f8eabba4a9aec2878262cc637cedcc88e93c9141f34d02915,0xeffd669e8a0b590c15ba1b5bb10c68aea39c239ca9162d7a89dbc5e26e4ba807,0x690b9a9e9aa1c9db991c7721a92d351db4fac990,0,58750003716598352816469,41508,0x6275696c64657230783639,30000000,8355407,1674980759,96,14362284839
16511273,0x5f8dbb964f5644438345334a9fd439b82e4ab726a8e1980e46884cd114e94bae,0x6a230c12ebf4dd72fa85d8c4564ad4e562c35c4d908843b77f5e9677819cf078,0x0000000000000000,0x1dcc4de8dec75d7aab85b567b6ccd41ad312451b948a7413f0a142fd40d49347,0x297fd091236f7fd2b8b900ee94a5103456e72f9b2f0813f09109115ca74299bb347313e8b74310d264f8639d4a648d842ee18469abe4b64d02fc176bd4feb208698fef184015d9ee7bc83b9c4d1897a0c8e044e32ad066ca140c9a05d12b2a07df5c7608568e5df2b4d6d66108b288796e1c68d3f939142eb433cf3940bb70c57280a216a70f390d33eb8dca090225aca14ad1ed5f43684b04cb9e72ab1c25fabf2df9e794a5e98aaeaac0ec5bba879d5537c025fbea834b41d42e2f2c2e48a25b47dea3044a1afa9704dbc6946f9876fbf82a60d5e914f17e200d6ae2efe4e04012bbffa9208589c1cf53e4c237baaae1f0f1c8db4aa8caf77a3a2bd1d3c889,0x6d8e7358d780a1ce55c5258954864372154bd2fdd1d7035194bad0e87c57246d,0x09fbfaa06ad19f3731e2d647e446ea06360b1c60f8439ea89f6e254389062791,0x79c171203b771e37103e54f4b4b94a5163e498db056688e2abb520556c24c0dc,0x690b9a9e9aa1c9db991c7721a92d351db4fac990,0,58750003716598352816469,70841,0x406275696c64657230783639,30000000,14796261,1674980771,128,13567022029
16511274,0x64cfe0acbed54c05d603207fd5c9aa1d974a03b0cb9d23f098b3883fd7e051d8,0x5f8dbb964f5644438345334a9fd439b82e4ab726a8e1980e46884cd114e94bae,0x0000000000000000,0x1dcc4de8dec75d7aab85b567b6ccd41ad312451b948a7413f0a142fd40d49347,0xd5a34be2ffc55c7230dcabb9bf8cff6d325bde5aec3859e4f9c7fa10d5dbbe0487fd4bb3cb959bea7d4f977bfa9b29235a7a6436ca19fcf3a231b8eb723e79bf67ded29a70fe49bebdeb5ffaefbd69fee8830c6de9e65b4fce0dfdcab9d1b9dfbf9d8bf3fbffac839ac4d8f7f49df8fff8eaffbda2f5f66bdff18db71d8ecd548af3f7bb9e3ef8369f4b9793feebbe7aa67749e9cfdb347ed666bfd783db56998bd929b77462686fe30cebf567aedf8fddd7f328793e6d86fff5ee7396deb767df78ecb37e5472c57b8ed9ce4982dfead05eb3769efffafb7fbfed5b085cee416f7ffeaa9eaff9647e677ef28e49fcb7c198ff7be6cacbff696f0fb0e3f95a85,0x0a27008797d7fedcc4a14dc715202b0662179a2479b99b4ee910c8b62d7967b3,0xf4bfaff55f0877b8898143b56e7db42695d466697002ff0f150b100b481bd467,0x43c9fd79aabb4901c49ea1cf2cb76fff62891c4c53f3943cd7239ef60072d799,0x6b3a8798e5fb9fc5603f3ab5ea2e8136694e55d0,0,58750003716598352816469,99228,0x506f776572656420627920626c6f58726f757465,30000000,13777584,1674980783,130,13543987600
16511275,0x07540f1ecb490aac7cb107152ab4772fd6dfb7c70e5e16a1a1131f91fb321f35,0x64cfe0acbed54c05d603207fd5c9aa1d974a03b0cb9d23f098b3883fd7e051d8,0x0000000000000000,0x1dcc4de8dec75d7aab85b567b6ccd41ad312451b948a7413f0a142fd40d49347,0x0e291f12490a9a6a70203183aa31617f4d2320d36c020018388b6850fc04af4104062d048003888084e83990ea0609168e2141e0ab363c4960005383bb3ba04149195050a049580ee81af4f81cd01e2800d024ab06405a20280b2d0180a14a111a70900087c25412a1518d8888a00933e610f810476826f5e6004050189a61542a08c372070e8c15a5495d0383118124e5901001cb40500c6826f163403a40608ae81f8f22226e805cace5e25730c68004274a460068015b89d30a16bae12002481962cec740c8ca01c2100770ae728acdc372c73ec92c110e1869aee0806015b033a829015500241c046ac8992598218110950305e8a54a30512c00e485b4cb,0xbf2e4466274b1e0cf45605108a00579b0199075902d28e112befec31ce4cf773,0x4b6f4b5946734f33db4cae4f0472aed478e839469ca9aae9029b980509db5f62,0x588712425087752345b6cbf1caa2e8365fe082ce5a45690cd2965695184505c7,0x95222290dd7278aa3ddd389cc1e1d165cc4bafe5,0,58750003716598352816469,44707,0x6265617665726275696c642e6f7267,30000000,10151103,1674980795,138,13406017708
16511276,0x15e4c61142c4418bcc733d3dfa803c02f409d1dee767f0b3c7588687546acbb4,0x07540f1ecb490aac7cb107152ab4772fd6dfb7c70e5e16a1a1131f91fb321f35,0x0000000000000000,0x1dcc4de8dec75d7aab85b567b6ccd41ad312451b948a7413f0a142fd40d49347,0x34ab51971de89b78b2d1749cf7361af3957de88b6d09c68d75ddf1523f8ab4e5adb7ca59a0ed8a9906497e784bae331c778b69a68966ad730bca020f99eb3a718109d6154212da7fef87f1ab695f19bc84e24fe364cabacfdd094ac790773bbf7ab2683243c25c5f91d2dfd2264228e3b067b8c9747c1d2d9693e87122cabd50814991e2b6433fb4d4f0cd60f3938eefe7168a876f66546d8628d8c7037dff35afa9156c8dbb64082711eaf8f72a9dcb246c4b6eaf3aa1feafe3ca580d8f90704fd96587051e3dc78528811c9ced90e7716d267cffbeb879a4b3e8f2ec15bdc81c33bb8a18842d70b68c5fa723d37fafaf5ce1c8755c1756e99afda8da63f783,0xb5158d0c1fe3233ea632ff717855ab230f9e98058c12f778d357d8025c5f7698,0x531dc2ede34aa7bfed99cd28690437f2d8819b32bd9f660f5b3e9c6c49254e73,0x1aac0d6c391376773a74c729ff830ed70f4faa20592879536f7d74916bc3ae42,0xdafea492d9c6733ae3d56b7ed1adb60692c98bc5,0,58750003716598352816469,99320,0x496c6c756d696e61746520446d6f63726174697a6520447374726962757465,30000000,28323071,1674980807,243,12864314383
16511277,0x4ad4307ca40aad55d0319999063856b0980cced057c37c1b835c14ed4b806bd6,0x15e4c61142c4418bcc733d3dfa803c02f409d1dee767f0b3c7588687546acbb4,0x0000000000000000,0x1dcc4de8dec75d7aab85b567b6ccd41ad312451b948a7413f0a142fd40d49347,0x747d092d15d0d19818343512a614a265530418a228785894320ba44ccdf024082c0239088007820c94f83b152e86b195873084c0be42adb49252131114b42d240a42d030021ccc49fbba5309f626586100a3830041449a5016811cc89c49083d9f1000600732d1f601c71dc88226ed8384380071ab460476120e8ad388a8481406a78216026213581d79454e010e342f322694b9e7c090cb4d2105c0063e79229ec891079480656aaa1824f449b29522ad70cd322b7a91c331e126420608dc617c98da9a2000198f44d88043091753bde1e796d033a88952ac669b033c486a4ebe38b13c008e3018069494a9450579a4262304e0a228a153101d6c148235d28e,0x55fb0ef9f458a2f7a9e00635de6936423105873230679f4de82100f929657172,0xfd1939558f0a828076a22153171b50d6a54022eb8971a4704207548200a3a933,0xb8b3a4a50d02423fa6ca8130b1776cf4422623fc5dfb4670f5bdbabae41f5892,0x95222290dd7278aa3ddd389cc1e1d165cc4bafe5,0,58750003716598352816469,154144,0x6265617665726275696c642e6f7267,30000000,16741924,1674980819,125,14292582498
16511278,0x02448699298bd406b0b8bf176f007925fbe23a1aed8fb169ccde7040bf276c5f,0x4ad4307ca40aad55d0319999063856b0980cced057c37c1b835c14ed4b806bd6,0x0000000000000000,0x1dcc4de8dec75d7aab85b567b6ccd41ad312451b948a7413f0a142fd40d49347,0x842181408dc28badac78b40b841c70211b35650768180c3000a70815450004110017c0fcd838078800cb5ef10f320955c28388698805ade0c00203070cab2c614862c20248401e2e6de170ce4d293168acc08a5041428f21e84bd20488307941367c8b9092c214138540604d088268f3c80a3221cad24c47d49a44d1018cd224801891450333128512419306270304e34d00008d294884ca861630ca431007208f0941225a297323c60025e40d23a7371489821268b3f74608730c208099526393a852cf00000892308842012b10388451e1124a108e805fa82c2a7a2901a019d710b23c401452410a075ea20c8558c694003180a08e036043389e989a9155c0,0xae69eebcf5707447f955369aa955af2f32222ec63fc631fe7e79e5844e94c529,0xf5492e788c98d581939003d198a9dfc03a658eb2962c8eb3c3633cce16fdf278,0x66d6a40c4962805ed1d49b9b48918875bd7523062fc03bd271384209e721794e,0x690b9a9e9aa1c9db991c7721a92d351db4fac990,0,58750003716598352816469,58853,0x6275696c64657230783639,30000000,13076848,1674980831,148,14500054101
16511279,0x3a1a1f3f9328eeb7b3f21942cb04eabefe9244eb837ddb9094ad8acec213240d,0x02448699298bd406b0b8bf176f007925fbe23a1aed8fb169ccde7040bf276c5f,0x0000000000000000,0x1dcc4de8dec75d7aab85b567b6ccd41ad312451b948a7413f0a142fd40d49347,0x027111100161d860302320d48405e06900331400281ac0d1110902501402619c4410530480281072104019e0da380102a201860498033025160d0234527ea6105a09d4986400480c2e8052ab443432fcc58840600242c84004225a008148680316d202840a060c83409a1082b89008b9510480d483988440860183b5361ac0238a618141024228c680650f4201002022352498018b480428b62044d4061aa4e89aec29c190c0792300c768e0053085c42604c300d630b05248210c1013880130a93ac442a4008aaccb900030021e10ae462803e1748920910b8038422012f058a012ad0816102003269576c4c80191308052310908d9a355402d0831b04eaca6,0x2eefa986f8401d4ecfccaa9479850d53c66adc529882c46bdab622c7ece0dce1,0x596fb7d95e0e81ad60012b6fc41239dac0c28702c46ed5b0e4f3b427b3a27b47,0x91af3479cf750f89a78f49c12942c52ed2bb8b0c0e630b1839aa229b38d0b628,0x5f927395213ee6b95de97bddcb1b2b1c0f16844f,0,58750003716598352816469,58441,0x6d616e74612d6275696c646572,30000000,7785845,1674980843,86,14267672368
16511280,0x345fd882789d359efff4ea6fa04961537f87043a4c17a59e7655ed08e88e61e6,0x3a1a1f3f9328eeb7b3f21942cb04eabefe9244eb837ddb9094ad8acec213240d,0x0000000000000000,0x1dcc4de8dec75d7aab85b567b6ccd41ad312451b948a7413f0a142fd40d49347,0x58bf5132c940fa35f5693c3aff365bb31683612b6612cdb9293b68c6fca63e03a2af4b429eed4b99fedb76a08ba08d2c4a2315ca9f05f9a5ca983a1b28fe2bcf0b3af4bc4238ca0afcb3f38cc51563fd46c854f0c4d4bdcf9ae23f95b00b2de73a96f75202f6649acd5718074861fa67ee121053457c34f4db89e5f51f7fbfa7551a5f7ee78e10dcd641d56a6cd25e22a4b79af56f77a66d6d20996267b3e9369be92742abfa6e3bbaf266e4ddfacdc9a56ccc44f2721afafbe34f2e5c3134dc6f5ccfbe212900fb0d03e796de1dd5de44edf3d632ee78dbac193c32b8d4756edcf83fb878a46b849acc7ab09fe771b5c72c25324ddc40d425d91d1ffcfbf6bb,0x7dd68ecacad8a7ea6312222395d30f5fd77a657bdbcb13975b0b46a84ed0b3d6,0x59643d16e08ce9174dc075813fc88315dbcc1cf57538cf4180a6d9b5cb778425,0x9b4e672714964b89b13df41b3243a386b8379114ed57b3a753fd310278ea56d4,0x95222290dd7278aa3ddd389cc1e1d165cc4bafe5,0,58750003716598352816469,107221,0x6265617665726275696c642e6f7267,30000000,19067164,1674980855,166,13409929036
16511281,0xe0e97dfb6a80c5f0e4655f665123dd13ddd4a241d6f66b1ccf1f552185b7d060,0x345fd882789d359efff4ea6fa04961537f87043a4c17a59e7655ed08e88e61e6,0x0000000000000000,0x1dcc4de8dec75d7aab85b567b6ccd41ad312451b948a7413f0a142fd40d49347,0x34e14593bd60926a78221140b624b769c2b1c13b682b151dd21d881f1d153b91b1897393d038908ec6fa3f7128118901c6c1a0f4ba02b95a961d16f13469e48068850018e82bddee7d9e749905f04474b8a0808583540a01a6620c44cd48d9411a415bb406c60c1b0bacd100141029b98822194c155abcd886283c154c9a48166a028866920b90856c4b0567a3895e376c9286894fc1844ebea48142c7b03891aaa9090991026942c65865e88d60ac6aaf8610d20870618648f37a3a048f16309345149222c004ca214d9083049716254d4836c411ada6fd9ca48c4ea481ba62207ef91fa81604d83a2d3eb2018bd0a2d5bdfd53088b33400ad03c61c98175b0,0xd7457bc06d2e8a88dba76f643167232c69d61bcabe5310e02c88daa29dfe7b46,0x81e326f75702fc8998926170161df0074d06732f238c68a11135a00c53cb4d65,0xa6ae9be75db98570370db403af5e30398da32a09acb36345cd8ec275eb2d7993,0x95222290dd7278aa3ddd389cc1e1d165cc4bafe5,0,58750003716598352816469,81014,0x6265617665726275696c642e6f7267,30000000,12742879,1674980867,136,13864432207
16511282,0xd10d1232c179434ab3a4e7c8e6b51bef8b53618bee2f6cacc514901270d25a12,0xe0e97dfb6a80c5f0e4655f665123dd13ddd4a241d6f66b1ccf1f552185b7d060,0x0000000000000000,0x1dcc4de8dec75d7aab85b567b6ccd41ad312451b948a7413f0a142fd40d49347,0x196d5908d1475e3cf53f0189a5c187e70f98e88385449e6060693e8d2d0e8741be4e6b42c6c6795748f27f5a7e3071754ec1894cdae0aa8c3a4b8b2f12fdbd056dc7e594688b1c9e3f8657bef6b0c6e0c50303a0fac51a653d55bd69ac68680fcb881543caf3289e75158de6f832ed35ef5dc5af081b0fc5f01c50d047190ebe726b6257168332bce4f9b847849c3f91aec867b7c54a244ae120e9e000b2b1308bae13f39489f407df1fa4ee0e1aec88ae820c557979806221620ed6f09cdf31c672a682058198d84e84d82bb52bf01af8e313d493ec9d1c3ce7584f9feaf2c3e43d732c1a14526d580d59e841f1d17e657dd087db6aad6180757c048d3f9f09,0x90a4993fab8d55cf3c32aa036d2b03d82a88c52ad0ece6e1f641b66f4dccb3cf,0x73cb433341400201a79a7382eba62e6c2873b354ddc01d000db33538d77541e7,0x93a4781e16ed6e6a81520ed6f512b381331ffdc732c338ea6a364bb5689d170e,0x95222290dd7278aa3ddd389cc1e1d165cc4bafe5,0,58750003716598352816469,65239,0x6265617665726275696c642e6f7267,30000000,29077748,1674980879,99,13603651365
16511283,0xf648d3f9b68737a846fc99bf2abac1b43b68cc6729ef96fd749965aaf6fbb7c2,0xd10d1232c179434ab3a4e7c8e6b51bef8b53618bee2f6cacc514901270d25a12,0x0000000000000000,0x1dcc4de8dec75d7aab85b567b6ccd41ad312451b948a7413f0a142fd40d49347,0x246b9105ef0198eb2c324008c8109279942122996b1093d8000d2400252d812012ef03aea0a8941440484a100a5409718a2009ddba51300602880b501ce2aca92c5c84304448df2c7c21d988d7d00422c0a883e342502a8345100d4080c0bca71e9260aa22475e3a0a94d2003210686146021945c359256c084007d80c3808109a00f2224adac6169844802a8ec0500b8890002383d4c00c2c102f71983431f08f4e098b3931fbf68e104de6a4a0ac0b4406400026ee4c8201e52a0a80aab0b64c582c820409801200007013051e51b6446c13d012b9b918290a084b0818be594c12b05880050a260905552a8e13312a4438584100e8c5409a1d1c52a1c42c00,0x009d5f81fecb7e78298240a71dc7c670db64b8a6b88ec443a2e255cd37fbe1e5,0x9877510f43b30e1540c568b25f7a19a6a4c45e6d3f534314c768113ac12dbc9d,0xdb1e953003dd201cd59afbe2dba0b1745f8995ab7b7eca2e6aabe60f32151824,0x690b9a9e9aa1c9db991c7721a92d351db4fac990,0,58750003716598352816469,40320,0x406275696c64657230783639,30000000,8181393,1674980891,133,15199557829
16511284,0x0d9c5425df28c45d8c05ae347eb1da067e1340dc3ebc0028dc456bedd1370126,0xf648d3f9b68737a846fc99bf2abac1b43b68cc6729ef96fd749965aaf6fbb7c2,0x0000000000000000,0x1dcc4de8dec75d7aab85b567b6ccd41ad312451b948a7413f0a142fd40d49347,0x9c2001068800133c380a20c1951d53231311a82a681a074057afd2824404050215ba470e8058440940503d100863116f020201e29858a9180248a22131b663a23ac3902dc11aff0d7883f1d8e6346874838196004744787585a01cc09b5038ab76a100077a839c2ec8762f8216e0a821c212180b891986a4d23a8051309c09564b88b4ca886b005e31456542037c52257498318d7950c5c8372236d00a3044859f9875588050e029c38a4ee1d92a9c9c24634266f3313b4b04420a2a118d0cbb5c04d642401101ec20068091109d9a156cd7965516ce59db9426083a9804f640247ab1c82d55402800fcde80a4e07090e0300920028a0370c3294c1cca005ee4,0x93eba8c93b9edbc8676949e67b836e9f9da0f646c97efacd10e544bef643a042,0x30573b81a393b9cf9078fe5e71ab5c17ad7331245d19fde130015741dc27db9a,0xc92a70339d0a7f44f9557bb6d0bceb39f83ba77a678cd3ccffdb709b6937ff14,0x95222290dd7278aa3ddd389cc1e1d165cc4bafe5,0,58750003716598352816469,54799,0x6265617665726275696c642e6f7267,30000000,11472730,1674980903,186,14335892734
16511285,0x9ef496ab451a82aed1ef26f9e1abf1b99adc5ca3568c099926db88115bfc828d,0x0d9c5425df28c45d8c05ae347eb1da067e1340dc3ebc0028dc456bedd1370126,0x0000000000000000,0x1dcc4de8dec75d7aab85b567b6ccd41ad312451b948a7413f0a142fd40d49347,0x0ce8117b04008838b3ea5040b41593f000019200400011b40031184e1f2f4f2a94d216390a80ca60d640859b4a0a2d40422101208a16b08cd6444310c437213288a95320458a9b3cff11508b4434a36898a198e29556dd4248409a858809d06f9bb0100a62c3e451f7c50e4018281871ce010c0a081e46a182292792f4ca6605410893c21e03100c444af95010920a330e0d1da30f42a5e8a7d0507855fd583c8f08654252b774238fc46fb315b4a7a214044b7402f4802ab9b30d1e108d40824cc06cba452009d2322808100896d16647633a4ddcbc1013002c093aa541f4f8321aa49d001532018855ae0043151eb0a430396002ca71e162ca9c1481c0aac3,0xe2fd02c343f203149404a22ce777fb3e5c7e6652a8c1df030c0f0856e8c6a6cb,0xa81473f6fd5e8021e22d95fcf896c37f5b55c85840a6153504bf311eb6d98ff4,0x83f71743fa1338b15d58417ee3a7b50ef384feba854637ce5dd072997ae2d804,0xfeebabe6b0418ec13b30aadf129f5dcdd4f70cea,0,58750003716598352816469,59032,0x68747470733a2f2f6574682d6275696c6465722e636f6d,30000000,11129698,1674980915,137,13914504698
16511286,0xd112520bbad98afc2c6b804fb885622d7af76ee0d72e3e5569b6fcf28cf64cc9,0x9ef496ab451a82aed1ef26f9e1abf1b99adc5ca3568c099926db88115bfc828d,0x0000000000000000,0x1dcc4de8dec75d7aab85b567b6ccd41ad312451b948a7413f0a142fd40d49347,0x046d01a0238138222928d2bac67ccb38448904a97041375b193ea7867f82c4a0368348dca1c6201ce5f027940a71092a8f8183c39a3930ac6e60ca7f097f6f04130a801ccdd2cebc7d0057df490421310281a0286ec5bf802f9208c5d8485b2af28e142c22ca649e8d9018b540620a24e191094695792544964059d9189880e4cbc59dca071203348080524c836300666480dccf9fc9101ca2534b656bf030679a09a143d962e6606cb2ed994f398704b444233469bd194243812a3e86800856e0647452053038d22758c41a055cd0ab60e516ca38a81e1d85107872981e61cca873b1c809913988225e2642050db633c6bb91a053c8c9014cd11f4da05466bf,0xa291c0ac662aa025aac78f9f305babaf1a63aecefa701cc424a625e3ae0ec5cc,0xa1f3db003d52403ccecd5732b8ed9f16288f02b5a81ae7298b286fccfbcf8b72,0xc3613160489aeac8cae30c8ae122aed308ef5abbffbfb369e789fe3a11a83284,0xdafea492d9c6733ae3d56b7ed1adb60692c98bc5,0,58750003716598352816469,56845,0x496c6c756d696e61746520446d6f63726174697a6520447374726962757465,30000000,12597147,1674980927,187,13465726904
16511287,0x1960ae977a0aca70cd48536a4b7faedbca2d1d2b27b58d137d36c4cf212ea565,0xd112520bbad98afc2c6b804fb885622d7af76ee0d72e3e5569b6fcf28cf64cc9,0x0000000000000000,0x1dcc4de8dec75d7aab85b567b6ccd41ad312451b948a7413f0a142fd40d49347,0x802cc1c4464098ed75de90d0b41179b298616aa6a381000632234a908f3c548874b5790ac08ad248587213cceb842bf9a22aa0a0c9512c41e05286a31cf0a2b6e9e1059684400a3aef525c9ed50130bcdd4047a452504a93780cacd5a9030a0d1f1490358783108344d35a0a8493586b66502161820107008b500016a3b8553d0e70ab41dcd2725d1028a0e1c40b0c29658051095194404c203231485d1c3401cf8e9749d0887269feae5fe48fe38c92c056660b3077c18630cf0a7f730830526d507292240115d9376187c54818feb550a81aca1ab90a51c0f549336b323158a5f130088613186f734702c9a08f1b35862d092c224834612ab0bc50e50894f1,0x9029fc17f422e0ffe67880e981653598c0561858101d4f2c249b19bc44acc5aa,0x1f457d6efa46d03a3fb8caa2e37c1ceb7ef3f3ad986c0626800073c7144d0214,0xcae5127a2bfacdaf42d6c79f033fe2dfebeaac079f638b1634f75f215de2e798,0xfeebabe6b0418ec13b30aadf129f5dcdd4f70cea,0,58750003716598352816469,41954,0x68747470733a2f2f6574682d6275696c6465722e636f6d,30000000,27682192,1674980939,98,13196092219
16511288,0x3ca7422886b5fc58ba85c178338dd38170d3c8e673130a3e43199383238d3283,0x1960ae977a0aca70cd48536a4b7faedbca2d1d2b27b58d137d36c4cf212ea565,0x0000000000000000,0x1dcc4de8dec75d7aab85b567b6ccd41ad312451b948a7413f0a142fd40d49347,0x86a11b958530ba24e021a287e40452200012022589242101458289294f4085d41e09431dc00a870006f0013ede0229c10e20a34cdb4cee25d2198f0b7174e424cb13c606e8b22418aa01d0a901b62660a0a200104a40ba791c90ca0084a03e2fdac00580fbbe018201898a91880c08718a0ab04131530440c681713508a8409983da114f1296019405804da629802d68373a1f911561361820c04cc2cb13b2209f1ca70354006000a40427c740688c53b8ed0294b0a6a1c208b32a22d426a0101d59c682170000a0230d020212149fc4f24c52419aaa411115b0580228a1e8400411a2d8ad0100a90813cac0000411009034c1cb01cca0610a014d02e10b40e0,0x5097c9c3139e16196c73cd08ae7278f0881d273c7410b0b6528aacbd066d8a5c,0x002a8ba242929fa2bae82512767d566ee7a8ce14a6bc66c83963f14436519819,0x0616bcde441efe5ab03fdc13b2e3694ae82a4f47c0a180877a47ee3b85eb8a4c,0xfeebabe6b0418ec13b30aadf129f5dcdd4f70cea,0,58750003716598352816469,53970,0x68747470733a2f2f6574682d6275696c6465722e636f6d,30000000,8637790,1674980951,124,14590720345
16511289,0x85c849e235875a95050b1237bc9518f7f0209751bdcf3d7b29c9cc23f642b330,0x3ca7422886b5fc58ba85c178338dd38170d3c8e673130a3e43199383238d3283,0x0000000000000000,0x1dcc4de8dec75d7aab85b567b6ccd41ad312451b948a7413f0a142fd40d49347,0x0ca3133340c4043cf441101398040228800a0000acc80f14402720509002a41602682b008c2c8aa210db372639003710ee2120409891b9252600021910f220d028c9c078c390df2d7906548844b0f1a488082c8210501e1401871c249605789bde208202430b89035566185280320b21a00b00023b581507c60038930ab8000c1800b3726a4259571868d240818212377510108dc55d414847a28d6830d9130eae8ea1409092e420c02a27e588a68c40002448620960a23209d54fd76748e1b849519536459046f000028801800c5c9a52c8124099a884190901091a4101b05a307ba40c803c08442dcecac64183da36809261085298005002998d90c504d980,0x4585667c2ff81c3ff6df76474a619315597b38b2f9bdf5172d5167342db8b451,0x5df918aa839f556cfe3d9097c7eb368c9b9a14e96bf131eb7e8ea56a8e750d50,0x05a63ed0682be670f79564a5541bcd6052a6fb7a840ce5caea9fcac9f0cf24aa,0xfeebabe6b0418ec13b30aadf129f5dcdd4f70cea,0,58750003716598352816469,39631,0x68747470733a2f2f6574682d6275696c6465722e636f6d,30000000,8718726,1674980963,119,13817143455
16511290,0xf96b297b7fa1476fd69c3bf36605e47e3b8b8369260848aea44c17aa1e159256,0x85c849e235875a95050b1237bc9518f7f0209751bdcf3d7b29c9cc23f642b330,0x0000000000000000,0x1dcc4de8dec75d7aab85b567b6ccd41ad312451b948a7413f0a142fd40d49347,0xa4af0d2e6a41dc3af89204cd80b911f4c0221731a2a4d009812c265edb76a502378576d0012327010ec89bfc1c298ded43e138803b0f602a5a80c61ebceca17860dcb691e20afd386b11b1af45a42e698eca2121a94c86d365c46985982bd1773e0360531b7e1c7982e191de140e88e50339926c63040d95860f9dbaac4b19675a273b44d24a534534c9670402a236f0508f9dade950e0de6850264890581aad9e3cc1a371a16b46fee4effded268e4c01f0707b392209d6516c082a2850733e67dc8702850bc8e203040302e5dd726766e61f60f6fc1d3d472c192f9911fdc061d1b909309caec8401727849782fb6dfef3576410ebf1c24080ff09d2d9ccc5,0xdca0ea52e33a121670db7f579e0b8c1fee08dd5ea4d3829b9fa6ca68604b26bf,0x7ac8ca033c0179dc743992c0d014e465c69648b7d6bda013a340ebaaf7e4758e,0xbd6dc30d17a6e0bdba9a640a60caa76204886deff0ce3386b561e14c731ae444,0xbaf6dc2e647aeb6f510f9e318856a1bcd66c5e19,0,58750003716598352816469,191090,0x4d616465206f6e20746865206d6f6f6e20627920426c6f636b6e6174697665,30000000,18960394,1674980975,131,13093899589
16511291,0x8104045d041d73a4c62c19d0d79aab84ebd37c80f0762a878542ed3530a0ce7f,0xf96b297b7fa1476fd69c3bf36605e47e3b8b8369260848aea44c17aa1e159256,0x0000000000000000,0x1dcc4de8dec75d7aab85b567b6ccd41ad312451b948a7413f0a142fd40d49347,0x1ca34114c1e0daa870233020eb2871b31e942513081700506d51304f0fc40d41c88a410a95a5d218207fdf022b018d697a2b4800890329218f4ef2135de86f32984ad0144028dc7e7f0b738b649179e0a0225907e0c85ed93e155f229060385d130930015f67d293a18479080b3b2eebbf81537109f72565d2fa95d0ec9a0c0498a00272988aa855104506451916272f208c88c9c1e0c22ee42c2d70da34a880af88674128a07a83be1d4de809fb9ece24c089f0e236604e7123ceca000f22c04358ddc2678902c301440944409c93a2586d62fe90bdcf1d0c00290a2491b243723b38888da6dc842a8d92ae21a39834c42541e189aa244821890c56b1101f83,0x1b5710a660d0ab6b9a6375df3b0c3c668b29f398311588534f42709795d085ad,0x41aa2ac1be2cec1627e58b4bddcdeec919cc86699d3f6560d19f5d30799e33f1,0xf0851c474beda40f6e767aabe00cee67ee1741cdf40a91c17b3a50b8e10887fa,0x95222290dd7278aa3ddd389cc1e1d165cc4bafe5,0,58750003716598352816469,55963,0x6265617665726275696c642e6f7267,30000000,12688064,1674980987,128,13526041267
16511292,0x8c80a95ebce3a1e61378d98f279d546095c096d4adecf863d7f8a729d7dce209,0x8104045d041d73a4c62c19d0d79aab84ebd37c80f0762a878542ed3530a0ce7f,0x0000000000000000,0x1dcc4de8dec75d7aab85b567b6ccd41ad312451b948a7413f0a142fd40d49347,0x06691584fd459247fc75007a85043638024508e2e8ca05c2310da3b01ca28e2c84313672800044250042bc04f900d59dae5159e1e90ea31c161486b936eae5e0a212c8596399c41da9a15589541020b1a182b9c896400b860d4208818da06a039a945b10825218a3a2600100880408e9be506c09b010350082e0d4bf460b5cb4afc000c7b06b718608c765888128a221320e0101d5d8023e1870054e26783ab38b0d5361c7127d808c5040d3886ae68817486ca1936be29375693ab217ae82303a53e24fe49610c003100623a2fa104040e71bf55b98061fb03d9e5a8100a20c3492e9d8a1b92803074b528800815088e010afe881cb18654ac5a8a082770f89,0x2ce849f27cdab32685c75c224ae3c35bd79d5cfc727c19a2ce12c67fb9107a2d,0x406962458d5b9de11683eb2774839910b919186ded1314bcb16472b29ee98a75,0x7e6851a8ef09b6e87a8ba684e0706abde4e61fc754b754ad73dd020a05962730,0x690b9a9e9aa1c9db991c7721a92d351db4fac990,0,58750003716598352816469,30494,0x406275696c64657230783639,30000000,29993439,1674980999,71,13265446753
16511293,0x03cb8757027625103df1f467adf8e02a9a753a45105a072bb95d993b371be676,0x8c80a95ebce3a1e61378d98f279d546095c096d4adecf863d7f8a729d7dce209,0x0000000000000000,0x1dcc4de8dec75d7aab85b567b6ccd41ad312451b948a7413f0a142fd40d49347,0x3faf5d2851c09e38bce1497896ac4272ad910c1f2a84f33cce39ad7e86669122cdc42339a0705910a4d13f38efd489046627e04ccaa3aa8c5661d3535cfc3247c879503e1b2dff7eea0b7bacd51460b88793aab2dc45dc661d23d5ce81b7b851dad516202ff6f59b9eb6f60118420b3e98481678729f8e42ab3418f140f9f234e3972052e2de465f564d6de8c501e8763504b7cfab7193c8bca3694a9bd849f5aad895ebc8e164f3ae2ba5abdc2c84d1341d5d047b66e4724ff78ede880ec9854bd9fc77d53964d0d12106a0c80b30ad5964336c19acba5b8423bf8eb331f3f62436a9ace4bcb56f79bd964c42b13809e7486b641d8a66cd3b8d4d57cb4795a3,0xe536b28a5b48161c42ba6e235a38e2b77a01bfcd8de17aff806acfd0c3a8865e,0x11f0fa8cfb2fbe5d1716b9f436c81192cd1393b782198ac20a32cacfcb4d3400,0x5d15c20c04a95c4d0872e1494a2624e48478eb9801de8ea8078a5475bba64441,0xdafea492d9c6733ae3d56b7ed1adb60692c98bc5,0,58750003716598352816469,91014,0x496c6c756d696e61746520446d6f63726174697a6520447374726962757465,30000000,15784265,1674981011,220,14922902308
16511294,0x26660fb96a87623dc05d9f4c93e533390044ed8d15ef486789a4f26d119a3f1d,0x03cb8757027625103df1f467adf8e02a9a753a45105a072bb95d993b371be676,0x0000000000000000,0x1dcc4de8dec75d7aab85b567b6ccd41ad312451b948a7413f0a142fd40d49347,0x0422810411002c3ba0493130b415bba302210c02280a0000502bd70017b4939548316784c081492900585100aa35014cc200a2a28bd03831025a070194777034e80c90d48508554c7aa053c8e831632e14e00a8004c438a004110515d020990032518038f20ec89a815152010460a871c31910040114055682840e11182ae15088470302231a4105a4704202491200a4ee50b38901780a0c290880504214c0378a4e1120008b67244997e1f1f5b0a81904044c9172a410c210730a7e314e41250a7130a645a206ca64028011071e594443e51254bcea00392432082200002d80f83a20c8188046ad294717c829c57039d01a414015981040c1571c5581152793,0x377134aad63f9d02e686c73e05daa474ab832b10804f5aa1e23395f13707440e,0x483c50f5eb7eb2e45851dfc02c5ff65a0e4a4976a24f359e1cb5ec2b3892ff74,0x2b82de4316f0169971c00bc0ecbacb5abeab09fa7707ae931a2a9922a181aa76,0xcd5393865972e7e3e33476da0b7d32c3841f0b8b,0,58750003716598352816469,47221,0x,30000000,8609441,1674981023,122,15020431557
16511295,0x98a438d9998fc450c5e9913224a545885c9b36e0eb6f87c22bb07cfa8106e4f1,0x26660fb96a87623dc05d9f4c93e533390044ed8d15ef486789a4f26d119a3f1d,0x0000000000000000,0x1dcc4de8dec75d7aab85b567b6ccd41ad312451b948a7413f0a142fd40d49347,0x4f25c902398919283090f42984905371068010016b3ba2a8a0192908d580a72048051700d6a39d3459d11e0c5a3a157827a1189088223b188200ba5118fb2a9860c06004c150892c6b33f0c9dd3000b804905844574a78c82d2596259c193b09bb4242e4cef2491244ee6340483a6a69dc1044460b580ce494e5a3f4110c267732220f721beb001c44737d80854813f4258494cdeb6a802a5e20b6d4437808949e8a51019d267c880eb1c5fb0faa9480a445bc41f43c902f6d260fcd818c1e31045224025c8800e600801082b2f3517aeae152cc5eaa5419ae47398e0000a150743f3e8ed0877f809205ba884126baa6c0d011405dba855c30594814a29776ce,0x40e6e1c6f3c319ecef68f38a26d84937b40cc4473c5f2c959e0c5bba8eb70e42,0x3189f06316fb6b96f765ec754f9f1ff0ec53da767949ebc58e3a25d606f7b811,0x94ee3fca975bdd61694786ad235f029004d90d7a93be6b5707ae1b1ae0a754a8,0xbd3afb0bb76683ecb4225f9dbc91f998713c3b01,0,58750003716598352816469,79272,0x4275696c644149202868747470733a2f2f6275696c6461692e6e657429,30000000,12824408,1674981035,121,14220523607
16511296,0xeae15a92a48635df1344fd322aff9377346528325d2536201dfd83fc22ca8a3b,0x98a438d9998fc450c5e9913224a545885c9b36e0eb6f87c22bb07cfa8106e4f1,0x0000000000000000,0x1dcc4de8dec75d7aab85b567b6ccd41ad312451b948a7413f0a142fd40d49347,0x40ad05214bc3f743a83892708601422f150a3501251e4010108d2094f79027227784f160b49c2725036c9f21ca292b119387a2839a682188067832121dbee80c40018206cc428baab9b15aac5650fde0a5458201fa780e61988278bc9c01bbf19b3816810603120204f810e98000686922aad842857d1644922517d0a91ad1a44227336e41ea100d84cd06622a400424040db1c92162803a7d22c5ce00f0cce4bf5fc90b6000e901909266f00cf1ae81a5e0583ed8a811e701703e63b40999000e790436a201808a015001cf04db137a61d112d018cc01590806bd2a18497864441024596a9c69e022ce1ec00ce17b0a99f86140115a90dc08aa7bbfc04145e5,0xc62cdf31f7cf22c9a098c90006f8f12353e4343fd4657078a8a5cc3ddd44780f,0xb375e31fbc0f0ac51bdfec91b5853b46d9f64d6710f3ee7b27760422e0d9cafb,0x915f9c607cd07337c4a8c1f83f73c8f52d8dda07a66540eec64a80061fcd86c2,0x690b9a9e9aa1c9db991c7721a92d351db4fac990,0,58750003716598352816469,41783,0x406275696c64657230783639,30000000,10885466,1674981047,124,13962706463
16511297,0x778db806e300ad964b900cc3eea314c52b258c158849a59904dc333e0dc99aef,0xeae15a92a48635df1344fd322aff9377346528325d2536201dfd83fc22ca8a3b,0x0000000000000000,0x1dcc4de8dec75d7aab85b567b6ccd41ad312451b948a7413f0a142fd40d49347,0xd02111a991063380b0aa10f2a40c57b4026008d0980102a8d5e7b86e5db1057974980384f2c482e903e81c400b252149aec1b780df38bd204c40a30ca92ea97c1c88e214cc320c396b4a7bd8c3396f2c40051a0129562b240404ddd5aa8058a01a51396c02c6641248848829a6a00864605044b0a15044e07802c5d2280cc8e49800036c832a674640dd85831c1386b166300409c10ae00a04253875083811208b0ac96250a7e78c2a396c884c41a4d6256f2b746c7440ee71ad0c1c568e9a240c12cdb2036cc833ce0a50c608c5727a4071627055ed891cce761faa01c2714c5433280988a47841620c3aa0a1b3b82d050d40405478224644cd1a19a1c676a9,0x7e7448b310347bd109bbb474814984647aba4db3bc877220b039c8192e1e5b90,0x9e688835208fcd6865ce76eac386fb44c9b88885fe50e270fe03e165703275e2,0x1ac5c07fe00d695f9792808271ec7885f310707c811ca424b00098d9c0b8904a,0x473780deaf4a2ac070bbba936b0cdefe7f267dfc,0,58750003716598352816469,99608,0xd883010b00846765746888676f312e31392e31856c696e7578,30000000,19938646,1674981059,145,13483956210
16511298,0xc043004f0e61dd16d422f4f22ad4f226dbe585180c8d1038f44af01a25cf5e50,0x778db806e300ad964b900cc3eea314c52b258c158849a59904dc333e0dc99aef,0x0000000000000000,0x1dcc4de8dec75d7aab85b567b6ccd41ad312451b948a7413f0a142fd40d49347,0x943bd93145c1da6858605664ac05e03a44610023ae46043c3077a0906d2e953af5284b10c582d01340711ea44e1c1130920188cc8a21fc8033e0121119eca495540256149c5998792b8254aa64c012e100000a10cfe4cad82625b491981739a18e73608013c22f12059ddba050a82879cc0282310f1da6449020311145ae8c860192a653ab0248cc0658494001cce00c340688c183d10ecff222086057301024ff6ba1222632789a1249c5f20c8ea4000f50051d44229463076c0ad26338500181901343009db6d22822003628581272c16e13c196c8603c01a4c9e205016610c838279802d470a9b04e99d1548718742683f028a6988d52c48d8e4ef3439488,0x5050a89f1f4fd54f06e305ade3177fedb8546e3b7366abfc1b27504f7aec5081,0x4676aeca2ebd9d6d7de3d9b950862e7454266e7fb4b0b142ed2bf5e8738e765c,0xbc1e6e243d3e8f46934d4c28302aac21f6b812cac71729f8915edfe9278c4a40,0xdafea492d9c6733ae3d56b7ed1adb60692c98bc5,0,58750003716598352816469,82510,0x496c6c756d696e61746520446d6f63726174697a6520447374726962757465,30000000,10492956,1674981071,121,14038893596
16511299,0xe60f2c2289451e6b56bb4d19f3221d83fe7a36be086883ff2ef6d5bf5c88e221,0xc043004f0e61dd16d422f4f22ad4f226dbe585180c8d1038f44af01a25cf5e50,0x0000000000000000,0x1dcc4de8dec75d7aab85b567b6ccd41ad312451b948a7413f0a142fd40d49347,0x042a61209022bf6e2368d4028d7519f180a1762284cc129b534f231a1cd5657050354f24f0208628d458f72d2bf8b13bba264564aff8b91132c8e2071d7ffcb085cab49581cf5a886bc05d8bed55186aaba20a667e4cda99242e62c18ab9281dde3622451be3f09e4af3a4a81a281879e406caa789dba7c6d0a061f7807805d017316b0fb26a3757d4db052031cc8fa57ea90ba9adc242ce62104ace437000e28aa8014ed4326ec0afbd4fa40df9fdae35174fe6f024d42645a47ac4140f04015356974b44469ae22a12044b00067125c2d506f89a89305d206c094f56e4e45ab4d1b80dd3f50361aaaf5f10051f78acc611efe8909fdfcc54dc1c43ee462882,0x96fde30487b8a80467887ade20217c5e7aebfd66db44314cbdd7faba4c5a79d8,0xafc1da42983cb653c208732c531727ffe2d1d7423d38e8ab328ceb1c6ec45173,0xa3fb7950762f29bc622b277ac9ffd6e0aa0f8017693187bb95ca868055835c91,0xdafea492d9c6733ae3d56b7ed1adb60692c98bc5,0,58750003716598352816469,38136,0x496c6c756d696e61746520446d6f63726174697a6520447374726962757465,30000000,27498865,1674981083,111,13511611004
16511300,0x3645a0c91c054dede08401c96ef6c86aa053391c4de77b4f16afbe502802dc19,0xe60f2c2289451e6b56bb4d19f3221d83fe7a36be086883ff2ef6d5bf5c88e221,0x0000000000000000,0x1dcc4de8dec75d7aab85b567b6ccd41ad312451b948a7413f0a142fd40d49347,0x00a11503600bc044b04012a0a80032291342380c0c2250800259a01002d0ac003c2648008080a0000460236888003900822102068928a5900a962315102ca9c0242483004068890cfd8051c9040841e08455010706408e6840c8194080f03801021408108222001aada4dc0800102820063204409351e440926040d0002ba98062002042070201849050464620801666e80b01215149859a465019ea013a02709a0c91e9cf046bd112512ca0ca34844c242502404220312641128a9601009a021ae841e6134804d1104027a3890a52a070912acc18cb0c11121229268011e4c04299a4c888841825428d1a8004901030a4016502040820603011ac46a8e004c9,0x63600fc2a2fff2876017bed747da7fc4e16ddbae32b92dc4455ec4f5393a2144,0x0342694146c31d939653744971816ec7b18a0896b0f50c2281a8751f4ca9cb27,0xa73ce91e76ca9765ee6067e9eacd32b8f0ae5d0ff0e15d24cec4e73b337eb59d,0x95222290dd7278aa3ddd389cc1e1d165cc4bafe5,0,58750003716598352816469,41548,0x6265617665726275696c642e6f7267,30000000,6702752,1674981095,73,14918942686
16511301,0x9ed614cffb4064a4e11ada9b82c68d1718bfe9f4a05e7677205a6cce200bac82,0x3645a0c91c054dede08401c96ef6c86aa053391c4de77b4f16afbe502802dc19,0x0000000000000000,0x1dcc4de8dec75d7aab85b567b6ccd41ad312451b948a7413f0a142fd40d49347,0x08f52985b104de7978783b4aba181b7d00cb646b6c99238251237502bca465615f89ffc3b90a081d66ff5860ee8059809a03a0ee981abdc246400271193ea84d8ddef98d4028d99eeb82728944b228e9b0971d02c7c7dcc0dd341f45924738c2922022e40a7ac49250d64041086828a1bc132c334058a6d4926a445444ea71208b0d9352240a031c144c0c4d93250aa02d218fedcb678d8f72a80dc4c43025a5ae292909101e6ee00ef150dc4feccd4024d458e72463b0f64cfa2e1c80a90121c2f8859275b311ea0c6b5121b55fdd34e17f72c1918ea559d92519334060f25f1773ab0e42819c891a0dd7e3ab061d37c9177340610a72d621dbeed681d1f787,0x421e848a801d5058c03e1ff2702e6cc55a898fe6d1108dba817f0106f769b9b2,0x5b6a970f75f443aadbc45da0f9b9f929ac0cb30c955dc5c4181b2ba9a68b319e,0x0c368f0e885c2b7d335ab1aea623b510f01b22c432eafb8d46e6d7197c08c77c,0xdafea492d9c6733ae3d56b7ed1adb60692c98bc5,0,58750003716598352816469,63734,0x496c6c756d696e61746520446d6f63726174697a6520447374726962757465,30000000,11352831,1674981107,155,13887391292
16511302,0x13f24cc1435439b6177fc3a09dbe47d235d052d45a87fca75bf700d12e5d46d4,0x9ed614cffb4064a4e11ada9b82c68d1718bfe9f4a05e7677205a6cce200bac82,0x0000000000000000,0x1dcc4de8dec75d7aab85b567b6ccd41ad312451b948a7413f0a142fd40d49347,0x04249122c628421b32314932ad35427a02d874b38d1cc42a461129800c8286005e9a13029282c3ccd6d1ba240a6409dc8a829c688b32bc8802109a711934ebaaa06a802cc0200d3cfb1271897c1631a094584184fdc438d0006cad01981038897ab24200225a003381a5116900018d61ac540e4208d42c04c0411853042a650402060b1302460826026419cb237613a72501d8c1c9600059616b8060475101238eaa594589aa66a10bb8d1fecf22c5480011211429f8c10239912aae462540298564d30310510cda6120802c201b50e1c967874213e88b1104cc082e0450e80a0030392812222242040ca28c051832be8218b30278a8b44474599805ae201387,0x952ffd1c907817ea287d275c091771a705e3a054eeabdd1508c6e3ef2cb9b69d,0x7df549b0a3cde7b25b33b62b187001751f6f5795b11be5b0585453d586d72fcc,0xce193ef2d82870580d4d3111c23495268a37a60a11c1f42a5ba0b8223096aff0,0x690b9a9e9aa1c9db991c7721a92d351db4fac990,0,58750003716598352816469,71180,0x6279206275696c64657230783639,30000000,15522870,1674981119,91,13465310767
16511303,0xe16db947a7d3d25b678eda024bba7fa091997eeeb4ced2a745b82b38970be99f,0x13f24cc1435439b6177fc3a09dbe47d235d052d45a87fca75bf700d12e5d46d4,0x0000000000000000,0x1dcc4de8dec75d7aab85b567b6ccd41ad312451b948a7413f0a142fd40d49347,0x44a785493022917ab2a5f31ce455bd275e4b5457a84a4cb07feb28657c529df9f730195aa65e0a87e27ab2164a09ef390b61904edac1b8bd359102179baeb93bdd4af13cc314cdababe6f28855798bb15c00414b0e44f8940ea37ed4890a6f291beb420c9fca36da0752faf3706c0f7fe15e0c20e55a8f7c8041bff99c3b253dd2afa7deb38a1bf5e7fdcdd9bd045477b5959abb894044df4432964456721b79ce688b831e3af40804d057ee97bf848ee57d4b53c6ebf4b383d66ef0ecec8df57fd8d563550792d3e1c443bf882fb176d5e90ff67fff331995741b22b9846a7749316bf9f904384ab885c7d20669195594ddc76a98ecf75c79cf3957d687dcb5,0x7517101ce5e491f7659bb487c98184cb69edc9ec128daa83491a5810d9227f2b,0x272902f9a72921421d6ff1289035211de997a3459ffb394ce59d077a2d048d37,0xb168c258e55eb40fa38365a350b6083efcbf18ad993aa74716098af6619ac635,0x95222290dd7278aa3ddd389cc1e1d165cc4bafe5,0,58750003716598352816469,177689,0x6265617665726275696c642e6f7267,30000000,22753173,1674981131,169,13523982492
16511304,0x6677734538ce757b432a10a00f04d34c46ce966c2675e70a517c4584c73eb656,0xe16db947a7d3d25b678eda024bba7fa091997eeeb4ced2a745b82b38970be99f,0x0000000000000000,0x1dcc4de8dec75d7aab85b567b6ccd41ad312451b948a7413f0a142fd40d49347,0x1263818658b2420a1bb39b3aae8632b8014d80bcab01a73e0861e444c6300c6954e667a3a44a0061b2c27c8d0abe99a4420972209ab52b13de4012fd59aef69121ce221c4350bd0d68277189cd54207283919d8579741cc168e11c4a901a3a71730a03964652a4362834c9c4b3af7aeb96238dc462359722000208d3481f46384e052f568ad32e1c3471630791031dbc3c04b5c3c953288f4c3f1441fa161dff9ac96d07b4a165cbe6200af40d82851e25d05a066e26a04a87c14f1e04545f134150024a5fb5e84a013410e4410b1682f5c542e99cbf067855209fc60b71f615c73bbe18ec20dae064acbae899953313233b43901bd9b54c0119d81ae493d580,0x7c47eb99a77af29cf78723632aa5fd4d9833c1a6941895f214bdae9b02af2f3d,0x9ef2c25d140c57dcb73ddad516ff7b2dc643bd210ce2f08c1eb4808b80cc831d,0x821ec6819b5ac461a7c2d214ac9bdc3a4be2e9a37810fa40f2ed7e37405b0bb9,0xafcad6e5ecc503da15e91ca11d8cc8a5f437e7d6,0,58750003716598352816469,92618,0x,30000000,15247016,1674981143,164,14397763957
16511305,0x6b7f46a0ec745ae846f83e30df44e3b399971e971c9b12605aca9ea61f2b5dd4,0x6677734538ce757b432a10a00f04d34c46ce966c2675e70a517c4584c73eb656,0x0000000000000000,0x1dcc4de8dec75d7aab85b567b6ccd41ad312451b948a7413f0a142fd40d49347,0x05a09104c306d0a9bcf87440c318d82292e198108800100cc409160394ed8980d429cb57e28022014c793bc26e0991790a013c408a00ed580e000a255ca0303c68444014c56abe0dfa0b5088101272209460c8296ed81e690c005c44ac48ee4e9a5092110602012234dc0823003008b3b4861890ee110ca0c2c8823a224a8400082cbb120f8a100470cc2de211120024f0821029c564001c6820b9ea361800208e880d40c8a5736dc20151c00a3a9c0a00509a75783bc812c1e04b02401a4864eb52c10a482151c4ca81499028025a34446946f0b0ff98170a0028264ea021088433312b68280247b04dd7a282c61ab1c01111a0010a614500532f8881951880,0xa72b02661568fac765e490e54a500ae4c648ebf708dc46ec60e33fd5d99c75d4,0xc1200659b9cac835adf5b37ab2b1b6f08a71d7aff7be4cf7a6c1e6d3dca19110,0x7e3d7f7f4d4819b17eb26a318c4eacea3691a7c293a63c7b6c17f1df7eb585bd,0x535b918f3724001fd6fb52fcc6cbc220592990a3,0,58750003716598352816469,79286,0xd883010b00846765746888676f312e31392e35856c696e7578,30000000,11552343,1674981155,95,14427401274
16511306,0x49756a2fff2bb8979ca2bc0bf08b94a956357871f92c9e32890aed196485426a,0x6b7f46a0ec745ae846f83e30df44e3b399971e971c9b12605aca9ea61f2b5dd4,0x0000000000000000,0x1dcc4de8dec75d7aab85b567b6ccd41ad312451b948a7413f0a142fd40d49347,0x29a0c5719a2312427a04a140a508e5ef4455850538024700004d9a305dc0014fb19f3ba31e090e8140e01e982c4289181220b4d9da222e6c62976e5014f82b4608c3e2994e83289c3ad350d9dc346275a4a84610ef501f9c7da0bc51906433231f2649061e5a88862c4a11040c616d291e10e119031a0fc0e00d14d30a386a880b49831440421d7702410125a19d4aafca01a4c3890a981cc620cc64e191322d9e89634312b26945090367f82c69a4eaab666740b129558244d20e6e105082507b44a88b95c710ff69010092a98e998747d154e1b2fe1219304078068b0dba8645b2b14a9d24e9c8ce0527c09281f218841145ecf00c0144a6d3b9c89743d19b,0xb77d47ead3a39558e4ab6ce56931171afe13381f8939e0be76b72aa30637c1d7,0x4faff00b963dea6bb93f1698a33167979c24837b284b3ba917c34a2571676585,0xf6553a36f687b0256938bcac132f619f4d96c8f94beb67d05e99db51dd766fe3,0x95222290dd7278aa3ddd389cc1e1d165cc4bafe5,0,58750003716598352816469,37275,0x6265617665726275696c642e6f7267,30000000,27246372,1674981167,98,14012895183
16511307,0x8d3db6ff10a8a9d5fe988c667be739ab9de4bf670e84cf7b1e7bed882ea236e6,0x49756a2fff2bb8979ca2bc0bf08b94a956357871f92c9e32890aed196485426a,0x0000000000000000,0x1dcc4de8dec75d7aab85b567b6ccd41ad312451b948a7413f0a142fd40d49347,0x80205156180092457904040080901b6800a92439283005009009118058a2628600180183a410221054f913b24ba741008a0a08e0888a2d603600627444b0b0a20143470c450c5ac9fada75d9400440600080b6a102c01b690200f4d088405e6916a09908221200021df70021000a492b3838092040312c0d82a488910268422469208236020a0c64146409831013601d7091a74181118c0848202a60f2119084aeab55425190f9850a1042c11916ac0225081ec46b26c02252c40a5a32104950905a508249c68682604111e3640054b4c5e453ca12e91159980448c20980b18400b0240b880c604a48176e8a640006acc0806168208a2854089518c481e51041,0x535d8b2398e82706ff274e107eae7841abb7c35b0f6a72c4012ed69e57593633,0x1db7c2d0fe0a22e4379a5ae6d407c0b0c176c46bc63255df1bff0cd49a9b9a46,0x9b66ea07cc90c25559129a71faae1a04b4114c6341e8088fba3cf2ecb0c7ba1b,0x690b9a9e9aa1c9db991c7721a92d351db4fac990,0,58750003716598352816469,42943,0x6275696c64657230783639,30000000,6957395,1674981179,87,15442954576
16511308,0xb8a9e40a1bdc3a466ce9d96ba1b2cd213bac387eb6a5fff2752b3ce7aab41c81,0x8d3db6ff10a8a9d5fe988c667be739ab9de4bf670e84cf7b1e7bed882ea236e6,0x0000000000000000,0x1dcc4de8dec75d7aab85b567b6ccd41ad312451b948a7413f0a142fd40d49347,0x002941018da08652326e100aa810aa3d2801a0098891015d64713260d4b10e6670bd099bc1009330c44a7ba92b22116b8243ae6e9a24ed867680021550aea928c88344084568083f2c8378fc6468466c148ab23a2ad70815608134d1c95c2c29136849800a23b11783d4098110460975855c963001400dfa922c10fa48ce1404dc03a3d2032a035612e44908a20123e434252385c50609d964206d4a403011e6fe0881321a316876a399cde409b584a225c26a01c4230d8a7ff22e0a43080808a3d0c1c2048dacfa060002009e4433b04341ded0d0cc213550849a3a0d08ae500033210ec980b05502dd1784900510a5c4804140224e824289890955a959f741,0xa642e0d4c2b3b0313ee576f89ee729a1eeee7dc687474b65e417b1cebe5cafbf,0x1e6015566e35bc01eeeaef23d3b0528b116a5aeb5876192375f76bd257d5ad73,0x8a78126e460eb9d07b35e1c73a8c25a11c1a7514c199a541d6f16674f6735443,0xaab27b150451726ec7738aa1d0a94505c8729bd1,0,58750003716598352816469,49338,0x,30000000,10447676,1674981191,132,14407941379
16511309,0x98eefb43ba6c2062487e57033ac89b0f026a8c119a61a4c3c3602ae4d6e106c2,0xb8a9e40a1bdc3a466ce9d96ba1b2cd213bac387eb6a5fff2752b3ce7aab41c81,0x0000000000000000,0x1dcc4de8dec75d7aab85b567b6ccd41ad312451b948a7413f0a142fd40d49347,0x8ae71d26c1919228743a5d45d1382a770e1182e6b90e5e9a52a1e01c4dc2840a78ecb1682d4ecc8054f39a454e3011f2c60105cbaca2e8e22a1b2abd2afbedec107c5b981d100d2eab03d4dfd769383006237ce3eb411c5450a2f467d4432198930f2890c346643484b5129828cc8a7162372b85d9f114d0f5520af389086101891cf256ebc22376464f0a92815310ee8a032c95abd7aedc46aa99d96cf13c90af89015159e4617103326cc8ce36b47a6da0a6b5743384e2d5e38eb2800924665ab191a763e15dc24150e104bedf30f6d6555a5417aba09d240d39226a00e1714a333e8d088010415fcd97d27b5578bdc12aa5c911590150948dda7f8f117590,0x78df46dad60912f99177da5a87f3600085f36f266cd57ef602e22b19a3127530,0xf43599d08f1e8c9867b841cb629c218ed60b5a5c99c460793d10ad70228c5add,0x85dc1d65d0398795072675e7f4c2275edb3350418d13ec652d05d76b8b420660,0x3bee5122e2a2fbe11287aafb0cb918e22abb5436,0,58750003716598352816469,68186,0x,30000000,12592622,1674981203,186,13861361235
16511310,0x730cbf6b4fa43e9206a4f3f2e4cc3f9b23d49060f9d60fa9b1d9c8bd68b4dd75,0x98eefb43ba6c2062487e57033ac89b0f026a8c119a61a4c3c3602ae4d6e106c2,0x0000000000000000,0x1dcc4de8dec75d7aab85b567b6ccd41ad312451b948a7413f0a142fd40d49347,0x687925001def94f9746ba084ea5a9022e1652ea20ef653f3d116c8857c0ac8916b69e711e1067b41057ada00d833c9a8768b9c008b45b9abb201c345d1ae7540c10ce9375f339b9ceb2e5abf5fd0132d90a70bafc6d4bb3ce45bd7c1aa6a7817174cd0bbc65266c2014054980e8b18bbc515805dfb54058482145c92804abf04f59533f348abec55c1a5c3a2772325e1b212b28dc19840df646e0a40455030b49eec6f190ed06c016c0c2ecd8baa8cb0eddc86ade370505a51f23e4c051c4128f9f65386700e5af946142309c8def232ca704bdc36fc321dc646893291f8f686423ae94c99a8ea01d21732bf05139a90c1d9114000da2547ec09bf55f3c77681,0xdb14ed42a08823e87384336ae6fd6ecec81a80fe3052238821b429d2b89f93cf,0x994e7bc854670e4fc34096ec63cc1ad30f335675c8acc11500555d4c9597cb06,0x104beed4c278c10d270daa3d82fbf3a8f41c4507ac06efa088afb5aac9a62d9e,0x473780deaf4a2ac070bbba936b0cdefe7f267dfc,0,58750003716598352816469,44006,0xd883010b00846765746888676f312e31392e31856c696e7578,30000000,29250568,1674981215,131,13583281768
16511311,0x4f2ab740698f561230ec9ac159f7313f79e73bf34a7848582c2cafd335e09a30,0x730cbf6b4fa43e9206a4f3f2e4cc3f9b23d49060f9d60fa9b1d9c8bd68b4dd75,0x0000000000000000,0x1dcc4de8dec75d7aab85b567b6ccd41ad312451b948a7413f0a142fd40d49347,0x90a9513abaa2d86ab89bd68b85bf5b3f4dd50d812d281708551bb4a20d2c8743502e9904a462446644c052311a36edaeb2a1b6c78a43ad08a6c09253bde8b80899030002c06ad87de982d08d6e29e4e037cc4c8177480e583ccbdc74983a39a7a6e28b6292e2241385c6d280112849e1100e08430919ac06f486d4b30d0b402c83480358b24234461441cd63035002fe58129489e540809c6db9cfc50a10727eaf087d7452267daf5a2960f8cc32952a365502007dbcc12219eb7faa174847217339d4af608b08fa4b613237464b5c86d0f535c031de015f8004a82a583c3af2e03a7908d8d40741e11e069081c63890d90a5711de5a3440b28ddc12b2e59de4,0xef9f4608ed5e4c42f4382b235efe7d8bc7f56e4d9a9a2d734385c1852001da9e,0xaa7006029cba7c8ed2a434c0b2d2d1a3bd948913b4b39bc9378bcf02efc01ff1,0x3f6f422b02dd3029eced3d502a47f307ac4ef1b13a7885895dcdf38fa01c46a0,0x95222290dd7278aa3ddd389cc1e1d165cc4bafe5,0,58750003716598352816469,79201,0x6265617665726275696c642e6f7267,30000000,15429804,1674981227,120,15196360772
16511312,0x03084f0a4e3fd73fa7a621c146460f737d6c80c0db857c3e4329981895e035dd,0x4f2ab740698f561230ec9ac159f7313f79e73bf34a7848582c2cafd335e09a30,0x0000000000000000,0x1dcc4de8dec75d7aab85b567b6ccd41ad312451b948a7413f0a142fd40d49347,0x20ab8134762098787808879a8139433730a1c60d58e394309289808ad82e8db880d7b7b1c78b284040d416f44e1ebd144b59a358cb12dd98230a22193e37a141d448c570688a18e0eb0250894139907d9cc02821dd4e9a4c0a085451a2205c1f0e6c46d86692f08e92a6f19902a50c73cd9a881d90d81605e0096112a2804fc2100483578c82f71dd0784ef22184483d2c500491a94cc8c961ac08cf5c3020609e180143d84267800aa2cce44f30f4ab80c510a02532c00e86601b848688601aab7cb45600a118dacc8340f26d827b05c0ef41dcd0a808599e609d826024e6525930a00c80acb040802dbb8061059821bc726fa1b02b0a44f8c15c14d011b003,0x264641aa9acd5bda1369fe43e4d5daf281bd66eadd8b98f5f7028256b5fec0d4,0x8b2fc965f3fa5f1428ad484a529c40e96d7042d55188aa7bda5644d5ac1ae44a,0x867a46cd5c94211e7c47ec2d225e843334897e181c9c39c4e9de020c3a15edf1,0xdafea492d9c6733ae3d56b7ed1adb60692c98bc5,0,58750003716598352816469,43174,0x496c6c756d696e61746520446d6f63726174697a6520447374726962757465,30000000,26547137,1674981239,81,15250789577
16511313,0xd58406f20b56afdbbc2161a32a2979ddee3b0b161d5aa2f5783b2c42bbc10418,0x03084f0a4e3fd73fa7a621c146460f737d6c80c0db857c3e4329981895e035dd,0x0000000000000000,0x1dcc4de8dec75d7aab85b567b6ccd41ad312451b948a7413f0a142fd40d49347,0x36a9a959d593ca2afa0a3668a7a94b630845d009ae9040810431f05207a79f4bd608030c84024b2934e0ff900e9029048ea1918ce88f6d89021fe21955fbed424b28b1701e19182ebbb651ae459c296384ca06a2627b0acc22fa5e248801b81b77c54302831324b68384d4210b3228f3a0909e6c147f5410d21c11d0a47f00040e86a066268b015d045e424611d008a234282021a1c82248aea6487844b20ca1aec811418238612172b157e5ec36845826a5ca6bea39806f69312e26208a5442125ebc4656a504e66720ca9086469b2eef617a4650d8993750241ba34019e045c2b3fca958c88c80b2ad3e50080113f9e468414055fa20c0b088fc32d5503f02,0x3360feb3a46343213566aca9e692571c72edd61099e4216a9024ac518e7230eb,0x8a2ecf9b67d8c1c65cfd147f9487a7463f830bc9416562cbc8b9a71f020b15c6,0xa3872d3f891dd75ff5980159f8e73ae181c45ac5d5d038a49b13bbd49f16d478,0xbaf6dc2e647aeb6f510f9e318856a1bcd66c5e19,0,58750003716598352816469,57518,0x4d616465206f6e20746865206d6f6f6e20627920426c6f636b6e6174697665,30000000,11433385,1674981251,135,16718314215
16511314,0xfeb3109c0fa3a51e6b06dc34f4cc4a5ceacab39d839d863db917e7293648f9b3,0xd58406f20b56afdbbc2161a32a2979ddee3b0b161d5aa2f5783b2c42bbc10418,0x0000000000000000,0x1dcc4de8dec75d7aab85b567b6ccd41ad312451b948a7413f0a142fd40d49347,0x0420010002009829b45581508c330234000030480808961c8003a98900283404342651b28068841f6dc83524ce806908026005489d123c8002080a09cc203928022c509201101c6cab0655a9457214600840602421503808040c053480002a5383107204224277128584400100020961aeb10560415cb6c531c0c05038a8c8111400034226ca082408d98402214a1f8ce4086cc98d10a42d132419e620191896cb0c19a2932076600698e3b04eb2ec005801084060f8086f59a0ae6402011242485342ce0020104280a0228000005182c040a65f58882c30002089224001a1880432388e30110021788d4cc287113880602120e0802b00553401ee21e1811cc0,0x8c90b87495966174cc38b4db63ddbaf8c8b6f25d23ab782bcbaaa0a9b4fc8a0c,0x1c2b82f102f604420febcfb885176eb20ce18ffd14aa4b5f1b3521e36bbed874,0x4a7d842aece96b514d0f6ffacd14212b700495c56cbcbc1c581ebb1c7e8ec9d5,0xc6e2459991bfe27cca6d86722f35da23a1e4cb97,0,58750003716598352816469,33301,0x,30000000,7439079,1674981263,79,16221415963
16511315,0x9174a42f3ae9a47ad81058cdc66b0efd6ba9fe8854e3a6def50d943eaa1b27a1,0xfeb3109c0fa3a51e6b06dc34f4cc4a5ceacab39d839d863db917e7293648f9b3,0x0000000000000000,0x1dcc4de8dec75d7aab85b567b6ccd41ad312451b948a7413f0a142fd40d49347,0xef28193915009d50e0a584c0c839d3b284428cd8fafa3399314b9a863f2eb8a00ca6637108a6e2c142529dc02e113110cec22159c88038d063651a9074377585a90b20994900ed1e682059badd3880f696a9c78186f03b1e2a0402638cc073b11a28bf8123d6fca35bd0c4d14ce5ce785654864b88344605d2714d58183804de5ea3814112378c1481318d24276d08394422360141000e08018141c040b62106af7bdf62000a6686aaac48a04578844c10344e0f05a4232a27a4187e041b21154197e226000d55da660841a36bd452ab5a12e4c63e89c21d69848a07ea33b65b1756345c00031240350c17c443c5103280b17b207348b66210c1ac42e60d2383,0x231bcdb27a9baf47755496522196a1c0fd6970e3e77adf3132e381e75548e353,0x334818eb21d7e7206e3d0ee440afbe5f86c1663189e0c0c121bb516e0e23e53d,0xf6129700db1fb654a0649607755a5b32b4b1536e205ada7ac7d2d0333be717f1,0xaa23f757dda952743c9e7891cf25b116930631d2,0,58750003716598352816469,40576,0x,30000000,26293711,1674981275,89,15199342258
16511316,0xc218223524bad7a30c325e2d4aaa5b19835376a3be1e89f0db6822e98e2efaab,0x9174a42f3ae9a47ad81058cdc66b0efd6ba9fe8854e3a6def50d943eaa1b27a1,0x0000000000000000,0x1dcc4de8dec75d7aab85b567b6ccd41ad312451b948a7413f0a142fd40d49347,0x8ca109076870497c7e5a0544ac8c1230314a23031c0b0568908960624d4e217e1535d38142902308707b90004a2e213083433334ce56bcd116234220182c67014993f3a046985819eaaa54cb047a88729083cfa0134408506540ce56af63c1291b1008241376405c0c40528daa200d31ca149c90013216806301031100480adc1ae2c0c4a26ba17c0167880101105bd818301e81995484c8652c4444dbd39d32af883123332060e1820269e2041ef75a0454020464b2a2a21122182e0a0c6a7163d804929664c010441a00264194970741e00249b08a101221ac09525018f86699b9218c490038080c04048053c0309081305f810288424ee6813c0086911c81,0x478923b5a29c88d3bcb6c98bfddc42d3ad525adc0beb87dd253d46e46746065b,0x67566b8eb8bb801c60cf1487682fa4ab54df0d2b5c1320274f043a58b58ba711,0xc9add6343716ff1b54c52e825c75d061471dc8a5adf9bffdd41fb772ef5042b0,0xebec795c9c8bbd61ffc14a6662944748f299cacf,0,58750003716598352816469,61707,0x506f776572656420627920626c6f58726f757465,30000000,11397947,1674981287,99,16629817081
16511017,0x4ee7e0847556316af6d578d3977a6dc0904412d88fab9bbd123bd4c0d73ed330,0xfe3065b47a8b73512f3e56bd6bf7fa8ab153e224856ee6486886a800f30563a5,0x0000000000000000,0x1dcc4de8dec75d7aab85b567b6ccd41ad312451b948a7413f0a142fd40d49347,0x03af01fef9de1a2935c01a19f41df03189d3ec2aec2a1634f30b5e6a7d0d591c575517f2c07d1468d9633bc139703d61efeb3ee88da2bc159f5ce46591aa78f58f879d5e45bc5b2ffb8b79da5c543aeeacd66af085713ea7befc66738b6c29eb778d40a843e74e8a88d61ba920220a79eb735bf327326475db0ea5b7009b22b439519e6732374934a463bcfef9c50a2779b0c675a9c4b9fa242c3545aa1277affe7c9ffa900a70e1e48e4ee4d9ea8ce917c5dc05918523aa22df1a38612d4472b8ac142b27950cdb0f09db8a377f5bfde7e45a68f49aa337376f29e200dca05d973fe7a8cf02a3c46c2da6c482a7dab38d5cf76a5b5e847a75d7ff38d8197da3,0xe9eda3cb3b0b93175b05d0c2fec7c8b6f8b41cd76fa4a94e311016ea329c4853,0xe592ea53adf6a1fecf560df4fe597c3c80934ea427958731d8a3f75eb294f3be,0xa45eff310d57509e9254fb752832b421c07d95cec8d5f294bc4bc5908af06edc,0xc42f80913b33ba0b6002f3b5b8ad335ed9a137e3,0,58750003716598352816469,64256,0x506f776572656420627920626c6f58726f757465,30000000,27407389,1674977663,177,12970818068
16511018,0xa7cabdccbab353426722350bed1e677fa487cc597406c606cd8dca0ed7cdc809,0x4ee7e0847556316af6d578d3977a6dc0904412d88fab9bbd123bd4c0d73ed330,0x0000000000000000,0x1dcc4de8dec75d7aab85b567b6ccd41ad312451b948a7413f0a142fd40d49347,0x39a918ad409082043a3a485a8c457a2db58334a2680a194436010178141b15775017b504a489b2aa301afe12cb2527d386b3812b8816bab34200544a44ace5000171ce302482582e3b8744dbe4f0e821a2130372314c8c601c439570c2a7f84213a99141d69ad4f300e3058018402b710d992af18effa400810101b3041a401c301087d02232f11c4448f8a043c0332c07910c81b1d814fd606641e923b131a9ee8909c0f7006aa0a00540fa0036a4587610006a14028bea11417a8992cd407003d84702c73418d607094b9200a111aa64e88263378a091d0be3496ea821e800ec37e8addc819294a45d5ef05043dcaba24881220048c8484461ba89e14777a1,0xc91f5b19ed6bfeb5d8602d910204553d084cf0ad50763f78ca1cb176b240d0a6,0x4cc0d60f07fcc1fc61f5fb3f3303a049758b609a764c305aa2d25868656e5a63,0x8cb6480b3ae790c945b34774ab4ef6a6dad5566f9a5ad8964394e76c93fe1ac0,0x690b9a9e9aa1c9db991c7721a92d351db4fac990,0,58750003716598352816469,67756,0x406275696c64657230783639,30000000,11357055,1674977675,118,14311934613
16511019,0x7c502a5696a1de4437d8d26f40fcad28f3739fe349900fe217369838c045b3b1,0xa7cabdccbab353426722350bed1e677fa487cc597406c606cd8dca0ed7cdc809,0x0000000000000000,0x1dcc4de8dec75d7aab85b567b6ccd41ad312451b948a7413f0a142fd40d49347,0xa1290250d329df843010088af98d5921908e18350547027052092acae69b1091f8127525e002a28b8918b6b92a079d8d0ee989428e52a99074191021253a273982785034926ca178ea0af0e954605b2688266189d9711b420e089d5888e1797b1e8048305352c60381858943338ab8edc3b5646020959e24a73280b5e18851748340854c6a822feef44c240615aab07e54e984830f606e6b06b76ace64f0ff6d8fee4f5fb68a65e842124ee08a2ab20276521a2a7fae800ef0e3fe6fba151f50e135a587a48a88da86291e2a9062ba6648d02a4298ee0f17114c891ab01161424a30b99d1d46d400505eaeab20111935cf06d1753079215463c88890c0859c25,0xe43bcaa821da23c175bad0054c47c583a0304dd516d3a41f516abdfbc2fea4dd,0xbd1beb0715ba5a82e57385d4096e5987dd26efeff6c871110257f2f8cf4aa9c6,0x2040583d2f52cf6844ea90c30b081dfe9795cbc0316a2c5f2c5514222f283d51,0xdafea492d9c6733ae3d56b7ed1adb60692c98bc5,0,58750003716598352816469,56229,0x496c6c756d696e61746520446d6f63726174697a6520447374726962757465,30000000,10216207,1674977687,108,13877454692
16511020,0x351402da3f7963544373e9cfdf56e00ababa7bcbdab67b11e1f67dc1f8ff12ff,0x7c502a5696a1de4437d8d26f40fcad28f3739fe349900fe217369838c045b3b1,0x0000000000000000,0x1dcc4de8dec75d7aab85b567b6ccd41ad312451b948a7413f0a142fd40d49347,0x1c2317fb01a5f2642c132f6aca71416894abe21fc922227010f4670c7828153cc2079e5380d61845594aaefe7a162bd5cf0bcd308b42259a845d155844eae7494e47cc3c4a249f5d7a0356fc7cea02a202e030011a5caed7cb8c1d118962dd7b6e7056948226de179a9c10bd50a7acb56a08db561afc65c0ce005f10209be80c2fce7d5a7b6bd657c1e31cdea9c2b2b3ec22889159eda8fd0f2f4c7080b1fe82ca2cf185a1d86b41fe0021e5fc22cef01c33e4016f49e65e50c17d1a91a1eab81d2d7202848008da25089160e06e93a4ce5036c014ff58bb232f2e4a2aa5a1406337e9cbb14be06800ec4a839633192b8980dda05fb8804930d8293ca099df00,0x6cbc10bf0a81f1056363af15ad63ee12f827d415ec5927edc1dbe52d38512a67,0x5b0980a826e204faef5d82c08653c3806637692cd957ae4fcee8c9ad49048098,0x4cbb8a85a70899eaa092d4860ceec870de9036f4c9a8a55d1578a4e7e2a33340,0xdafea492d9c6733ae3d56b7ed1adb60692c98bc5,0,58750003716598352816469,77435,0x496c6c756d696e61746520446d6f63726174697a6520447374726962757465,30000000,14809370,1674977699,122,13324230771
16511021,0xa71204f659d4815ef52b7bb5a698d97f1e8492531d91403ab139f6bd2c8322c2,0x351402da3f7963544373e9cfdf56e00ababa7bcbdab67b11e1f67dc1f8ff12ff,0x0000000000000000,0x1dcc4de8dec75d7aab85b567b6ccd41ad312451b948a7413f0a142fd40d49347,0x4b6f7ff6c91cf1433b3aa212f49efaa99c741f93e050ef522785776cfe6abfec1d3bc8c7f2e3c1b4011a0e514dc5fd2ae7758a6baae7f78d277aa67601bcb5b4627e8f3dfb429e0dfdd869fc7ca64a320bf787a9fa45ea37832139c3ac4db85e5ec5b195bb9af67a24ddf49da7f838bd3b10697b349dde119ed0ef5b5f88d87f276cc9ef67eef31e87da4ea9ed38c5ee2c8324a57b95a1deb5c435483338f375dfd93df9cd0eeaf17e4022e2b33f88949171f3d1e5dc4be377c8ead8bdf16996d5f5a04ef29dacfa741b534477ff4533dd5d7accf2aa737f338eed7fd96ffe37ce37f5c8c8348009d4ec1efa59b95bfb94336f48234827dbd7d7f944ec336a7e,0xaee9c8d22efee167429a26358e4278af18f9b784dde683acbfd4ec5078097ac3,0x5e8ad4ce601c0b4436cec618948a1e3b25c5a6138d64e323a7d2f2497db428dd,0x7fb5fddf3f1106af118674992454d00da6f19c287ce791eea8eccae8baa3348f,0x4675c7e5baafbffbca748158becba61ef3b0a263,0,58750003716598352816469,60443,0x506f776572656420627920626c6f58726f757465,30000000,22952528,1674977711,110,13303064121
16511022,0x260f8dbfa2592d8311ad3c666530a40cb20af40a8bd2a8748381c36d05cff6bd,0xa71204f659d4815ef52b7bb5a698d97f1e8492531d91403ab139f6bd2c8322c2,0x0000000000000000,0x1dcc4de8dec75d7aab85b567b6ccd41ad312451b948a7413f0a142fd40d49347,0x9d31e1202104c3eab91c206b980b00397b0329044e13008814613206694de1220c0ec104e9032265624817008a059dc78343b0249a012d14920891741bace06800007210c2083e1c7c0365e8c6d0046e804401ea5af5087480a87d58a95c1c01dad119480a43077a818c4085110a0a21c108984827d0bc4282004c91883bc4044a60837176b2597c806d430e9581137d06a0d94b85c0070aa7a31cefdc391a679b0f656f1c216a429e4080a04da286029c5142560a0c938201c05c0a528414c9013030421d0308decf448400604397aafd9e45d2f5c808710f8d19da9c20f880013ea33a48804a0000458e8518a11b288720173a60a98868708fad10a115dd15,0x423d3c3b263b1c14855a22e17a6ec84a375052f6761bcc348a9e4cbd0b7bb716,0xd82408fb5b518caa8f1e6f1fd3639e6ea625fd79f43c056aa2cd3e28ca0d6e5f,0x4ba59ce78f19a1097d1bb8d1c1adb452ba442cc4a0813ad71ec7630ab2acafbb,0x690b9a9e9aa1c9db991c7721a92d351db4fac990,0,58750003716598352816469,167904,0x6275696c64657230783639,30000000,12111141,1674977723,108,14184672370
16511023,0x2f97b5209a00e790a06086002732af93fa8f5fd524788b7bbc526a2c3931038c,0x260f8dbfa2592d8311ad3c666530a40cb20af40a8bd2a8748381c36d05cff6bd,0x0000000000000000,0x1dcc4de8dec75d7aab85b567b6ccd41ad312451b948a7413f0a142fd40d49347,0x4ca00881a1004c3d2c307586ca1019ba26000641d807801820793032d4c595204282590090ae0461a0208f180a0481d51a992000fa807c070340782dac73694001095e11880a9d2c684b70ca4411402884f020804c403ec82a030da3800238555f3080004682441a05cb2114c82408ea9a47397022444c629002b051560a6048035283033022012525c2481008302478240099034140020c240105455030193a8b1e310740636d08ccd146c48536a40d203508187c22820a21e32a26004a4a50449a52422a40cccb020220823b36502ee6532243929d8a1d02610a860140206810126acc808541c0b204bb44010518a0a0624500207e087210441c58ecb72107,0xcf8d1f943a07241d9cf7dd178bd540e608a01c81fb713504a1bdc618d9a99595,0xeb4da0d31fdc08ef1e1e623e88067dfea111762e265fe5045b58a97a8f5f4c1f,0xdf9ab6a08b9a5513b7f16e7d5e10bd59dd71940de3fb6dfb373fe3e6c4084f67,0xfeebabe6b0418ec13b30aadf129f5dcdd4f70cea,0,58750003716598352816469,37337,0x68747470733a2f2f6574682d6275696c6465722e636f6d,30000000,8001836,1674977735,106,13843193050
16511024,0xc9f3c217e1ffc590e6050a04ce67e98688807d34378d472d22230baff7c525eb,0x2f97b5209a00e790a06086002732af93fa8f5fd524788b7bbc526a2c3931038c,0x0000000000000000,0x1dcc4de8dec75d7aab85b567b6ccd41ad312451b948a7413f0a142fd40d49347,0x0e690119d5009f4870292adeb91503e78d1af70104032eb415a1c97cbb088d70684a1117e07098a963109f526a5005222797b800ff91bc023af830950bfa3c434bed551e5f01cd3f6a0fecddce0a0abe9a801acae660be4c5760ddd58ee3a8351e54053cd61fd043309b1b3802b61d6dd384a618bdf16fe4d6233077f19e65b11a938b561202113d4cc90c61f19836b52ce721b1bd56ca3a72646dfec1985a5aff6931d7c44b66398cd2c1fd9733a68a9c7eea24e1c5a4fe4c5bdbf7126bc0a54719b35a243549e77f4a00bc687e5ab3e57d72fcb6acfe5d4ba048ea00b822d259b2bb8b00302c6830b52fa421ed1861876cf7b4d18b1058a4c42da8bb703c13,0xe576989b69422c1a24bd022da1909f0a75d62fc426a4b298ec7b80f7c8c53aa1,0xe7c8eda494a4086e559cfdb86fbcae5a6f040bc92e6998adb338ce8ad99cba21,0xab2c0f312d2866f95c2c61d07c8e2f8389baa1c0619873450743573342d13e6b,0xdafea492d9c6733ae3d56b7ed1adb60692c98bc5,0,58750003716598352816469,93316,0x496c6c756d696e61746520446d6f63726174697a6520447374726962757465,30000000,14960719,1674977747,126,13035885257
16511025,0x16c97e9e89ae8e6e8f8aef24292f85af49c644546c647338cc79047f0bf25ba5,0xc9f3c217e1ffc590e6050a04ce67e98688807d34378d472d22230baff7c525eb,0x0000000000000000,0x1dcc4de8dec75d7aab85b567b6ccd41ad312451b948a7413f0a142fd40d49347,0x41a381a507009668f8abb0f88e9f207e4ca092c2ab6223402205401ce6af47265415010cb2082a90601a1f16881019f49a390300aa9239080b48603b0cbcbc092c03d810c948be5f28abd6bac5584a214080a1d1ca6c1a0042142c55fb047897be0498c01f0684624685109958348d6111829210a0751c05d2804c578019f0642b35a2d1884238c5c06586a76b23e677440398c1bbd427d8f270c46e03b2b444bb8c37b1308469507a160ee08832bca224a0407060a0960a96e28e35c48d62416771a446409948d3680c598404d489a7660516c713ea445db0a56eb2290070c00db63d990886a081220d7ea8989c9823aca06325014aab56d387bd59f5d71e81,0xef013187a2635f6396ac561ec79db15426d98c0c1de1dace192afad969da3325,0x9e297ceff49c2bfe179adce6f3a44d1f78de262d9fdef88302ce852f61c27aed,0x5aa863f3a28e1378b308e40b07051a820355ff34708a53918581a69fda5cc785,0x95222290dd7278aa3ddd389cc1e1d165cc4bafe5,0,58750003716598352816469,58393,0x6265617665726275696c642e6f7267,30000000,10097032,1674977759,118,13031618069
16511026,0x213c58337bf5cfae8fc02080418c91910506464158c5b8fe8cdbef480bac8253,0x16c97e9e89ae8e6e8f8aef24292f85af49c644546c647338cc79047f0bf25ba5,0x0000000000000000,0x1dcc4de8dec75d7aab85b567b6ccd41ad312451b948a7413f0a142fd40d49347,0x36ab9bf9cf0c9ed738d88b10e7bd55601844b6c300d4ab9a012062e42d2b9de610196038e0704e1f2130ee741c2fb957f661b84c9f9e3088110c843d84b6ef035a1f3d9b7dabce0c7df945fadc64e6b0fd9c1f1dcefccf6ceac2573d98e710651ed1c2e7ca96e4889d86d19f1cb9ba3f69301a54413e9c32f61857f1a44f98a43d5fe1adf2b7fed4c474524905ea9b34b743448de3d15e9f6c71997f1f34bfe28ffc79e5f0a8772bd28c90e85a3ea5a21e7e50e2a76d401fa7e3ac648ac9cf708301ed469d9818eac3043d63417fdae5446aa46a3c99883f01254ea27990ecd28c557efd02ac165b508c9fc9093351f7ee30ed401938e75ca909e9fdd9153686,0x19d50b820c6f9ad2ed0a6d0ecf2ef8d4436123227903a30b61fed837bb0ae53b,0x9b123ddbf56226da332f90eb1c3dcef55ad7293376cea3127b0a5d3acf202fd7,0x8b98196424b5eef86a0a6fc05895f538e00d69becaaa753dfdc02e7758268180,0xd2090025857b9c7b24387741f120538e928a3a59,0,58750003716598352816469,61514,0x6c6967687473706565646275696c6465722e696e666f,30000000,29935100,1674977771,120,12499171350
16511027,0x92700e468c5e303b58e673e12a9a223167c0f48c608f675ffbef9ea43283d048,0x213c58337bf5cfae8fc02080418c91910506464158c5b8fe8cdbef480bac8253,0x0000000000000000,0x1dcc4de8dec75d7aab85b567b6ccd41ad312451b948a7413f0a142fd40d49347,0x3429418785c0f86c3890020681a806eb00c31a82f699240400a112004da30490512f4505c00b254110039d184a1ca197aec100018b04e901120ab2108c3dee32681314948108a02d7903e9c8d46422608ac50088c64d0a5002010649ae2b28090e4801c5030a422314c0000a14478f79c6002a491a120740c200005032be704012132a7902aa894c844c040348f23130060298b109208ce852290848403212008a8809d606827d03c4a441f800b6a18815d4b220a880814b0ae10a1650884a11851082520c2148ca040885001916597ed45d03d016aba439054dd9a2c102fc32473ef9090800802802259ee00b019c398000233068a8a14150c8e88089857402,0xac8767f341a9478a63660bf2a577acd86e192ecb6ad2378d7e81cb8fa2d039a7,0xdb34db255963218590f691bb95fc4ca0e7c9aa14237aeff7d72a9ace749f75d0,0x2e17cd6fb8bebf79ed65d5dad225202922b57900d66752e8e6214b60d4ecf8b2,0xbaf6dc2e647aeb6f510f9e318856a1bcd66c5e19,0,58750003716598352816469,35799,0x4d616465206f6e20746865206d6f6f6e20627920426c6f636b6e6174697665,30000000,8436403,1674977783,104,14054807800
16511028,0x6a5b5067b8fbe93d6959c56ccff7d32361c604dae39aadc1c2ffbb509f8cc6ea,0x92700e468c5e303b58e673e12a9a223167c0f48c608f675ffbef9ea43283d048,0x0000000000000000,0x1dcc4de8dec75d7aab85b567b6ccd41ad312451b948a7413f0a142fd40d49347,0x28b89da20104891230b70363a81459200db63402c4602c000005a018dd33c107088e0682082d32d82139af044a2091e00b000820db903a3f20790024a1b2f001221ac1549170000c7a04d2ee5c40623484828989ce449a4316d311158407f47967884ad1f7c2e52010c018c908ec99b147996f10805c2408c0c904500959243850508100544228ec8440ca32408481233420080111102db91360a8f851f01e019b1c23022602ef298c8348e59d32a00bd2c4a23e4207b202e9613f2ca29a4710c090808304882c8a4480816a3f7654ff4660807096c8091d01283a064882240a8552211b0d3402c212823fa6a16513a1a53841280f6de0c3006099bba9646206,0xbeca788b2db7fef4e8491b61f12fd8d4fa836e0bf5266b3a6ab8552d8f4ff55a,0x70dcb8f103a54b2f6ef72a95acde76fea1ab08996ccbca2c385dc67ca244a85b,0xf6010b82992c980917cc67a2eacd841818fe2d670f92c38f6c487234fb7c9a9d,0xdafea492d9c6733ae3d56b7ed1adb60692c98bc5,0,58750003716598352816469,136650,0x496c6c756d696e61746520446d6f63726174697a6520447374726962757465,30000000,12895310,1674977795,121,13286057015
16511029,0x4400a636d63103a8a1844c303427bbe6121efb2f2b0b769a34a119771343e4cf,0x6a5b5067b8fbe93d6959c56ccff7d32361c604dae39aadc1c2ffbb509f8cc6ea,0x0000000000000000,0x1dcc4de8dec75d7aab85b567b6ccd41ad312451b948a7413f0a142fd40d49347,0xecadc5f3cd34c26d743e06c692a52a75b134b9691d2ae6ac124347b428a2b52330fa6a87914a36d17322af29ae7f89beaec520e0cb80a1a7930e338cb2a2a8a221939e167436be287882fce8fe10cae09984140ee0c2dc5430229d809f237e217f9203b2e6da631a11ec15ca14618831c9178373ed703dd4d2025cf893deeac6c391c72677431034f56f16de7082132854e8ac2787e045ce2621b9e9129adb0eaf64dbf64cdbe6e8e21c89a2b8b3e5cd165ce22569cd924f5aef0d97257b4821cdf09232e90718a83dc8c1c4187b903d8dee33629dba019f00e65b4a02d0bc7851fcb6cf1014a878141c3fc603533931b5d5c73b5f2cadc27bccbd5afb775011,0x3ff5df4217e4c9340ce9b96ea757d16bbc273df0cb3adfb9a23569b54fd9b643,0xb04623d1bb65cca4f4b216214aae61381331786d971b2e32229ebbe6a96185a0,0xd729dc66204101fb144eb6c039a93f38ca22a33771fc51e583a51f43b74277aa,0xdafea492d9c6733ae3d56b7ed1adb60692c98bc5,0,58750003716598352816469,68446,0x496c6c756d696e61746520446d6f63726174697a6520447374726962757465,30000000,16682172,1674977807,151,13053031754
16511030,0x02de2d8cd004eaefcb2d85df4c04b662a94437a92890d37658af43de42ef39cd,0x4400a636d63103a8a1844c303427bbe6121efb2f2b0b769a34a119771343e4cf,0x0000000000000000,0x1dcc4de8dec75d7aab85b567b6ccd41ad312451b948a7413f0a142fd40d49347,0x0869070146049004300490a5aa12183309073cd80c1836a00241250504a397302c12d12247431300803bfa40180003150aa102828ba33cd4228bd43100ae6caba90af05040128c2c7b97d2f94624e221d14e48421954080928382d37945d14235e2008044342467845d4508c01651d2103b5003ae479748ef0023c5ad88928ac1b0183523cc25055bc614d212106423698610c93a5aa08886128947829300b82af0d234118fc7247943903e00832a4002e2402ac20e44a0288649ae2603601667b105c620c7012c21c3a04e9028e3e934249ca58d2f898992f18c8424024e2c924322ddf9191a4c0020c46ea80851201ada0615449790052b2e50e29a3441426,0x8497b59e7a404a80895c821366cb6f3f93eff9cd8c7bf7df16bf6ff8d0858406,0x93210b7ae1e33901cba9853a472f82dbdc01c54d9c7f19c4d81b7f79e3e168e5,0x7b22120e947a11bacbbdf05333c813303b96de3746e84117d5ac54ce3ba82189,0xdafea492d9c6733ae3d56b7ed1adb60692c98bc5,0,58750003716598352816469,49725,0x496c6c756d696e61746520446d6f63726174697a6520447374726962757465,30000000,10975380,1674977819,134,13236010458
16511031,0xa15380691529fd2dcd1d902cf67d0adf553058c6ca913b66ca9cddfe0f2b0c49,0x02de2d8cd004eaefcb2d85df4c04b662a94437a92890d37658af43de42ef39cd,0x0000000000000000,0x1dcc4de8dec75d7aab85b567b6ccd41ad312451b948a7413f0a142fd40d49347,0x2e7509459280dab2e01eda3e8d5f13b139317e934c11b2e03b61c1119e811e7df5bbb36fcc8f8c991a3fa7092a9ed7f5a2a3614a8c31b97db24ed653307eb8184c5ac55d6f2709ac690d67edf4d82aadc5a8083174547a4cc8103d85c6afa91b7e44e0a45ba2fa87729c9ccc58b868f4e582e8eb0178edbfb218abdfc09c71c0a20d6547a2c3374c15c53e6c44a854f1a45294a12be236da8771a3e86a76de228fbc2585755ae778ab9351b4f5fbc5f2aeb62c0de830cc0331c3effe82a20c51a9b014c6ecc0b8ec584610303c4fe0b5c46d50e9d18b2815beda7a2285b8b248fc9bf58a48d068fb0ef74e478547106de786a55557fc014441c9d9d1ea3867b6,0xcaa45c514c2a59d6d60b98e94403aca7254704bcec0b0472af1b2d9fcf11188b,0xabb5bd62841361613c4c8fc79ff3037b1ac1511db96d40c90dd60b2dddf7129b,0x9b1873c7eba43eb18fa989ca8abe649c0dfc01b6a837de9667aa75de92612898,0xdafea492d9c6733ae3d56b7ed1adb60692c98bc5,0,58750003716598352816469,81360,0x496c6c756d696e61746520446d6f63726174697a6520447374726962757465,30000000,27531455,1674977831,150,12792094522
16511032,0xe921158115725a8f6bc7fd3cc88b9c4c04167a7e34f8bd67d30617134c8cef86,0xa15380691529fd2dcd1d902cf67d0adf553058c6ca913b66ca9cddfe0f2b0c49,0x0000000000000000,0x1dcc4de8dec75d7aab85b567b6ccd41ad312451b948a7413f0a142fd40d49347,0x992b4829a588b22cf00790ac8d0388e3000238004956a40442391a1a7dac47a06a2f432022445889a403be42ea60c1254f010b04c8192c9015404068a06ce808c850c13ec41a5f2e2a1346a844044278b475e5466a7e1e501c401d14ce4d3001122105c823037401298e909000003b650008800a24746688fa1851d0168fe0945a8406d532ea048404495c003157bb260420b005f16024286e32a0f963b1065d9a88014384c062138a76f7e60872847b24480022665cc24221241f05b0080cd84722f0072c2300c124ca0b830d74f8ea4185166012b80e1901dd2d4e0200f042023ffd49098085d20a0c3e8004815825854147e8119e2040019ddcb9f00c1600,0x38064fd070025e80b7689c8c322283629dc38760be2a1c408499c1e78e731b53,0xb21bf4f2eb70a8b1d2e7f6ab1630e202796d7e58719ffb20780f40c7d97c7286,0x3707ce5de84944a143261b67ee4f31cbbdf6300de99634eb38bca342e8c668e5,0x95222290dd7278aa3ddd389cc1e1d165cc4bafe5,0,58750003716598352816469,103768,0x6265617665726275696c642e6f7267,30000000,13550638,1674977843,130,14127957495
16511033,0xbd2ac62f602a94d14e85869b584444e0f6c48b1004da3a141f5d63c1c1de7e13,0xe921158115725a8f6bc7fd3cc88b9c4c04167a7e34f8bd67d30617134c8cef86,0x0000000000000000,0x1dcc4de8dec75d7aab85b567b6ccd41ad312451b948a7413f0a142fd40d49347,0x8dba843997c2fa7a7afe82eeb8654d680a10b146d9ca097449951d66cd36ddba2eef1503a8caac84400ab77c4a3d0dfd8e24b5489ae4fe0360fcb01755b6ec7e8958a01e021fd9adf803c1cad23040348df58e02e760fe5816e957d09c693fb3165a403803f277068ccc78a06c8869f1ce5224d19858a71cdbc0b8d7ee5f620c0a442a7b068200079dc9636609e314e03445afbba54ac7296231a86fac3b1f90bac8090e3ee97f76c730cdc8cceec6326df77fe338fb9c26c5c31b9ab05905344b01e0c66504a8fa140c00043a0e3fe6d165aae1b78d883fc42639575b1daac4917028e911147ee295547fe5e94b9c89838a052250da0f5af8838e83e313566e,0x305dd39a63b58bbcfd980082d74f228fa407d9bd19e15c7603adca676c2e22f0,0xd2c18abda692a42931122f9dcff60a33c71ad945fca1b76eaa997888ce9fb14c,0x77624f15ce148b8140b328b3a8044b10e7811765a08b147fce9b0edae03f781b,0x690b9a9e9aa1c9db991c7721a92d351db4fac990,0,58750003716598352816469,58288,0x6275696c64657230783639,30000000,10635284,1674977855,129,13957319789
16511034,0x53fb960febe2d85638398b3e00f45457d61df8ec4cab052f441e2a89cfa1790c,0xbd2ac62f602a94d14e85869b584444e0f6c48b1004da3a141f5d63c1c1de7e13,0x0000000000000000,0x1dcc4de8dec75d7aab85b567b6ccd41ad312451b948a7413f0a142fd40d49347,0xa4ac2d03658a98412a0f48f09b97b17d21663e61c420150838132083ec5022231ad2e298b0490874003928104f98c98182c100e08fc2ba23240801116560e4184e2918914100713c7f81eaeb6902a821a18240828e605b18908503019ab31c258622400c0256629218b65c46001349ef8650923b904024a886455018449ce00cc63001c71602482588650c114242112921176011414389684025986109122a54cb580301e7ef6b423d6d43f296a0841a0aa6000423c09e7a02281a904038743ca061021a6a10a6ab40ca00c4481414e7c05411c139a81a510004092be080ad6a5532e3986444800551147a841649b2ac832101004cda0362c8b448e2e1544200,0x80b396e5c073f2326b44e5da6b6237d3614a44202488498d2c25891c6f7eaf92,0x36759849bea333b43e69b9a65b39fcf75f43d6c168472f3982a0a76c745ff245,0x154e1b31cb44d7c5593271712de844e110e9b3849f94fe93ba7bd9c23a0ea735,0x690b9a9e9aa1c9db991c7721a92d351db4fac990,0,58750003716598352816469,25271,0x6275696c64657230783639,30000000,29987672,1674977867,67,13449655314
16511035,0xfd17e28ac08f6ec63092e4e41d9c6ab78d20aeca92fb1aa99700c4c5dd4422d5,0x53fb960febe2d85638398b3e00f45457d61df8ec4cab052f441e2a89cfa1790c,0x0000000000000000,0x1dcc4de8dec75d7aab85b567b6ccd41ad312451b948a7413f0a142fd40d49347,0x10bb5591a6029203e04814b18c345a211c60869a034722041c29c380459bf47753ff4020826960506106166cce1869342277b01d9aa2e1f962485c9294a8ac20c808c5398206cf3cbb98cba9560878e34f3029bb496838574682994097672ca33201d1129a42df2524c5b0a4005139e82442a8315c519511d280545509b8a0321a03af402bca51578ac08e66acba0be224120085c56a014c8c068f76273a38329a9d0b73a0206293f4b6f5a49a36ee2a25f081808440d07611e10af5109446136db014c22e5815d2cb4218c2090d91a2d2a5b2515dfbca3d9020b9e39dc0b07024ba60899ca0a04176860ef42043b8e987c66d06a00cb046700af813c3854e81,0x08d203a6a3f9ef220e76da980f31fcffd6fc6f659d5a4f8235c8ba1bde7b330c,0x0e0289425aa7d9e7c02702d4a5b90985ff12b9b0b8cf85843f4ceaba38bd4095,0x33a29a7a21d46f920f70000ece29426866c323331c8dd11d9a885feaca062419,0x95222290dd7278aa3ddd389cc1e1d165cc4bafe5,0,58750003716598352816469,79246,0x6265617665726275696c642e6f7267,30000000,12848616,1674977879,134,15129480500
16511036,0xbba62ff93ba8deb582605088c3b405bec6ee8fc37f4e952dd3756ed0febc72e7,0xfd17e28ac08f6ec63092e4e41d9c6ab78d20aeca92fb1aa99700c4c5dd4422d5,0x0000000000000000,0x1dcc4de8dec75d7aab85b567b6ccd41ad312451b948a7413f0a142fd40d49347,0x8c3941071de39268ba07045bcc491a2446c296e7e01608b542031830043629a05044e183a44811250022fd38c80011504281003889c3e9c5361ad431a429ee08c8441891c218142c395b5189c320482295a6276a04520a1c48282e409805091557c0cb441203444288861081134808f9a90091b50618148192204810021b480163206063a393816c044d470cdb2812b476110907a77414ca2c33806f20b41ca08ac933994c0d7143df006586c930a88914c2c8e8000200aaf4658f961208205441d034120a0010c7860700d2404e1027c1cc80c8f1c8881d58000a0a6427b10845322689488486c080809e9432979622a019032c008a114c84979ee282051445,0x3b7f349df69ee2862c0a9b7b8179c7d0b5d04a2b0468ec5874a3393f2aea0b13,0x7d47f8b9b2e5cae27b25941ab44eca7cb3fa56b3b00b9d1da21daba5bdfdf059,0x5ce2e4e74b7c26fd2f559185a7be161d0f99053cbb3ab6c3363897c8fe57d9c1,0x95222290dd7278aa3ddd389cc1e1d165cc4bafe5,0,58750003716598352816469,47983,0x6265617665726275696c642e6f7267,30000000,9844519,1674977891,116,14858236148
16511037,0x94d0b2268777a2b957703d11bfb390faf2d50b9108a3f6b4cfddbe50ce356027,0xbba62ff93ba8deb582605088c3b405bec6ee8fc37f4e952dd3756ed0febc72e7,0x0000000000000000,0x1dcc4de8dec75d7aab85b567b6ccd41ad312451b948a7413f0a142fd40d49347,0x05a11190810082fc3c35588c8c2da26c6a0b2c0a284e113414318822c5056904005ed380aa2e80900006bf524a0e01188331802dcf02b9192390047814aba9700810c3bc4108df082b8a50c946b560258184550593440e421621df40d9aa7cc38783a03403164903a514800008012a298e04923230d1a4148800641101c840542b4211e12142113480dcac00810448663411c4a1a540418872202c6a8710109cca0809c738006b0c062643e1882a940c8c2400888001e0e26e608a32a05cc2303309da022410b5f3060804822e0011cc724034c1189f181f012c8c02cb45a07a2035600f2c100083c08d3b9600ebd1a982dac73001aa0e404a892c96a3995689,0x39064106e7b97d3ebf7355f943dbc9741eca4f6905eeb4cee329df9edafc966a,0x629916c8a4d8c12689eb3c63bbd87aa7ac03f3d9b31a25625afa6c7da85066bf,0xc47c2d51befad842be44408c57b004ad303a4923c5f5e51a008554d0394fe46a,0x690b9a9e9aa1c9db991c7721a92d351db4fac990,0,58750003716598352816469,56075,0x6275696c64657230783639,30000000,8883037,1674977903,97,14219891531
16511038,0xe7a7b9d555b94ab8d21841d4143b235abc09c19b395ace5046080a500cb75553,0x94d0b2268777a2b957703d11bfb390faf2d50b9108a3f6b4cfddbe50ce356027,0x0000000000000000,0x1dcc4de8dec75d7aab85b567b6ccd41ad312451b948a7413f0a142fd40d49347,0x2c203121c244602969bf9fce9d95c3a17ce485cb099c00501807090ddd851ff622cf2680e06e016d407026aceee61da4139284a2baa264a934c6180d34a7aa400060b8d2610a79de7fa84cc84540b1616ec10e329c46ba540c6d0c49882168e34a0606194ac262aea1d9086809a249638c4f05492a5c85c0928918f7498a68261a0810020022621701c014a6c04d0ea07c41f5111146e83a204589421a3428478addb17e82527b479f9230f3df269423265501900802b09288c42a9b245ec438b2400003250108cc0c880010605f55f3e26f15713c8a109906061803dd627e400c1aa4dc1285d606323cded9d489b1258842538416699057b1952d818311e1a3,0xfef3411899efaec08664f161859f4b0b3a52ca38e6db9baaea21586bef87ec65,0xdb0202ba75f95ad1eb6268a21a93c3b64be494779c90e5066d4ebe2bd1c11a68,0x6b8a9cd9a5925c929679abf23ab1d6a769701c5724ed3881820614015839277d,0x690b9a9e9aa1c9db991c7721a92d351db4fac990,0,58750003716598352816469,160191,0x6275696c64657230783639,30000000,13787064,1674977915,123,13495036945
16511039,0xc4392a77138340c8302007e2a75f694bf69aafcad28e11b55fbc4ea8749baca7,0xe7a7b9d555b94ab8d21841d4143b235abc09c19b395ace5046080a500cb75553,0x0000000000000000,0x1dcc4de8dec75d7aab85b567b6ccd41ad312451b948a7413f0a142fd40d49347,0x80eb41211482e826b11488e2bad211a115d37dc98bb9c4442309d191b1893064c8ae470d90ea6dc1d46096005a7d8dff82210c31ba10fb7def083113d0fe64318852885042e2991e7b23d2a84e31c061a7a25a526474186bdc33ef918a39fabf5e8a6c0416df60721c8cc2c8c9322920ab01a6411ad46c1d868083d227bce2a4a20007ebe263c905a5dd2439caa6912bac0d85c1c34601d97269fd6f4d900530dacc112d059e6e069ef469e59d36e7459b5440260806844e91b5fbb62008c99ec50dee4718933fac3c88121a805fd1af52e44840bcea8c19044d9d12a100e00117b732cb400cec850e1e2e0201bd3c21801e118e771b344294c53923ba343527,0x6cdfbc96cc4187d3d1cbccd33997754c56d47cde7d24b979ebcd8123c13c91e0,0xc45aff3e2f6003310cdfa71a48921a6eb2734dc48d6239cdcd7c47dc3c4c107c,0x20ecf5433a37faf9961f751e9c72f3b3efb19ad6b0ab6c35f0001b3897e083ee,0xce0babc8398144aa98d9210d595e3a9714910748,0,58750003716598352816469,137066,0x7061796c6f61642e6465,30000000,15033124,1674977927,112,13358631811
16511040,0xb9031646c3f400b63c56a0debe79d57a2b5f98edc33199b5b96b3589e30e5e9e,0xc4392a77138340c8302007e2a75f694bf69aafcad28e11b55fbc4ea8749baca7,0x0000000000000000,0x1dcc4de8dec75d7aab85b567b6ccd41ad312451b948a7413f0a142fd40d49347,0x90a9c1c97505d428b1593e89ec1c76612d013c820c44a22b52b3a244cc5f21207416378da4180408112a9a66cf832136a7811520fb2efb0d0764a81312eeaecd0e12c4146d0ad8edfbf250f9e37f64f1cc3652e189501a5d44803f28caad192a3a401935020ac04321859aaa00bc8b619112216c9c763c6a89e30e91688e6e252b41135e1a0b0724246dfcc5efc00a242140a6e1a747b4cae6eab47806100c32daba610f3b8b6f1202b1d0fcc9728706c5c4e9a42c6ba04686778e041088291141295403ea2809e3d1021b82020c1bb463601261baeed9bdc22539220f10b800f6bea0996eb0e8e82355d6821d21d0a98995a56401285e59e84d2c90e8137cc3,0xf141d343e90c3d6e59a250493fcb057da733d4ed6aa471c1cc17bb36ddb0f2cf,0x6559b460ac67e26bdaad6bf0e5e5bd2572d24cc28dc89969c50a7a400b5000ad,0xff7b126fc5cc533eda29dfd43834af9a589ad272f5f077bdf75d82701ac2e28f,0x690b9a9e9aa1c9db991c7721a92d351db4fac990,0,58750003716598352816469,73688,0x406275696c64657230783639,30000000,13803694,1674977939,123,13362319238
16511041,0xaa50ab3610608ebc58835d3cab9e4a209c115800168a30043793e2918720426c,0xb9031646c3f400b63c56a0debe79d57a2b5f98edc33199b5b96b3589e30e5e9e,0x0000000000000000,0x1dcc4de8dec75d7aab85b567b6ccd41ad312451b948a7413f0a142fd40d49347,0x283e02a9a662b0de292e9a00ec3392218c633c234ade8c1044ad85684c81dcb295072b28008244094060a5069821110f0e6097689b80a2a216825e1558346e215a3c51d8d0de9d2cb904d88a541d7bb28a8368e5206418a17b81f345d1c310357740440126def85135ca000899d858f8d65c8d3893553d74d7d114d84cddf3d4192285a93b829117a4411e864b0010edddbaed01018486d81c05a06c09b032a4db0d0183dc066a8f0396cfe408248c82ffd072230486ba4a21e62c12f096da6f816497e2849029e0147d11a0057e5cb7c775827ef9af089b8bc67e222d90e0420c1ef1bf008ca89256ac4f20466fbcec81789370036e374aa41c1955b6f36091,0x8e2f40af20867b4ecb9cd1b4f93b866fb51a87ab2d774c2e9e5af73453858847,0x9c800ca7a09f4c3d8215779a3f4c17bdd18c0712eb992711dca6d1c9b0031c1d,0x759479409c2bdbc7052379cc2c23ccbb389c84dca703693c8fda26061be0807b,0xdafea492d9c6733ae3d56b7ed1adb60692c98bc5,0,58750003716598352816469,67389,0x496c6c756d696e61746520446d6f63726174697a6520447374726962757465,30000000,15126487,1674977951,128,13229107383
16511042,0x2e74dec1be43d9d7192950f26cc7c2592c1f088137e27bbbab1686d370a77cef,0xaa50ab3610608ebc58835d3cab9e4a209c115800168a30043793e2918720426c,0x0000000000000000,0x1dcc4de8dec75d7aab85b567b6ccd41ad312451b948a7413f0a142fd40d49347,0x0c6951a4e300884672e913f2a5147b2b4105d4024c0a29019089e500e4b55e07911dd379c2b6491861129f089a2535d9f60b10f65a8229b002248558456cec186042801c444869287beb8aab57f4217aa4804c01d344c11b8d42953591696c1b2a5b5308aa075cc3019bd49440e24af99a0b4891c455c436dc0784d133bb62b04208b353a27e016e2445c78c0efa1d3bc6dd94a92d72039ae82c4c4b5b317c20dffc0fc077c4ea11d2fc41e0a022956c67c54e372554244a11302c7f159e01a25208c806070b78d91d4a2a72c5f402b44f4900c43deead1b962209622f14fbd4a839be896d8d21bf06075efabca9d130e7ec311d80e89c44c984cd85c3121cc3,0x8c8294bd7d77aa563c98a7e5c7fa3dddf3d29e257661499810139af77dffad18,0xa342c883bb550211f25d11e42881fb6d353e22313b4c34616babdd586dd31aa2,0x5fd4ae0b3f0c49bfd42993efeb59ecb70036813c154b3d2e57669fde4f3293af,0xbaf6dc2e647aeb6f510f9e318856a1bcd66c5e19,0,58750003716598352816469,103901,0x4d616465206f6e20746865206d6f6f6e20627920426c6f636b6e6174697665,30000000,15806018,1674977963,166,13243051633
16511043,0x9918c4d51158486f0915683c74da301a06112845531a07a8d089b5ff759e4358,0x2e74dec1be43d9d7192950f26cc7c2592c1f088137e27bbbab1686d370a77cef,0x0000000000000000,0x1dcc4de8dec75d7aab85b567b6ccd41ad312451b948a7413f0a142fd40d49347,0x5422550f2760bfd0e93708718c84f66929a1bfa35918c610d0e3a5016c2014bf585b537a07c806ad34ec3e165a832db04e628430fec820a903eea0185de2ac666939d0964140f2bc2fe766ced551f9a4c5c7582209481a651614a862b8e091195e2921231bd2eed668ef9d3c387939f30e5a8a694517055783a4333dc88ae05463341b88a8829987844b8d40e16b0867be41b30113c8941a62246f4643303a35cf8a83c52824631adb5151e584b687895e91828c50928d0e02772c8426bc44e1ada81046225523eb2141004a806f3695616096e1d0cadb9d486a5c23ca32b472fd37a08cb90234a420051bc898875615b4705556439b3f40e00c080cd53d9793,0x2d78870d69b719766413ed4882d3a2fe057d7e3b0b934a51eb8656623ef0fe19,0xdcca5431e051a34f055949360496d23480f1b80316f18d5a47e2263f8942cf21,0x509611157187dede3d1823cd76f420960e9a29ec3d670ecf010da625bf306ef6,0xfeebabe6b0418ec13b30aadf129f5dcdd4f70cea,0,58750003716598352816469,102440,0x68747470733a2f2f6574682d6275696c6465722e636f6d,30000000,17696269,1674977975,142,13332002782
16511044,0xcd25f9534c32d26476f876043bf3db9fbbcb717befaa4552b3e4bbc86e8e9495,0x9918c4d51158486f0915683c74da301a06112845531a07a8d089b5ff759e4358,0x0000000000000000,0x1dcc4de8dec75d7aab85b567b6ccd41ad312451b948a7413f0a142fd40d49347,0xc06b610d048cd02e38288941b414272b0c041a8382029210912127250d02c6b417784208e04608b10094a6b4c816cd11d6125c188f14ad3418a0947d0473e4c30a6ab35f513055aaab81c89c5c4be1388e8a00c0a646db2af741ff159a65586b9f1c8224029f7cb622ddde0150840a6d886550112abe9cf0c2662c97279ac0940328070a1bae3b0da74b0743210a8b2af618a1e30542521c0301444bbfd6b5a4cb0d216530a2616af30040e74834a8589f2104a1728232c60ef79b9c110de1821bac0242441098e2042880211256c377fc60624598acac95482c3a6a8a00ae822c10a0892e24c20009114ffc3c9b56edc404e100b18812534c94ab829e9d1cc5,0xe7dabec53cc0d4a17eca3043b1de97404f719cc26620d0f077741060f33ae9d0,0x9beb6b706573f7ade5326b6aa3e41fb11f2d28e90cbf031611e4e492592c5a81,0x4faab3a09e4e530fb98a72738f46e453a1ab57c4251a4c07e2c8231d91a356d2,0xdafea492d9c6733ae3d56b7ed1adb60692c98bc5,0,58750003716598352816469,66421,0x496c6c756d696e61746520446d6f63726174697a6520447374726962757465,30000000,13113868,1674977987,164,13631558330
16511045,0x3782a467c88a83ba3549c0ff94346169555fe19c90aa5176d37de8a2115e041e,0xcd25f9534c32d26476f876043bf3db9fbbcb717befaa4552b3e4bbc86e8e9495,0x0000000000000000,0x1dcc4de8dec75d7aab85b567b6ccd41ad312451b948a7413f0a142fd40d49347,0x52b540c224c0bd513c0455c18bd2832904156e034955da98208b51438683b52d108a152b84011001e354581618663dc1e2192090ca02f8202f301095102aa0390009807a41d1c80ca8074aa94d3d44e1c8080280a3518c1582406f21da203d110ea004170a9bc643104462c088192af9270c8ec26f7eb4148021725082d9144c010a035e782a80140b45f7e84d024a348002159381a114dc5c2c05eb00f380068a6c210814817ed2a3a604f44b60ff124c3060a009a820cb08f17fa802b9700061307042003508e60c48c832006e02c2c3c4a9e2b0eaac19a04d096a800cb60040bde0880836357c1006828010051040c20191005148a95bb0459b03ba999c10,0x62338949bc0b6676b8fd2817977de9ab672ff12ac6048175af29ce947c7e2a8e,0x45a9f58b2526db418667d902e2a91ff268e51a489c27a8df846720ea7286d29d,0x5afa16e87a9bdd457d599a0cb3033caf5bcb148fca7b4b10b3bd955e228a3d0f,0x95222290dd7278aa3ddd389cc1e1d165cc4bafe5,0,58750003716598352816469,60487,0x6265617665726275696c642e6f7267,30000000,12061151,1674977999,114,13417300677
16511046,0xf52f11697259630752386faba311066d8e2168196eee22ae7a6820e1c7a136d4,0x3782a467c88a83ba3549c0ff94346169555fe19c90aa5176d37de8a2115e041e,0x0000000000000000,0x1dcc4de8dec75d7aab85b567b6ccd41ad312451b948a7413f0a142fd40d49347,0xa2208178c2d24be7b01d4a8b87d580234f47e22b5f218a2116a18306ddc40997f51f1722999511084109324e7aab2f290ed1863c9b83bc818a9c228d14a0f611d013c29e5414ce287ba750da6c11536092c9034261601a6465ee7e0d8958f36f1ee6b0dba2b7dee8c13c10c910b028732853047c7ad7adc9d08048ffe9dc79565a49b7f1196e300da1459c86211e16eea0493641c740fdd94634a05fc3d097479a1e09cb9d667315b386f1eae06ade9c16e1522430e4ecb2586a0eb712270a7265f296d68c39d8e7256d09a56bd5ccb1e03d9a52538a0517076efb2b1957a4771b3b752c68606f10dcc63a803c94968c973b871be88cc9c4f48fbbd7c222f0ae,0x4f13cfc7d322017f76bf5d7e0f55168f89e9f5f746f4f581d9d88004790ba8a7,0xade8e6538808b50022ee5c7e14244c5ecf8ce49d4f8b9796c0d329b7a06e15df,0xb255f71ad3ac1dec46ebf2b1972ec4bcad5fa97d5a8ae50656a0c5b43392bd72,0x95222290dd7278aa3ddd389cc1e1d165cc4bafe5,0,58750003716598352816469,77314,0x6265617665726275696c642e6f7267,30000000,21064284,1674978011,163,13088705505
16511047,0x0e7753139fb9fe5ca4e7d48d659cbed9ba47b863804967eeb590c7bb8cfbb7d2,0xf52f11697259630752386faba311066d8e2168196eee22ae7a6820e1c7a136d4,0x0000000000000000,0x1dcc4de8dec75d7aab85b567b6ccd41ad312451b948a7413f0a142fd40d49347,0xc6a1000600989bc4207c7211e7d4ad29480647060809890e1285e568dc0b902d5830678bd80112d9a80877061c11097182230de28b8375b89358f8c0b5fb27801901801a7c46ea2ae98142dc6414422fe0ac21909d489cc1141138538a0b1401936865240b92c6e00d8c3a30103008f5fa4601c0c356bd908684c17524d9fa12e2220b70ea3bf80d10c3818742245a21a4b18c810968b46d22b90055f2942727af38014984427c43efe061e48762aeab14d605a598a92a1e01a73abe0185d07167942842464015ed9e019c122c9257a9cf0028c8508eb79d396c1a63b0a4a5106013e98a8806b821125d0bab11857831c4f8c50043985351706e186bda9cad82,0x31c89ac230518506ab002183511ed4af91028e0d0c2f16155c766600d298945f,0x99a22abf25b484867d937a79b12d7622ea29c52fd2ba391a40359e1352eb7fab,0xe108b5abf90dd00a83c8e37bc8ba399ab16acafd4471be862f3c070df2885711,0xbd3afb0bb76683ecb4225f9dbc91f998713c3b01,0,58750003716598352816469,83987,0x4275696c644149202868747470733a2f2f6275696c6461692e6e657429,30000000,13573762,1674978023,106,13750152399
16511048,0xef6dd6e80a814f79f1a03beb00997c3047fe9009407cb57d7e4ed9dac9f75f82,0x0e7753139fb9fe5ca4e7d48d659cbed9ba47b863804967eeb590c7bb8cfbb7d2,0x0000000000000000,0x1dcc4de8dec75d7aab85b567b6ccd41ad312451b948a7413f0a142fd40d49347,0x1ea16cbc6281e864e83b100fee363c6c06876ee3db3e844856e9804244213951c3df552bc41a79012d0b0716aa25ad8cba214951cbf46059bf10bd519d68e4232204a57c1823c7f87fc74488640269e184c8c6228248ced13e60cb0dc32f18dd6729252382baceaa35fc8c481a065b6d5e912ad0e95cb444820854d3785ac2341e06e2c53d4b0db58cc18a02080455b29d93ac8b514f12c874836c63577110648a6e931d3d48fb12b5814be71cf8e62e2cf0d876092df9fa01e66abba8c443b56478514f0900c98bb572a822661393f6d6b099f17ab9799b0a23ae72ab11b576285bed8a290e01a5440a4ba01289deb18108912b218889e15a9d8825a2631f91,0x926d107efa8ecadd3f62787b8a0fe2a01c376e7757a98052100d2d1e510618a3,0x9ab7a0d9ed82927e3323de78442fee891b38ecce8fe2cc12f3bd71bb0deb3964,0x3c4559ef8d072d38311bd08e1340d4af65954649845978691c342086c8ddeb7c,0xdafea492d9c6733ae3d56b7ed1adb60692c98bc5,0,58750003716598352816469,78102,0x496c6c756d696e61746520446d6f63726174697a6520447374726962757465,30000000,19569522,1674978035,149,13586727484
16511049,0xe71d0b1a014bf15d905d46b1bdba47d43072d42fa37dfbf4ec95c52b84065766,0xef6dd6e80a814f79f1a03beb00997c3047fe9009407cb57d7e4ed9dac9f75f82,0x0000000000000000,0x1dcc4de8dec75d7aab85b567b6ccd41ad312451b948a7413f0a142fd40d49347,0x52208c6002430346653201a8a0089860e9a48928171b83e186838491a30a13c532bd2729d5442004443e81101b14c904220088d80a9f4a00ce0cc9106062b054504168018f824a327e0686dddc70a86a3f203f92c642a4c7a0d1881e3640560f970000001a1394824c815d8320052a63b80c8e1427b4b471ce80015e14af49a60054320419020354c0417821c00a4a70001622752b5df2481c32e1412f135685ca1b455636e2f7045d2247f8b9f1c1b90c08348a7ca60c5701432cca94d2d486a1143507458c88920849740276218164ba2210f198a98ed1a8024c129444a11b1c35e8cc40c001b0b6804219018137e8c041b13d87f82128e8361fc304420204,0xab8ea4ee3b80cda39b0c4c361c6be87f9f8495312968b5a1f0e0b3ba8f43ca3e,0x04b9c23cda144f31a297af7ceca56093e4a1e7137f21240ab9150423051661db,0x0a12da14549d9a2fe5ae6d06eb75b2bd1233365bfece9e788c62ccccf2c76099,0xf34db7770211fbd84e2f13556884a4bde38bbdf0,0,58750003716598352816469,95909,0x,30000000,29997760,1674978047,263,14104101235
16511050,0x22637f6f386779ea8e5d62c588742145fded68cef2b74ec15f460d5bb29c68f0,0xe71d0b1a014bf15d905d46b1bdba47d43072d42fa37dfbf4ec95c52b84065766,0x0000000000000000,0x1dcc4de8dec75d7aab85b567b6ccd41ad312451b948a7413f0a142fd40d49347,0x50394f10a50291a034e620cca98b4f129d6bb8e14e692300a225cba6a489f1204007479a95c2ad382383ff02680805813e81883cbafc6a5ee30c004176a833302bc00d8dc2202c6e2ed341c95e3321fcc0c17a36e14002a65a087515992b7016da00a100a238da90b0825f3d94003df3c0f1acce0159bc01c20373364d8a880403820af7b690491506ecd6588617dc329d67a8294173a8b8686b204a80748e4607899d4841c6ece39761f6edde72a7c8149362b42c40b8a200775ba3249940361008df03cc0743a669088c9a024e20c05d69a66cf5a8c51d933c40a248d6a82861bcf7097322846aad443fbcdc18300287ff2df090a26e4c210c5a0c83a39f23,0x3eb14b8e051005aaf1c3e841e7218860c4aa5d29484fb580de8b08192fc29093,0x3849af1db2ac4fdbcf6d722ea129b83ba3bcb2c0ece731776ab2a9fab8dbe392,0x87d62b138e9ba27a3cd75007da10bf91829f6b1a5edb34774cc43fe4541c84ac,0xdafea492d9c6733ae3d56b7ed1adb60692c98bc5,0,58750003716598352816469,121195,0x496c6c756d696e61746520446d6f63726174697a6520447374726962757465,30000000,29996618,1674978059,251,15866850612
16510917,0xa75afacd670bfd4fa2d09a8a02138a0ed7d1617ccac3664d1ca1027a37e05395,0xe8f7e3352220bb3d598d6285066f238b1977a7a195784b8f9d63f55bea92bc17,0x0000000000000000,0x1dcc4de8dec75d7aab85b567b6ccd41ad312451b948a7413f0a142fd40d49347,0xb6a109514d82b20258b318c0b61c63a01cc30bf3084921c0d81537a52d7a3368460f43bdc0e05409d305261f2d80032157090780c844b3932f74848bb42a2b012002d51af69cda2e68264eacd8f12eaaa0d441ee01405bbd8605ba7be8602236360aa6108a924b9f15d094d83df32a314b14d844a370951528b80ff118db00b53aaae956672b839498fe462a016be1270c698039ad4402ba6e48486c0a9f12c1bfe89731a48b6d10e045a5c25137a4830c7540842847008f1be5946490aa8062702e14167f009cc68f91b2052267d5af5962b2c014af231a3dec9f2ac5b1a8210c1a298d24368824040c2dc881571d38a47ce441139920f8d19c3d12d3315685,0xa9f750dd5056cbbdb68d716c10563fef0be636e7ff7d1c771040f45cad727d73,0x2e8cb5c1a4e4a8a1595604ae900890c13e7de16201ce058d7a3b23e11b98f8d1,0x00d81a935cf243cd508bf111f0de56d5958e2113e47858599502df5d475185dc,0xb8921c382c8936644f12f09df29bc26084bd5c5d,0,58750003716598352816469,68242,0x,30000000,28727056,1674976463,113,12944935339
16510918,0xcc2ae41366d7715407d5d579af52e2c7ff641f0befe3b5c837c95c315c6c2bb6,0xa75afacd670bfd4fa2d09a8a02138a0ed7d1617ccac3664d1ca1027a37e05395,0x0000000000000000,0x1dcc4de8dec75d7aab85b567b6ccd41ad312451b948a7413f0a142fd40d49347,0xd9b971b051d9dec6283300028e53b13834832041080edc18146d92f3560a9a046087c721b823002aa1122e194a042d95c3db006bda40b2782b409a971cbea2218c287c74020b8c2cef85e1df560942e808a808505e4c1a484781ab17a8141c391f096a150687442301cc80459b202c69a911b06580543c10e52688d6095f60346f41434a2222022494c82ea20404229ee5309e01dd400858d419826048d1148e9ecc050695466f628a80f0eb0daa95809dd561387aa2b9ce20eb3bf6561c056dd1380c034c881b8b3079e936c53edae645e052c035d86f1c032d383ad8057c34093e398a480eb401388c5800674795200150538c224840d974d90c02e7096d22,0xc41a1c3d4fbccbca5916bd8955e83a7df17f73ec9e41a3b24de8dee76055772e,0x1de983f1f8aea61ef177ed82dec8f2e045cffae60a91ff478f0f8f277ecc13f8,0xbd581f91c27367473de9b0ffef345bc16a12d116b5ae74e13e4e09488f7e628c,0xdafea492d9c6733ae3d56b7ed1adb60692c98bc5,0,58750003716598352816469,71654,0x496c6c756d696e61746520446d6f63726174697a6520447374726962757465,30000000,11066114,1674976475,123,14425734108
16510919,0x251ff236e265ab4591d7c9d04220a590846d8a8edb51cfeebfc915cbe2cc2904,0xcc2ae41366d7715407d5d579af52e2c7ff641f0befe3b5c837c95c315c6c2bb6,0x0000000000000000,0x1dcc4de8dec75d7aab85b567b6ccd41ad312451b948a7413f0a142fd40d49347,0x1020040100001000080000808100102800804000050080200000800000001060002c002200200004400044000940051003400001080608000000004000202800000080300000080068008488410200200000000001050000232000008d0084000a000000021300004000000200300820820040000000081100000010004000250000000820028204040000010000202005000d010100940800000840001100008a0901000001604280000080002094004410000000000002202008000010000300200c124000000030000010001a800460089060108800100044084000002000011020c80001000104240a10163b100800002000000810c102040800d1000040,0xad58ec7ff5c0b5310939fc3cc0ec1b06556277ca673db2af013551d14b9688da,0x28ac82fe599da68861bab24fae3db4c410f987c29a297071bebda8502262c437,0xa1167336c03796df8de8fc003397bb9edcd7fa792bc3bc412e5bce9b39d07bb8,0xe10332741c59ced2ba96db514a9ed865ddf99b6a,0,58750003716598352816469,8724,0x,30000000,1663563,1674976487,26,13952824163
16511051,0xcaca876e1d990e07f0e459843a8141d6c97e924f071106f6dccb079974db37d1,0x22637f6f386779ea8e5d62c588742145fded68cef2b74ec15f460d5bb29c68f0,0x0000000000000000,0x1dcc4de8dec75d7aab85b567b6ccd41ad312451b948a7413f0a142fd40d49347,0x87239044418499442880c0cec011522854144509000301174081201a2600c61153a50d2aa80d29e0500abe124b1001458a01245c8b192ca0123208f64eaaae0026cac09578020d097b1b5bb85400116444ca484026e09e5170656b078a043827062c4840869bf64f0b812320201a08381200220c45b40c50bd84c87230db20040b7c435202a2b09ca542cc1001181a26a682392765c007380b0d6070031410a79b2c811990246d00a23005ac80a2af82a4708e609e11a1c210e248b04008320674c42006a10150ca22834d0008125026d37868c53edc3c13b04408024aeb7843083968480054c264204d9b00005110b1a83a0b025be800600cf4880994d1be02,0x97d5415f1efa8e91ec9fce725e50b0cb8c874ea0d94428880a4851b90fdf0457,0x0e2de713d98354c77501d7d001634cc8cba0db21235271b2bb0917c551feeda5,0xa0470d6e09ed8402da0cf4b6ec3441266f5d0bf28f6a46173a958ea93f74e639,0x05295a0ac05d2165b061cd44907c53b7a85e95ff,0,58750003716598352816469,66838,0x,30000000,11268248,1674978071,111,17849759757
16510920,0xa856aac0838053aa2a689dd80ff0e764ce44d2110283167fb9f0670c6dc1c762,0x251ff236e265ab4591d7c9d04220a590846d8a8edb51cfeebfc915cbe2cc2904,0x0000000000000000,0x1dcc4de8dec75d7aab85b567b6ccd41ad312451b948a7413f0a142fd40d49347,0x956d4f95c3f89f60d88304d48f75ebfb719b56779bed1266dab9117efd4ad97e7ffff76fd419b3955749befeef647b94a3d3844ccb147b21ee53c373cdffebb7425abcddce429eaaed9f459bf5e740e6d68aeb816e7b1e2c21eab5f7df63780377b40481ba87fe2bbdbcbdbc9122affbf41ee0fbf7692e5df900ac11c2ca7eb61955dbf773aa14cc1dcfce004fbcf4aefcbe1e578b74ad8e73307aef6af538d5ab8e877ecf227f479f8649e58f26ec2cafddc1213db101760be41e6c3a7901f9d9bfd0476d3f8b5b379a2aca461effa6dcf77ac917af4736b76dfa33c817bd6b6afffc9fffc7aa91982ebdc8e70790e66f688f8353c96cf6e159df1af779b6a6,0xe8dadc77093a8b6c15d0392d681a1ef494a0282b320ce56d1c2275b8702dad0e,0x380d739e8f6b0d13256e57ef7b9bea876a78af111014e9cecf68f6efc70d41b2,0xe8193cc34a028fe4a131b24bb6ea7546f38566711559e722bd02e7dfa36c4c4d,0xfeebabe6b0418ec13b30aadf129f5dcdd4f70cea,0,58750003716598352816469,100673,0x68747470733a2f2f6574682d6275696c6465722e636f6d,30000000,28660770,1674976499,243,12402149493
16511052,0x36ef2183582f61c8a98f32787ef5b19ec33f301c3b380d92dc0d7f877d8e9011,0xcaca876e1d990e07f0e459843a8141d6c97e924f071106f6dccb079974db37d1,0x0000000000000000,0x1dcc4de8dec75d7aab85b567b6ccd41ad312451b948a7413f0a142fd40d49347,0x5c614581f59eca0ef0a66820ff8b46e665ebf9823cf24dc2433b834ac442256fd8cf7949cae73a07cebb7eccdc7fe9734f0fa431fb79faa2dadde90191adaed9b850f111f7598c3efa4bfeef4e837cafb7e221f8795cbd71fcd8cdcfa66eb8fdb63c8eb11273668fa5dd9db3e8f589ef3690a15fe55ba794c9a8cdd388fe8e889be893faa2a2d0f6aded2642ad118fa954b6ca7faf9b4a7a6ab4a4f8ce30d616ff4c6bdf4f04f283939a47fc6cf2cd898cf10be5f69f9872bbfb4eb8383f633be9b8b137bdf38991853b41b02cff96b2ea7dcaddde9e94d5a1491bcaab1eed782bb9fcd8bc89fcb120453ea4407658688c621132e1c89369d056b8c7d79b55f4,0x6aa955bfb657b8459a39154d916c0ef3a7ab01f8845e8b1ff9d3be6d0c53bc60,0xe411f29dfe03c2e1e52118dfe53c98b684717b50aeb54e672aec14b0ad107d66,0x3a8bcc7adf9bcab2417adc18b9d55fe5a95a72bbc36968fd4c50963c2b6c4e7a,0x95222290dd7278aa3ddd389cc1e1d165cc4bafe5,0,58750003716598352816469,113644,0x6265617665726275696c642e6f7267,30000000,28703465,1674978083,272,17294669119
16510921,0xd3f298ea7b10955be1d0118d446743afc029310e6a7d0e5e936ac887a332fa60,0xa856aac0838053aa2a689dd80ff0e764ce44d2110283167fb9f0670c6dc1c762,0x0000000000000000,0x1dcc4de8dec75d7aab85b567b6ccd41ad312451b948a7413f0a142fd40d49347,0x47684a0a914b8140181b0496a56963bf59851305c84a2c08424b4000e4d0b020b0002388a40a239f40043d102a2001558b2021489a00680d62421852146ca25c4c0092104be0087c3b03c28f45f861e1c9a020e05b645a480781ec6380703c67c65a1000139a2332808dd05c69182cfb3601784812f1745063b0f03f1b4822240b3383512663806434cb200009f1181c04420f496f401488603064ebe07031819f98e5731d6879418e0443e4dc0294c80ec060c03180c40341f12a5205eeca530128a18a64090063b1002340120af224763180c250ac701083643b222a1061283033b2889c93242d2e4c5e80048918a4a1b00c00128f98c022060900d8095003,0x60e0a7abd39ff23cf326f5ff8cc89c946ef3e01c21bbe1bbd877a28d9d4d36eb,0xfcac22a0d9bde84e037c954591f6d645f7f8b2dfc8f41e5cbcab0c23eed330be,0xd2ce4ec1e10d354c9ba6743325e9c5a71d33f6b3380a1dbdc1d2e1913ea5b830,0x690b9a9e9aa1c9db991c7721a92d351db4fac990,0,58750003716598352816469,42424,0x6275696c64657230783639,30000000,9329964,1674976511,110,13814007090
16511053,0x3cc46c7c29de1e7cdf8c3116dcae07fac117c816de16bb13731183c475deece8,0x36ef2183582f61c8a98f32787ef5b19ec33f301c3b380d92dc0d7f877d8e9011,0x0000000000000000,0x1dcc4de8dec75d7aab85b567b6ccd41ad312451b948a7413f0a142fd40d49347,0x4e390048c08dd00a34923926bba49226164e7d01004048821085190a0c8004006086e9298002a02a94a8bd000a1e41a5220912508a29f80002045003842e287040082c5443041c2c6ca3d4c9ce0161a0824010c1e8540a422a41fd099985280112e1483c4292d66aa4ec9c269891a9299a41ae61015024f2f20448d80b4d4a1d42419b5200029c7cb54981c2899882242681818b110a04084e21807801308096ea78c1cf352c6b41a230e9e4c0b1e688b632243c6961f19283f14e96004380016510c35205a509ca00021002201237abf0cd08511ce85c572d44d98a4ac6244002377619208c014a43360e822029f93080804b3000fe3747200d8e19f0319e04,0xa290776a3ab9f54027d5efff15d28c5dbda7bd3951d75d7c44e163dd8b2acdf3,0x66160d5e171317bd3f053a5eb79f149f5ed1a490cc08db002b76893997565c08,0x2faaa4958fd49a944610110194397888898ac757a453cfae6466a714e19e93a1,0xdafea492d9c6733ae3d56b7ed1adb60692c98bc5,0,58750003716598352816469,68947,0x496c6c756d696e61746520446d6f63726174697a6520447374726962757465,30000000,12360678,1674978095,113,19269643226
16510922,0xbb7e58ceec17cc356e2f5272c6ada0231fcd48e97b9f06ede3936360e192ad88,0xd3f298ea7b10955be1d0118d446743afc029310e6a7d0e5e936ac887a332fa60,0x0000000000000000,0x1dcc4de8dec75d7aab85b567b6ccd41ad312451b948a7413f0a142fd40d49347,0x5ca9731c6b01b5cc3c091208cc18a9b875eb3c578113e689880978e18ca04050580a0701c219372a550dff75fe000319863118228c01b930306110363deee3106a1ad5545402cc6dab174288d06860f8df82a8b32764db4a1530dd6185716e02164019043302c6b305c2928c080d2f72c49e04b99354a558068317d00c7a0634da41c54c0eaba02555cf4f55a51a39e767504f2199c0385dcd3800f8589033228f8c214bc2a0eb4bbc067181b5628685356000e02e83cb8a01781f3e510d10f8e3eb3432958cd85270289802434c10e645640ae2b2bba81a8b1fc92292c37abb20bf389988108e812b4df756ac811da03a8093eb44cc725032783990e4991d42,0xe2ae4190fa6c8c6c86658775ff7641b248943405f65f7b8ac8ba8b4fddf8b66f,0x38f0aff4a93b980a5fe4f4344bab23d8aea993e410111721e6c68da1dffae01e,0x7f8b7d63c4931026547f40e459cd4fd5cdd031672f86bf649e892895d47caf21,0xfeebabe6b0418ec13b30aadf129f5dcdd4f70cea,0,58750003716598352816469,55120,0x68747470733a2f2f6574682d6275696c6465722e636f6d,30000000,13785525,1674976523,123,13161291111
16511054,0xe93576629f462326a5bd9349fd82abe7c66bb98d2fe6d4443300a7f385d52b5a,0x3cc46c7c29de1e7cdf8c3116dcae07fac117c816de16bb13731183c475deece8,0x0000000000000000,0x1dcc4de8dec75d7aab85b567b6ccd41ad312451b948a7413f0a142fd40d49347,0x0f698011569ad20629808404f6249374240670007c1071a002b51204c401b6a31d16e32490a60491541aa2447a4171018a012018da0031043a54920050ace8400208e33040c19c296b8360a9d09085b19102026a5644984c87800741b2e2903922b80c0c42ca833d2b840042208a0ce0012680085051140890905116ef0f42200834a042a0822924d158ea4201228061881104956a8044ca27400a58025428b5fa9a452b88c0e285b60449a0622387ec54c88020a1a2b20386c00a88084dd0293688c06681068ccc0100420a60004a666d01084134ee9111d0009a722a02fd0eae17602d10042088038c8fc010851064a4101188219b904b0859e94b8e726c65,0xb03fee2810d2fd605436fc6facd9660409a7773421584e4372ee43cbd6071b1a,0x55fbc06fe4ef35a8bdd31fe879f45756cd00cfc8d7ecb8661340bf7ad152d0d7,0x9ee938b63070c34aacffcc7cb177e7cfc53ab4e1cb488c808fd62a72da0a795d,0xdafea492d9c6733ae3d56b7ed1adb60692c98bc5,0,58750003716598352816469,58913,0x496c6c756d696e61746520446d6f63726174697a6520447374726962757465,30000000,14455057,1674978107,137,18845819949
16510923,0x5fc91b12f03dbd5c4acdba628e473e6f5f37abec5b97a65cbebd85b58a4f6996,0xbb7e58ceec17cc356e2f5272c6ada0231fcd48e97b9f06ede3936360e192ad88,0x0000000000000000,0x1dcc4de8dec75d7aab85b567b6ccd41ad312451b948a7413f0a142fd40d49347,0x8a212ca85038d34ff80004598a8c373806c3af8fe8909d4e1949a192ed0ab05b020ba371820696d056389608f84c41788b0381888820f82b4a0091db3b2ea28448daf177412f9c0e79d6c49a41508020d519416a1374eab93ba1af64805d9e125702fc4bda9e46b70acc50c0b810b8f106c13a194d707e5309a40cfe9b3bb4b08aa4ce73ee83d1ce1c6e0f68af0312274d46b6a381023e4d6164eae1c0f3202aaf1c5d0122a0eb508f0629910dec95126458224cf40081a33961fe9d85946484538226078821c0c0f863382f2a0215af58c082cd10eeca3a346f5913d61a68c5db76eb9cc0f6a2215c2dfd104cfd1d6a87e373274809416c65cf480ab1193c85,0xed41419ed0660160fbfc1b7102a7f6ca75c32b314d4e9c96457fd72ea9b6ecc5,0x0db1f99025d8ec9d7657cc9d563273b40e08f077bbea887566120fc9f4171e4a,0xdaf1ea5e5447ea8372a1706c440d9a0692b3359b9b093b9c6ccc507b9942e21b,0xdafea492d9c6733ae3d56b7ed1adb60692c98bc5,0,58750003716598352816469,89846,0x496c6c756d696e61746520446d6f63726174697a6520447374726962757465,30000000,29998386,1674976535,98,13028090620
16511055,0x029a9067969f82f8bb0df4011fba973f19746752a5e55389cf0ecfd2ab53a307,0xe93576629f462326a5bd9349fd82abe7c66bb98d2fe6d4443300a7f385d52b5a,0x0000000000000000,0x1dcc4de8dec75d7aab85b567b6ccd41ad312451b948a7413f0a142fd40d49347,0x9e284d8089c1c84b382c000aa19c132b9c445869a853049442c1d000942a9404d181df8c883914196832de409a55153282e38808cb07fa2b0200001304b2e00131c852a1bd0e0b086a2251cd947a20e3c18829a1f7401cd919215f6180419c55837020bc6683ed26159ea14820204ae9ea18200464184c408a84c2d30118b1904a46c333d6a619758475c242c9060121fee28c81c92000da46a0a669409434409b4c514d54866e6abe8040e4cd22878c2f060a20600bb84240682fac113b8051f1784002212a80e004090001008c526bc04698c094ae13558101c82788e9a90849bdf829065d8828300e1ec2854c50a2a1a523104c7801f8027b5a53864b3113,0x171edee7d581f3f92f6535cc61ad2f8da63d62370281e26fecef8877fa09cafa,0x9b2230137658d5d1c9f39f49569cec3c30a41a58f68c09b33847318e52c65aaf,0xa7db2f8fc5eb49a56682bf0e9a2ed113acb8eb4a6040063c36271d4f4a151af9,0x690b9a9e9aa1c9db991c7721a92d351db4fac990,0,58750003716598352816469,67229,0x6275696c64657230783639,30000000,12903853,1674978119,134,18760237469
16510924,0x62dcd95a032e752cf84c3e38ea5b87ef17a93b62fc7a9d8a6e3bdeebd3525910,0x5fc91b12f03dbd5c4acdba628e473e6f5f37abec5b97a65cbebd85b58a4f6996,0x0000000000000000,0x1dcc4de8dec75d7aab85b567b6ccd41ad312451b948a7413f0a142fd40d49347,0x41612000a10009483a082508891819220020a10a00040400004008005a221000002a19004400040032101f00292201c0220110048943ba001000100001ba28404c028188400020286d82c48d0d2260200090304055405800012c45018d41201112100020130660040100200008e408600011a0050850245048106410042aa021021821410002003c100400088110400204028487810200cc54207c60401002088a8805e0190267412c8cc0a085c080880414800020c0410e0030080410004200a01081630001000038010614805040c45065024410d80930ca20180200812001113a30080007400108031c6267841010440002000049024410721810ab40342a,0x55f3cd003eea40ed50f8d1f690f3d5aea6d86eba134905ed2412bd5043f8b954,0xe97ea03e41f7217f078add7f6efc533f81cac6d38e631bdd758e6232e1c2d27d,0x41458881b7aa05236ed51e862ea97765f89075f0a5c07cdf7307248255682c67,0x05295a0ac05d2165b061cd44907c53b7a85e95ff,0,58750003716598352816469,26920,0x,30000000,4251796,1674976547,51,14656426719
16510925,0xcf26d93a106154a15e0ac03a734ad037ea43157227c549ba5f43075e64f173d1,0x62dcd95a032e752cf84c3e38ea5b87ef17a93b62fc7a9d8a6e3bdeebd3525910,0x0000000000000000,0x1dcc4de8dec75d7aab85b567b6ccd41ad312451b948a7413f0a142fd40d49347,0x542147001dc8aa3328221048c859997510592d044d2b8080d899745a9db2564212560620aaf800d0f4086f370b6b8b490e43481aea113d01b2a47280b4fe2e850a2a077f94808d196bc344aad5f4c3f12aeda048ece5faf4270b39e1c96cfea35ea88f161a97440690f920ce12eb987912118c31255cf41216d4a8d3617b2cf55ab19348ba627175b46f21424dc2920dd40b0c099950ad4c6f40807d41f019b18ecd6d038ed66f73abb04df4450c9c4474ada240e3815f1601efae7e14bbacdb8d92ea4ae100017258513909805e46f4d1810b505aec7a16450469a282812b6601b9f4f818cf00459ade1ca1450598b2ce6a3400f0a83443f9df9893f901b4b3,0x3f31eaa188c74adafdf79e6704e5b1eaabaaf98ed7b43175b67e5a34fa0ecf81,0x848966e8a774b8d3a3cb472a9766481cd3d08c94a0bcd14e4396278ab5a86098,0x3ba801d64f6eb5be3d57c2024794fea94f8aae335fe7013e716ca54fdf4db7ca,0xbaf6dc2e647aeb6f510f9e318856a1bcd66c5e19,0,58750003716598352816469,113089,0x4d616465206f6e20746865206d6f6f6e20627920426c6f636b6e6174697665,30000000,15497126,1674976559,187,13343674517
16511056,0xf6402ee53782cf429ea068fc2aa82c717080b390ca7dbea410a8ea711ed7d3d4,0x029a9067969f82f8bb0df4011fba973f19746752a5e55389cf0ecfd2ab53a307,0x0000000000000000,0x1dcc4de8dec75d7aab85b567b6ccd41ad312451b948a7413f0a142fd40d49347,0x2aa181204480802e3a099538982c13326101b509c81d0888d0996b901482650131423175a0da000881a6bc60581913b31a01108899d1eeb10330001302683a301280090e420a087ce90bd0987608c0a980442c03045808620970674098021831123110050376004e1304041f603308628212487e0150ac1ab89150f4841c240c2820924a068a8924d86c002991441826a57904058b504448162c80ffc8f01104fa08732714726ea0b6d15ca50cbdc4416c92489814abc117a4604f0034e911b70c70485771020ac0006818e305322d84c8f507da3ade083102c54d330464a163e1f1a2080485858b43262a8570581ca08184030203080740202588c2b2499e41,0x1e28ac46e4065e6326369be538f7088e419757e799224bbead7018ed073a7877,0x385cfe5ac3c6d0e0986de16128092e0101a6f590579fe0c9aaf4c8b1a5062a83,0x001431850e4f6f55e7d20d234b7a30a534a5332c090a8689e6b74d81236c338c,0x690b9a9e9aa1c9db991c7721a92d351db4fac990,0,58750003716598352816469,70525,0x6275696c64657230783639,30000000,17764650,1674978131,200,18432535674
16510926,0x57c363cb90d260413568b622a4327d14fcb57cdb139572d044475b510f85cce1,0xcf26d93a106154a15e0ac03a734ad037ea43157227c549ba5f43075e64f173d1,0x0000000000000000,0x1dcc4de8dec75d7aab85b567b6ccd41ad312451b948a7413f0a142fd40d49347,0x30b1a80b4000937c6c00352eac60103800a6aa039c0242a40049124829a11d0440878ae19249014810118613da800b03820100c888f46941040801508429a800c018401008008c4a7ac3c2dc400426a28480000113593a520510890680814c95167243001216000600823a104910093123451a60885824307081115e32ea802953000a650c23811491c91a4299002176141085034182841a004020e5ce3400088b4c110b591c6b41841a8ae81275844d24a08950d420d442b4e8084882d042594a382422148d0843168858431e0e40e4568992c23488881001442b060048a0400091aa0c828322a50e0459d004d11ab0400a0361011ce064a8341841b0716d10,0xffeedba90a5365b7e46dd33596c8fa0ee54ea44f23f1c604b244984e09077c9e,0x7c931b558cbc57e22733648d8ce2e7ca47996655fe27e4cf7a87913d6fe3ed42,0xde622644e66fb28f860ee442ef1785170b875f8fb68502b2590eb2e9b5f5a4e6,0x388c818ca8b9251b393131c08a736a67ccb19297,0,58750003716598352816469,50067,0x506f776572656420627920626c6f58726f757465,30000000,10368062,1674976571,112,13398953579
16511057,0x09a6ff397c6ec774b1e309fa3788cb8bd058300c084dc7e7e23b03df0243c168,0xf6402ee53782cf429ea068fc2aa82c717080b390ca7dbea410a8ea711ed7d3d4,0x0000000000000000,0x1dcc4de8dec75d7aab85b567b6ccd41ad312451b948a7413f0a142fd40d49347,0x0021058060c04a08b090eccac095672051bb8c1602001b002629b080611600025022026e8022211805f017044ae7058f060198008b00b5a21b18120011aca8c1c25240105d300c0c6b8344884711a1a0aa066d0596d43c4011a16a11b6085201064010804613010921a01520304308390012204010100c74ca040bb1a00aca99434611f0360a1135916201400902a4346440c081a9c9d458a319d14100113036fe88734f2828eb00b2a899e04622a490a4d0c0929c25e16352cf081a1203290635941612f6541dac1300080027ce106041645065309d20557100da234294e21321522c092c4000800404aa8481215820859483285128134206948b0cc494c401,0x6194592aa34966696226945494f65c07140613ae2219e235f592fca38df3acf2,0x9b8c2e2ec10d6c94364c2412c757eab789bd5a632b22ca413c00ac45046daf6d,0x43ed950639274b9a0d22d7264693b96c2d4d13425f99007c0731d8d218a2911a,0xffee087852cb4898e6c3532e776e68bc68b1143b,0,58750003716598352816469,67594,0x506f776572656420627920626c6f58726f757465,30000000,12084524,1674978143,143,18857198255
16510927,0xc9c0b72d5a3b95bd7853a363d76d537d251928ef9a6f37d3b1841e40263bc23a,0x57c363cb90d260413568b622a4327d14fcb57cdb139572d044475b510f85cce1,0x0000000000000000,0x1dcc4de8dec75d7aab85b567b6ccd41ad312451b948a7413f0a142fd40d49347,0x3c6dd23177e91f8aee8984e8bb9e23bb533b21114a79d3534073c6706e3abc07965ee52f7e11a119801c8fbe1b10c1265f315560df3be8bcb3644e3e752cae0c53957bf5595168eeee485b8b4b1f32fc88ec23e320775fdd5d351fb7beb13658fe9d17ee93fa57c661fadd0c3ab4eabfe3a1dc6720fcae7826d901ba6cef6a673788815a32ea007c7c714742c9e2f3ac3522959ba360a7784858feecec30a4b8df7a9d37478df34316aa1de4dd5cbfe63fc16c935b09f5cfd1789a98b2d9712099fb3d624dbd0f4a81c1817c846d1ab5477836fc15a99ebb7dbffc063aabe096fa1af58b9251e6d9098fdfe6a87b7b6d004a8f0435ec905e3f40bf6df195d69a,0xd8da0b1581a0dc55b9743be1774525076b8321f7205a1939b07d82304d7468b2,0x85eeb6aa6a9406c5bb781683c6e3df8c9b8f44ff6961bd7476702a32e97ac7dc,0xf79030a63d894a2a4470df0c063415ec1bd58086cc0cd1d2991a632df36542ab,0x5f927395213ee6b95de97bddcb1b2b1c0f16844f,0,58750003716598352816469,145088,0x6d616e74612d6275696c646572,30000000,29936903,1674976583,133,12881760894
16511058,0x406ad351c370867b2f6ec92520d16051ed48c0bbef7826f54e07a675cf03494f,0x09a6ff397c6ec774b1e309fa3788cb8bd058300c084dc7e7e23b03df0243c168,0x0000000000000000,0x1dcc4de8dec75d7aab85b567b6ccd41ad312451b948a7413f0a142fd40d49347,0x2bac20009f869447a0e81411cd1000690167700400100c952073982446013910108a128aa0700c09601dcc052e188107aa330401ca4829940414815108e1211044c08490f002882cf90160ba7c58e02080f4223480408c2158464d9788030809765900a1739688224ec41414081c6872fa5041018a59253087b9649e080c210402845702286e823415c2040a6500023e342210170531081c290821e9023a3915caae519bf4626228c321c2a746f8848021547ae08025080610e41acd0a8a0050c111a2d60d8009b40108188c20e710e0ce60544415aa091d414dda630560e84228522fc9097042831016be034801187192002351502801c09d1c5900b2515c14,0xa12b9a36d0ec95d11d08f87d0133c56035819eb82b2f276aa29cb410afef1128,0x669b3e27cd791d0a5e08a92109ec055ba095da81557d8efd5cdff221fbdf6d10,0xccd59e30b88826fdba5ae04fbdae5fbc191143a61f9781af5fc48538363d1bd7,0x95222290dd7278aa3ddd389cc1e1d165cc4bafe5,0,58750003716598352816469,52945,0x6265617665726275696c642e6f7267,30000000,12199902,1674978155,115,18399050681
16510928,0x0ef0a07f580f28b0d683fd5c5e227f5b754686e34bafd5536e607e3b4428fde6,0xc9c0b72d5a3b95bd7853a363d76d537d251928ef9a6f37d3b1841e40263bc23a,0x0000000000000000,0x1dcc4de8dec75d7aab85b567b6ccd41ad312451b948a7413f0a142fd40d49347,0x9c21b198a288006c58288168c10cb423108be1c16a084033069480020184b11dd02dd18561e0425450433e9c0a5103192ad34409e802a9740050104014ac240d47d8da2a4c8a184e68a3f6bb1638c9688c83d40061e07a18056034a28c2a21015e0c0a4a029b460325c520842d102aadca009a191c11cc5342d10490008c42b408a483dca4629115101004018472a92014224c91e9401a4e7c6078f4527416118f0981c050086345868005e6083a968f4e58a0c82a00040a80a98ba45085082e670694121cc18c03357c65320d021234dde59a4db088a41011f418324230a0cbd032b94d6f0131639c050bf2440b30b4a5285eb2808aa0dca1874c08d9001650,0xb568d1f2bbd7f18ec98a8bbd89be55c0fecde1b06d7efde5a13985ab561f38e6,0xc3779d8a7db621e39c262952a3ce4b14d90013ec96748d802399cd6a38934e9d,0x92e526e7deafc2fd464d23dcc623784ebf6cb0eb96c77e43f0022b0526586ddf,0x95222290dd7278aa3ddd389cc1e1d165cc4bafe5,0,58750003716598352816469,43027,0x6265617665726275696c642e6f7267,30000000,9320970,1674976595,111,14485207668
16511059,0x02bc273dd27ec60acc16fa1c8e3dd46b4f05e4587d9da52032fd8acabadf3ecf,0x406ad351c370867b2f6ec92520d16051ed48c0bbef7826f54e07a675cf03494f,0x0000000000000000,0x1dcc4de8dec75d7aab85b567b6ccd41ad312451b948a7413f0a142fd40d49347,0x02a10ed2c71054b1ad2c5c8e8307d0206d4db484c01d348a00ffe2aee0e10138dd047920e03928c12ea2b39909a92f10e28792badb6d6601cf538a5c6028fb0921c803786c7dab986d8cc28d4470c9258a4df33146689cc266cf9b14cf42bcf59322142c420f5ce89b8c4893c2b00a697a101b4b957f6f3a83da13f05d1ba22d01aeb975805a09f7f9d33516cb4bd427d1261ba7cd9c5e6a1eeaa8f6c9f4fc099b9de51ba8966b9076f806ea503f85434c454c0926096142f98c6c3a73ecd6b5c11c9412087099e24349cb0b135a4cbeca3088caf6be01dfd2265dd30ba0ab948cf1a48996142324712ca6a4a2ab1a2d8e845f06860814cf75d9cdb2ed486653,0x3e323973f8d90e738cc4fc0f1b3e6d0572e49a4570dbd64fdd703b6070575c4c,0x06afd714f991056b29fad2f93d9baccd7c33be7435f32797a11cc6ce61871d00,0x2ab39b084a42a7a893fbb61b160ec0cf3c7e3db2133b0d56ed4e04a48d64f074,0xbaf6dc2e647aeb6f510f9e318856a1bcd66c5e19,0,58750003716598352816469,100842,0x4d616465206f6e20746865206d6f6f6e20627920426c6f636b6e6174697665,30000000,29959859,1674978167,261,17969724473
16510929,0x296a0990e5d5c79f4302d0e1508cc3b37cf2a87ecd930a0115822622d5fb1670,0x0ef0a07f580f28b0d683fd5c5e227f5b754686e34bafd5536e607e3b4428fde6,0x0000000000000000,0x1dcc4de8dec75d7aab85b567b6ccd41ad312451b948a7413f0a142fd40d49347,0xe3ee9d8173408e47228124588ea0a37d01c9151b844806460f5d2b33b628d620915cff2ce881af0b1056af606a98434bc620c10a8a8b24283a6254c591ee2d036010e215d8a9da3d6f2d669d4d704221ecc378305dc45cf137609109cfa1386b533882fb1b46770a81c000834b287c71ca44001d0232d45686c305d214dee8e70a378353260291ac94424f8db40a0d2225841ca1c796269a37204e7be8d23cba9bde91909c03fbcbbc82c6ec1d0afd9a865852e68008883ee0745e77463881c0e9498c4200138485550412b69a2b527040e2db4a16a8c31c861538320848fe44403aa8cf688114814a8d9dc54569312019b28c54093c19c274d1aaecedd14823,0x80aa978403d21f35f72e08c0f0900d28b6c2ed2aa93b15060877292add333642,0xd8672fc4f5e32984679df4b5ac62472f3677017720357484f43975c731c9da0a,0x82e34855f2ccc9d3e75381f5a7d58c1469947570a363b5a53572cc6122f293f8,0x95222290dd7278aa3ddd389cc1e1d165cc4bafe5,0,58750003716598352816469,99953,0x6265617665726275696c642e6f7267,30000000,12990018,1674976607,129,13799691594
16510930,0xf47ffcb43ee57d59e93f3b377c57960fb9297f135aa3f061dd6b8694b51eea33,0x296a0990e5d5c79f4302d0e1508cc3b37cf2a87ecd930a0115822622d5fb1670,0x0000000000000000,0x1dcc4de8dec75d7aab85b567b6ccd41ad312451b948a7413f0a142fd40d49347,0xd42dd462311c90d1a804850cbdb47a71241b3969443c61087ac958c0c4a2b120b4c6d18fdc318740a5b0be1e8b8609d562738032ff0e2811f252414804f821a2aa8998185c8a6f6fa98357bb4720f262a8a498a241cd7a51858129938d01bd2037180520aa870a0208d8198503d0ad665e7d70552440b4b076119cf96f5a4e7c0a20a0c82e6f11b515531a66816080774426dc8141ca0c5d284444e8625033b0bf8e215393287343bd01f9d0e10b949d0cd18ae014c94936d3311eec026e11155848520307909243fdd01894019e12a65c79e34892cafe1b130c3ff2ac17b857a0fb21cd6d0ee0154f4f9d44143113aa5d2c6140accbc2484e4c1881e174dcaf,0x5b58e41822a0cfd19367f0442e99529153229c65a45a8d07c188fd147f946c45,0x1bf896fafb83288549a60a716c03735977b88d218d4ce42d4a7749ec46d2336e,0x028ad0437cccee479c03c8da8e12e75ff1985096349b9d81e1070de3cbdb91e8,0xdafea492d9c6733ae3d56b7ed1adb60692c98bc5,0,58750003716598352816469,64931,0x496c6c756d696e61746520446d6f63726174697a6520447374726962757465,30000000,13498049,1674976619,130,13568548830
16511060,0x838de65a57de1c380464f9058ae924f20750e966d3afdb7e96463baf63aa8d83,0x02bc273dd27ec60acc16fa1c8e3dd46b4f05e4587d9da52032fd8acabadf3ecf,0x0000000000000000,0x1dcc4de8dec75d7aab85b567b6ccd41ad312451b948a7413f0a142fd40d49347,0x54e04140e803106820381800d010422048861b00006001d000a50088560c85110000020c8000100140a104114a064110030180081bd090301428026114bee567808a50800588b8012b0810cc441980f500486311204c10786a224854cac619750a1a30d102120412a8a4218044340c20820800a88891061080020250081408220a4083c31842810500484c4e008044603523b08965440088e20045d0e0141274ce299187d0816a1f1201c1a68122e480845062124024808253e01a1e000302c043401443854081c001004800400a202250401663188900751d4918c38b027214289a25482170340500340e03800850a0c184410900ea924651846ec49011ec21,0xfea380a2bfc97ad172782595c1f780f9f90e5ef1b85b0c34bbf75de1417680bc,0xcfc5750784d17c7e715b2d03ce32a2038de1577ff81e675f5d89744d98e12102,0x8d0bf8330d6bc9d4e32ec7be8bfe316ea8d5f25d422d4004708f1f4b8e948c5b,0xdafea492d9c6733ae3d56b7ed1adb60692c98bc5,0,58750003716598352816469,142090,0x496c6c756d696e61746520446d6f63726174697a6520447374726962757465,30000000,9230421,1674978179,91,20209929009
16510931,0x7da58756a1c69574fffe094e84af24c7e6369159f7a1a019d509013fad645c6b,0xf47ffcb43ee57d59e93f3b377c57960fb9297f135aa3f061dd6b8694b51eea33,0x0000000000000000,0x1dcc4de8dec75d7aab85b567b6ccd41ad312451b948a7413f0a142fd40d49347,0x007107d0e51ad3043429425cc13103a311fa7731040201d9266993426c81dd1215ad8100483d69384285be0b4e18092086410928da30bd112211d0e3c82a2838246ad8125208202eab8253ff7d0828a8c0d0000d615118d72dca1c559b65a2ed121e5380aa96e7c3890c410200102b73e380206984345e50d4c2909298fb18360d3aa2746aaa8a353cc14d622316000fb5208d432b30841d453e28cde03318839f2939c2c7826b7316235ccd52968cda0c69440c209d844a59e23c84005d0a1041509106ec51685211583b024666160ec85182c1d4eba4320d6c3833d89ba00af832b18982826d011ec9bfa285811ca66723e06061ea5840b22e3d78b9a9d400,0x9fbb3f7912ecac503d6eed225eae9cda154e3181fbd9f5793a4776c30b9f58ad,0xd4db5554bdc988cb9dba38816e8e9254a8da5849f6d90e9e30cf3cd4281ebc63,0x77cbb8b781af508a5d2e61065b1e9039c029804525dca3f6ef3848ad25c3c40e,0x95222290dd7278aa3ddd389cc1e1d165cc4bafe5,0,58750003716598352816469,94931,0x6265617665726275696c642e6f7267,30000000,12815909,1674976631,121,13398721368
16511061,0xcb69977123ea1933048406b3a0458a0d8a3152fed7ea86649162e06b23aefede,0x838de65a57de1c380464f9058ae924f20750e966d3afdb7e96463baf63aa8d83,0x0000000000000000,0x1dcc4de8dec75d7aab85b567b6ccd41ad312451b948a7413f0a142fd40d49347,0x176f2300114a8a443d209468ed0dd27081a3b0135c42790068bd1b4046926d44040a1bd0148482804f019ab40c283531ce29936ada902f83825028d8143e280c0808d414c1d01eeb690af788c55523e1b182306a484cbae13d8125c0c86d09700e84dd015a92aef06a8010040b138bef12031e6483792c359cb29e56286fa81419818e721a0ab04d8c59024701470336c9746149cf10484d6ca4a0ea4afe3a219a89050e0c8e6b891234e1cc10a88c48ec5883343297440646310c74808a42e2000c404706d842c601008004403a97bfc8215e6a92e90a134c649f820817f8754330b4098d81a8a8828556a903175826a410891349cb014602050882b240d461,0x9969dc92da55793f2ff8d9447c7ae85275bdb2930737bee3ecc322071e71c109,0x3859c09060f0b587c72f4137109cbe0751669026c8463e92f27970dfea8034ca,0xf1966ae87658a6d8a4a1ad694313d2f0d5423db5caf2cff9e44d2ca1d412b4e3,0x388c818ca8b9251b393131c08a736a67ccb19297,0,58750003716598352816469,58927,0x506f776572656420627920626c6f58726f757465,30000000,14234115,1674978191,135,19238239159
16510932,0x23dd65fe26814ac5a2a677c5fb7449f77e6e3d9b258d746e35bcf6130ccb3b47,0x7da58756a1c69574fffe094e84af24c7e6369159f7a1a019d509013fad645c6b,0x0000000000000000,0x1dcc4de8dec75d7aab85b567b6ccd41ad312451b948a7413f0a142fd40d49347,0x9c69c12120009d4530004910a69c5179118393804e4c0400304b20139c2016281014228881200008035086160809210db2890020c8013810738c003b943ba0103049921050c0e00868854688c4112060e280a0060e641a019d2018118a190c15120981484286c682298657980120b8208210817112132691000104950c991026222005c3206345a414430c00280100923428e4cb0154033c242089ea4a1032d09b28410105aaed43d88345a01f2182c8048400642a84194a15d11e0404459060000000024420004053502002080950a944e982ea1089c41a159d4c024018e040031931a90012041148808d80050519a095b01000c0bc00c88c4d0812930124a2,0xc915a25d77970a35e56cadf1a9fb0b76c8e884e3a0fe46d9f24e888aa306e797,0x30ab34e382354d25377dbe80d95c938f1e20c96393d9bc35ea0c77700de1eeca,0x509adf130d12a6c0d479c16e6e89c1015f04b3249c414a739e655e229842e0a0,0x95222290dd7278aa3ddd389cc1e1d165cc4bafe5,0,58750003716598352816469,35736,0x6265617665726275696c642e6f7267,30000000,9353578,1674976643,86,13154854479
16511062,0xb8f88f439f696e1d46a5a97903bcd6796136eb7f1360e4f225f1b138ec552763,0xcb69977123ea1933048406b3a0458a0d8a3152fed7ea86649162e06b23aefede,0x0000000000000000,0x1dcc4de8dec75d7aab85b567b6ccd41ad312451b948a7413f0a142fd40d49347,0x37a3400544e0e0aa28213cb8818406258432c80d7000058000958102e0c50f4412094048246809c106b022b008b903018a273023fb332e550220203916a8280008804072040bbd7869014388474c0be90480402162411a9804d9290c80652d270607004a5e86228c41ac70124910086890a1f071c2d1242bd020c050090aa80002c0a04b02820b3740db002021801e22100084030d4116482e08716808b410a99e8e110bb102631281125ca84132acc02660850078a1202a8040c8880870405183060203179872821000aa068c5480364bbba050508a19590341f8a30a0024421518a48a828600a0132c02142cb1d021a482d320918f1e5220c0de1b90d55640,0xcf3ed206c30d82f8c10cefa2c78f848fb2dff728790fb60056dbbe9b4feb9e23,0x7f83f378fd51828688981371c244aaafca138fac7ff162491102ce21167e8a64,0x72a580bc1d7f4151e554a6534d34ba35a884b5b3fae803c20739337701a3bb12,0xfeebabe6b0418ec13b30aadf129f5dcdd4f70cea,0,58750003716598352816469,44363,0x68747470733a2f2f6574682d6275696c6465722e636f6d,30000000,10058392,1674978203,99,19115453503
16510933,0x84734958b9d1346a51a1ea5329bd70d9601cec0969dfbdebac5c41906e3e62ac,0x23dd65fe26814ac5a2a677c5fb7449f77e6e3d9b258d746e35bcf6130ccb3b47,0x0000000000000000,0x1dcc4de8dec75d7aab85b567b6ccd41ad312451b948a7413f0a142fd40d49347,0x2fb911a549e0f2e838bdd13feed554655aeaf5940c58a9560ab94115dc2f9753650e3a86f082b95901cbbe548a1423f726515a1eba82a09ce602331014eeac2e7b68ced972adbd3ffbc153c9c87271a8d4c972c107e0fa6977cf2bb59f45383ce60c5e4066f63e1689d6be144c58bc6dca0e4452d85e3c135495c911ac4df9f6ba6245466d42b51d9c6c5c59bbe1831a1de394996b61555c6861da68d21492abbf584bfff7b46343de6afddc8f33a48a9dda3155e82b9d2b97fbba5705fb2435538d77b66c890e4f31f1a8b30cde02be606fa5cb5ec9085a534e7d030c31a4607435abcda84fefb10e27bac00ed3bae17ca851a1b7de39ee7ca4bf9bb1535fb3,0xf1805c2c57d96f9ab02bf843aba506481e7a07026f2d5fccaa868bfe95bf665b,0x2ce82dfd4db7fddd19ff62aa9e25a61801f03b14a42ac5ebf817c2842908ec2b,0xd5190a132fbea57063e5f1c87d753a8891561cacd8bd26d95da8e94a2e1dde86,0x95222290dd7278aa3ddd389cc1e1d165cc4bafe5,0,58750003716598352816469,71058,0x6265617665726275696c642e6f7267,30000000,28038443,1674976655,152,12535872315
16511063,0x8afa4c4cbb7fc80d000ccdc87894b16c6096c1b640dcec3e6d80e79f2b0aa5de,0xb8f88f439f696e1d46a5a97903bcd6796136eb7f1360e4f225f1b138ec552763,0x0000000000000000,0x1dcc4de8dec75d7aab85b567b6ccd41ad312451b948a7413f0a142fd40d49347,0x0caa00408887d00e30105b468d04032b02e13c1079500b1186ab116090920f30dc03d1048063c2010e0d95014a575997c2288a028a4a3e0020111e1a08b72d645001e7922172b9797b2f90c944a148219252002349609476001e3f2ad803f8018a4012587287014fbcc032241829b879300c084809582417d2b081d8039b49140245c39299ba1d548ffb0ff0215a8626250d849741a2045d4665d07880389216ca180745718063119c1443e082348458a71620606949c48e13e06e42219400541939850b030109c830210802058f12a1c9e1004192ab481b800a882343807041abbfb3992888004043948ec3400154319402852316aa06c30108e812a1b11147,0x952d7e1b5ac3b8a67a518f2f3caaf8e11cf725a7989d809eebe0ce8949302aaf,0x0e5ad5b60217fcd8e54bdecf11809c4b0568a52f8acaa55855b57aefd9f0269b,0x0fc2bebfa2dd88b7bbb286b292f0ca04ceddeaf8bfc2bea753c0e4772abba201,0x95222290dd7278aa3ddd389cc1e1d165cc4bafe5,0,58750003716598352816469,73863,0x6265617665726275696c642e6f7267,30000000,14209260,1674978215,140,18328277854
16510934,0x983349fa4cacba3a00f9e179ff723fb455c5454b608cc80025b816d8956a9092,0x84734958b9d1346a51a1ea5329bd70d9601cec0969dfbdebac5c41906e3e62ac,0x0000000000000000,0x1dcc4de8dec75d7aab85b567b6ccd41ad312451b948a7413f0a142fd40d49347,0xa02102c906a9d04cb4500408ac9c203d808a31220808040490016281060a40201013916280389149220236046a800545a6114002ce0278181242209094aaec850a0ac8084134480eb297428b022010a404b3c4100b401844457235989d300e611b00402066965d060091c4707269a869e100159a3c712d5401c4409312f86036016400780022016f344c4dc2841b8a20044224a1e040004c4522806c521020a09aca0d2290224a65b40001c0862b840aa4d021c181b0e0820ac04c88410d0004433007620408504093408000800e36e6e06102c0149bc8183926898312123d222ab7208d013028495e0ce9b02d011bac03110020c0ccc0c042294852ea491c81,0x273b40660f3f5b86f3f6cfebb717a191d8115acf89fe03704f877cef5f389e1a,0x9ff25f04f0f84f369b7345e65129c29dd30383f47bdcc76e605eaa60caa238b8,0xc69736894c94d348719361f156c2479d062a84254c476461255e84ca0c5f2f75,0x5f927395213ee6b95de97bddcb1b2b1c0f16844f,0,58750003716598352816469,64806,0x6d616e74612d6275696c646572,30000000,8810267,1674976667,91,13897941120
16511064,0xf6f7f7473cbd961ba55745652f9ec012f3b25e8d989875916d2bf21fc2de9746,0x8afa4c4cbb7fc80d000ccdc87894b16c6096c1b640dcec3e6d80e79f2b0aa5de,0x0000000000000000,0x1dcc4de8dec75d7aab85b567b6ccd41ad312451b948a7413f0a142fd40d49347,0x5a6941700000d44c382a271098103729801260125804d42c3271000622a210bc5183092cc4a129402606d6404a194101b2b38aaacae0e9060e88045131bda804985484125584eda8fcc750c8cd0840f8a1007341ae544c06004065418f3e9d3d4a3c3e220e17270325c843aa8a51aaefc683c0381c7c6c7484a6981280198904440077de24e2902450e1187029ab8225a60af189af0a8c18fa2c00e6201a48068ea9010e699a6aa6c21850e5202284984470a5485951020e68e20ef10200c060515118b20f1508c543142a20114f58b44c4513d250ff28310d4448639bd8f659593aac198890408c003d8ea400eb11b8a996052842cc00c010459b18bae31723,0x0c6793d42b15e028edb72cfd74a7c9d8d3163d1866c38c71fbaffdcef18a2254,0xbc3ffd95902a8b93aedde6df75b9cb6acf33b28d0e8953dfadb06d3045e0c98f,0xa74ec88f41daf979a77c929d69be2fd9d024166498d673acc6caa312b69b646c,0x95222290dd7278aa3ddd389cc1e1d165cc4bafe5,0,58750003716598352816469,74236,0x6265617665726275696c642e6f7267,30000000,14605215,1674978227,147,18207503668
16510935,0x08340d7b8102366df6eb0173a469f68dc29cb7081df571ac48b66440b1b434ac,0x983349fa4cacba3a00f9e179ff723fb455c5454b608cc80025b816d8956a9092,0x0000000000000000,0x1dcc4de8dec75d7aab85b567b6ccd41ad312451b948a7413f0a142fd40d49347,0x96b8f0b21290b0420d28aa44a8aa5239182642128e5a06c8101b813ccc208fa17c0881819069164000cd19918902c5c4f25186e20ac3e0418345c0754363e268018049b22102a41b6821008a72087060481a808a72400b0e1100abf28a035c001e406200c302608e00c0050d62a0bc208e000021e887463047c0e518978d956c119e01454116528554596e729b20962b72900601816fc68aa39948c26891ba468e4c03210408e9624e3008a10436d18104483910a3b094e341c50a926a2958fb42cc042a001e09ef1d00400a0d260c3545e002e0d088981c209c2b92424bb421cf1e30097f608d199c08c1304f031cb168105515204834400497b888891023f2,0x280a85f698c2ba06ac05bfb8356915c08f66acc80975373c843f21088403b1e3,0x66401510b19c69ccf57f84a536f13b838533f2aff590fff57d658a99c42d9cc7,0x53a4f53c5a732eaf7f2d904df9c470acd1b581da304111a382b7046d6d745aac,0xd2090025857b9c7b24387741f120538e928a3a59,0,58750003716598352816469,19623,0x6c6967687473706565646275696c6465722e696e666f,30000000,29980852,1674976679,65,13181069914
16510936,0xacd97d68eac5b224e85bd18b5b144b5df2e9411cb912f59638c5c11d74c8605d,0x08340d7b8102366df6eb0173a469f68dc29cb7081df571ac48b66440b1b434ac,0x0000000000000000,0x1dcc4de8dec75d7aab85b567b6ccd41ad312451b948a7413f0a142fd40d49347,0x33a951e08180d368b76a2c48a38a1e3b15b13d3309033a0ca8b13308079484a354a2c384d262284140d13c0408628511e66100bccaac394042149052a86ba1e4c858098400c88d2c7f93e5eab51d8b750023806116700c06c9203c778ebfb92f1f471a39121ec45610872b89103a0ffb5e78a010841d86136405989108bfadae128e275a531ab0feb04a47338391421464b38d03b70054a857aadd487c123ea0ca9d07418a6f7e6ba4a044e656528c4ed685c52626a6a91a1bf38da4462d4040458ca022c05102751d354c71420bd2776b4394d0d0cf2a3c01454b2300e52001127aac290ac508010f9558a26d605e2812401a40227891c54f1fe894b0d7b450,0x95c1923e71b2a2db1c26c83724379e86106b66aa0e8387b0b9006bd054eb9780,0x592370486fa99b990e0afe69e76c942ce4c6fd55089bb78681135f29b402d388,0xf61ef85ef462803b6ad4548bd632c495ca7767b40529d683b79624f3596402f5,0xfeebabe6b0418ec13b30aadf129f5dcdd4f70cea,0,58750003716598352816469,55250,0x68747470733a2f2f6574682d6275696c6465722e636f6d,30000000,11120375,1674976691,118,14826600393
16511065,0x034ab9ed21e65398ab3559223a6beb1d8de7495cfae5137c887299dd03b4bcc5,0xf6f7f7473cbd961ba55745652f9ec012f3b25e8d989875916d2bf21fc2de9746,0x0000000000000000,0x1dcc4de8dec75d7aab85b567b6ccd41ad312451b948a7413f0a142fd40d49347,0x04000000000000002800000000000000000000000000000000000000000000000000000000000000000002100812000000000000000000000000000004002000000000000000000000000088000000000080000000000200000000000000000004000000420000000400000000000820000000000000000080000010000000000000000000000004008000010000002000000000004000000000000000000000000800000000010000000100002080800000000000010000000008000000200000000002000000820000000000001004000000001088000300000000000120000000000004000000000002200000100080000100008000400000080001001000,0x57e56f6069b932a649412a4bae23ded441e194dcf9fdca7236100a6d2b23e3fb,0x301007fc248711b185a38f0ab717d92a2b2b8d754405aacf889e7b664a68c580,0x3c712913a22ea7cece339529a8fff108088e35e183af5d3a8e32495fa7424e3c,0xbbd79866bb138c4435bcce6d512c342c9c035a19,0,58750003716598352816469,1642,0x,30000000,322950,1674978239,4,18147603257
16511066,0xdf2542a02189022f3ec4a37be60502facce89dde00bc465e6ba7492f08979344,0x034ab9ed21e65398ab3559223a6beb1d8de7495cfae5137c887299dd03b4bcc5,0x0000000000000000,0x1dcc4de8dec75d7aab85b567b6ccd41ad312451b948a7413f0a142fd40d49347,0xc93f1d635983ee6e7c799d7aae54632f21ec3cb28dfeb716d0f1d368159795eaf83ef31db062881f40395f10faa615ddf72129f0df947c20c702b833357ee97dc56d6058e31a9b3e7ba376ed5d7780fdf2a475fd6f759d42d1483d47dfc808735ae452dcc3ae6d27b6adb988a0a25b7d9b165c7c26736e49ba8f9c7b02faf8d54ac9e35f5e3a08e576511eebd3936be3366ea9a3c3441e786a7fea6846333e71fa88d1ddacbf6e44fb9a60f6cdaefdd3ef9ed0e62d4ea0c692f8ab5e128e8afe371ae9cba078bde8fc5588dd59cf7ebfde6112df34f9839b382f6a72a886ef5a68f3f0c96ea05f34f6955f8ba9c55ae98f5eed9bb6ec1b450ec5bd75e3d9f4f2,0xe6097bf4cf2385001b18676a14c6a741a93a933224ac46407069d45871468a29,0x7b81b8fc006a6dde89ccc0b02fd2fd6018512904aa516d3f75fd66fea3445336,0x74e40f64b7951796d0508640e38d76112f7af27a5686161a04cc8e12cb08d021,0xdafea492d9c6733ae3d56b7ed1adb60692c98bc5,0,58750003716598352816469,136567,0x496c6c756d696e61746520446d6f63726174697a6520447374726962757465,30000000,22567166,1674978251,207,15927992588
16510937,0xbfc5b6fe4c494ddbc3da58438e7262868666ab6c155ad9b3f9885dd1973324ec,0xacd97d68eac5b224e85bd18b5b144b5df2e9411cb912f59638c5c11d74c8605d,0x0000000000000000,0x1dcc4de8dec75d7aab85b567b6ccd41ad312451b948a7413f0a142fd40d49347,0x16714985870004a83a208048890951ea100b3490180d0c824841c89b84422688542273f4842047cba0083e984bc8c51202210204ca83695096084d9384ac2d304884088080045c28a8d25298d084246184e0a58060421a001def4d0586043ec89e030c00d226506211c40009990088e7a30065421152a45873811810a29a00298e000b56288a8124904c1698915000056c808411cd408849403c75e054140875af0815e3e2266367deb041c88992cd0825c80853b49b208388202e6402af1124811981034215286234098900090533f44c416279188a8a9211202d220903254b843eb43a0011a4430a4fd8c186203a707be0a20011898f7889290908a07e9411,0x7ee578b60990736855ed28d83647003559d4c81fec8328117d7512a613f09bbf,0x6a2499bf6bce3fbf0437d3067ed13a4b13788c2c6a05d10c5174899441ad7062,0x745c147f9db3f47f7d31a218f79e546b2bdd5cf0d4a1e5d4d50bd749fccefe18,0x690b9a9e9aa1c9db991c7721a92d351db4fac990,0,58750003716598352816469,41075,0x406275696c64657230783639,30000000,9234467,1674976703,100,14347253314
16510938,0xfada1472e348c5d514329574161446a2991b27da964c6eeacd6aa8f329f5279e,0xbfc5b6fe4c494ddbc3da58438e7262868666ab6c155ad9b3f9885dd1973324ec,0x0000000000000000,0x1dcc4de8dec75d7aab85b567b6ccd41ad312451b948a7413f0a142fd40d49347,0x5e3919ead8aac84098901492a980503b00a93d58482454608203881014b29c1e200e135e000ab00a0008b7546e1c01a4a2c1040088ab78010522364a462aa990141e499640044a08ea1762d85507a4f08ca40c954d427b4e0c08c4169c493975dec0d360822794c640e091800ca08c2982020c5025588e435682d0d000cf608442080bd4b02bd04e04e9d9c521338c6724838101c950c2c8e065c86946b0b0158f08054694886501861009e8a183e6e9a454d0a02801916309894bf6108129919b31c63291030f7a0d208030004f7166c877b27434bb421a011458120391a1760030b88908904080022c9e82018191310428632086d8134202843899d5d41e14,0xf42f98dfc8c547f1df3d3503fc4dd89b2b31d34a5187cece0308039f2aa0257f,0xff6a19d7faf3653030c69f79bacac23f37fd4ede79e13548b4a3501b0964de98,0x96e87c07f3fb1514a4c23f264724e1f68c14d58b001098dca240ca80c78b9a3b,0x95222290dd7278aa3ddd389cc1e1d165cc4bafe5,0,58750003716598352816469,73325,0x6265617665726275696c642e6f7267,30000000,10090056,1674976715,106,13657923627
16511317,0xd52f0d7aeab13d71b3191a5a1012d63178490ada25035fab92e907b72d36022a,0xc218223524bad7a30c325e2d4aaa5b19835376a3be1e89f0db6822e98e2efaab,0x0000000000000000,0x1dcc4de8dec75d7aab85b567b6ccd41ad312451b948a7413f0a142fd40d49347,0x00214520da90402f9a3c3191a1115be606052265c2d05215c64b4411142481695008412201168bb016e176f05929052ccaa7030c9f90fb85b811168e05baa273093854150158384ceb8372ac50081030208600a0dec84a4807817c21a280bc8a1f20c1003bc26480c5ed00a606a22931193f88245214840c42158490018a2048020003f345e681ac344e4c40237032c454203409814b0458672088e965b40026af085141c882651119ae2dc80582a46c04140315f3200106497f0ca40cac0300e3399797410980ce4a0e04822191533640e97659119890105e416d13200a34828033b808151e1844b06c08c085077cb03509444530486250818c8e5481805c23,0x20d60ba3193429e88f606ccc1caae13009aca8be4bfcecb3194532cb601b592b,0x4574138c3fc8c05485e8c33589534b782a193142fcf901fdcafa54a7ec68d8b2,0x475820cf5b1a73a3558f419e12f4a3e27ab85b97a48ab5c7ff921a667e502860,0xdafea492d9c6733ae3d56b7ed1adb60692c98bc5,0,58750003716598352816469,50509,0x496c6c756d696e61746520446d6f63726174697a6520447374726962757465,30000000,8767779,1674981299,137,16130638061
16511067,0x50a5adf05cc433df61f2c4fd831f59ee1eeefc7096c8b37e467253e8590792d3,0xdf2542a02189022f3ec4a37be60502facce89dde00bc465e6ba7492f08979344,0x0000000000000000,0x1dcc4de8dec75d7aab85b567b6ccd41ad312451b948a7413f0a142fd40d49347,0x1261a02a4000d5243820f766e01c00ec919f07995654c480057d182046824f22e2843300c0d709058280353049391101da2180089b9e2c264a10e929952a68c42319350460a3091d6c83c1eb8770412381c80003f36a1a2399804c8398220a21bf20a0840a0604262d84b21c18234a29d0022870e1f21e2796062553985804261094067a0ce60306184806011200213256020e83618c8219482016430071182c9ef80122f80ff98a825042e48964cd28b4745486e880a03a67a48b3313c1a9d1459882c28ca02eae10008c974041533f514b7a77119908378906190a8880e8c421b6b5080c9e9002920e0aa71000182881d08730004e80ff14d50a50d1045545,0x21c7e39e1e6669845eebdad749cd26766f73af75d9a104494905a877d19d1421,0x333c83594746a28bdb3da6029ff27c17f79ad48707e19e13129238c23fe5ac71,0x43402fdf2002a4638bb41361e8f873ec914e734204b2ab09b45ef6d96fa58d5d,0x690b9a9e9aa1c9db991c7721a92d351db4fac990,0,58750003716598352816469,100362,0x406275696c64657230783639,30000000,14486777,1674978263,132,16932407287
16510939,0x5a9d3056237965481057dc302243f5bcba0928a227fa6ccf2f65a90b073994ae,0xfada1472e348c5d514329574161446a2991b27da964c6eeacd6aa8f329f5279e,0x0000000000000000,0x1dcc4de8dec75d7aab85b567b6ccd41ad312451b948a7413f0a142fd40d49347,0x9d2570b781a49b869600ec989555c9e1d777179318107e10553f00c4fd81de84ec4e632440a9aadbf4b65b0929675d57c7490501df6cbe4a623a45d4f4bee360ed1f5e9e4dc5893df8a3e789f898f07384d72ded545e7e3147899573d3ea29382eca92f11692c24eb5e9a3404cee1bbdc298583813bf4c5dde2926911b5aca6a085983fc39f658ae1dc9e30337c7836fc693aeb1b3600d7874b81b50f7107c889e2e93575522ede3faa46cc1dfffc7d00675eb342086014be6f1adf4641908e0952f00824580884a4c01c0792cf573b2d9f32c6b5f89041b09b41f860c4ee0ab52bafc9b5e9d9541ca8496974f275d78151598213d99814075db3f9ec948fe96,0x5820e277000f034a60d2e1305e2cb86c8945e1a61234e42103fbd21dfdf80d43,0x59f86b9169ea68d51fc7250440b2774b738cd3e7641fc20646d76547beb6e5ef,0xb1d521c7970024f9ffc043cc17a614803189060f53977292f749047bd55e754c,0x690b9a9e9aa1c9db991c7721a92d351db4fac990,0,58750003716598352816469,61399,0x6275696c64657230783639,30000000,19006676,1674976727,138,13099093293
16511318,0x69b870f0608a3eed90caafd01aa9f2a37bb604fbe6e4988edc76934fd7c5819d,0xd52f0d7aeab13d71b3191a5a1012d63178490ada25035fab92e907b72d36022a,0x0000000000000000,0x1dcc4de8dec75d7aab85b567b6ccd41ad312451b948a7413f0a142fd40d49347,0x6021056002bc2438112001319800532002b1242908e2200831910316040729020808c301c200828450455771c302112b8ec128488bc2ab88d20082ad152a2910609cc8b8080e1c7ee843d24ae5d0506408288a5531c0991e56445ceda047a8c90b44251112471585009c3c00d0b28851143a48228d98850400900338044c8c00ca7a93d10242b114d849834202a2c00154029401afe400d9686080407c313c008f4e612f098262100202c2e0ce76b4ca0600e806c1209c423f68237c009a2c6213328856705200a4044803402402542a510e00421829103600048b17202024801872ee0d18265380408c1d822a01a969807040e821785040cb951c4da9251691,0xb8d7628b6052395c3b68c22cf99544869c4b20cd922b4e5cb2eca8a1625d893c,0xc81091e21ae23776d6dde43fe145ccbed28c25e701f3b5b28be9e8d563510df9,0x89c4a3db1bd05ad0490d18c769b8293b92f0ce19779aa6f4fb93e8bfc3211b04,0x95222290dd7278aa3ddd389cc1e1d165cc4bafe5,0,58750003716598352816469,50632,0x6265617665726275696c642e6f7267,30000000,10260362,1674981311,105,15292890551
16511068,0x0ca84dc096a3458bc59c58fbff588c11e8bb3182731eddf910b1c051c6053f6d,0x50a5adf05cc433df61f2c4fd831f59ee1eeefc7096c8b37e467253e8590792d3,0x0000000000000000,0x1dcc4de8dec75d7aab85b567b6ccd41ad312451b948a7413f0a142fd40d49347,0x996f5b831035f868b5f004dfcd1c1b297d0bbf0ba40747d3303fa9e65e2e99e6b2763f8795ca1c2b1eb1f7742f4515dc8a8d8f419f6ab9a037cbdd9334fabc00e81b0c90f93bdf286de6ddbbc5f147f4bc927cff77419c4f6ec2fdf7ba2f7de71b344ee5e2dfedfa3cdb3995c82a1cfde684cbf59e5d34d0eeaed9bb3a1b41150e5603fa228a9b5c37d9c7d665ee7a256e06e7ab4ffcafd967e3806df23e70269e894b0fdb826fdacaff66e28fe3b53e54d4f1746cf9f04b67f76a961c6566c4d752b7465c62d9dae5615083f76edab64edc32c43cff8e3da5443febd903e26855fdf6cda84e9845a7ac4fb1f9ed1ee9b3b543a8ea4cbe6f5ddadf50f0fbf0e7,0xfbf5f2aa282787a6ab8d1467b5942ed0f8343957d3edb37fff9c780f872674ba,0xe20ed5ded5a0086a71f1f15cdfcc23f7fe4464beabceb7293ed7d237b3b64391,0xa3c063e1f80b6e59304e5691fd506f4b8200e02205a956f6c6777c47b2eaef89,0xbaf6dc2e647aeb6f510f9e318856a1bcd66c5e19,0,58750003716598352816469,130029,0x4d616465206f6e20746865206d6f6f6e20627920426c6f636b6e6174697665,30000000,21789915,1674978287,297,16859989780
16510940,0x8af535a0ef3c127adac790440f9e2d91631a961b11995469034e8d54eb8fb806,0x5a9d3056237965481057dc302243f5bcba0928a227fa6ccf2f65a90b073994ae,0x0000000000000000,0x1dcc4de8dec75d7aab85b567b6ccd41ad312451b948a7413f0a142fd40d49347,0x60228d82419991fc4014b158e5227b7a0060423000930a88a0012720c81288af7c18c3c1aa20a141023aa5088a101745c2413410db90205a2b0342151375f200d9185f104142203c3891419c4d900061824147331a809a43348b680488c18cf7324063305a4e402e1c302465300b0c233a04862801176a1d612b0492689ba00e0b062380c2529626b669d617855070975d530801293420482404ec4841110082ba4dc59b200768108081c4a60960a858114000202290128236453c00920104e6017555432c4a0deb5651821005820d02599a86e33988c29988ccf9109c00afe492986849195096080a015ee0ca1b1b200616400f2818c8e20c554863c339c501,0x2b179a5150c4a915c251de992668726c0d43e8da12cdf1c9cdf27984cbc06493,0xb3e7dc2a556d724496d099e80e98776c9e3ae9775e9145d03e119b6fd34fbc03,0x0337c8576ad0ca96477814d164e06185d9dcdcb2c8cf6689de33c745f7defb9c,0xd2090025857b9c7b24387741f120538e928a3a59,0,58750003716598352816469,36552,0x6c6967687473706565646275696c6465722e696e666f,30000000,29996755,1674976739,74,13536458482
16511319,0xe9f5c0aad0d69f7f06f29327b6ffad919c6f88351d36c1216e3b76dae606d834,0x69b870f0608a3eed90caafd01aa9f2a37bb604fbe6e4988edc76934fd7c5819d,0x0000000000000000,0x1dcc4de8dec75d7aab85b567b6ccd41ad312451b948a7413f0a142fd40d49347,0x14a111308190816dfc29d0e18b991e3b2cd7354d0c53901c001b204e8c946d52e25a8936e2ab21254b415a118d288102ef910d138c40e8e42a0cd63188ace9002088951c909e181cf81652ea65c0623a04900481c7d45a8b3d101fe49be2bd83027a89506ac2821f25a4988c06173931ca008aba057c26815c11c476427dc0dc0fe1c35286e23005c0450a6ba29881033e1414c1cd40920c64208ce5c7321564db8c81f91aa17e2b36d8aee04c068cb8261c8000293e3dd631710aaeb048151173a8f08607490ac102788122a24210e6cfcf31e0318a99dd0f34b88a1402654f05323c1b1e82878486c59ec4d6097cb0242271426138305c40ef8e27e1141560,0xd4bbcb9e1b56df5ec90ca043b3fa48f38ea7eb6d3a48b25cdb63a9d6765f58a7,0x2916ab596b19d911d3e994f35dcde3e211788a0e45e476581281c25782e5d366,0x64a97fdc91a5d9de0a3cca6a6c23b17b00aaccf74b99c8cd23be9d25505e7ccc,0x95222290dd7278aa3ddd389cc1e1d165cc4bafe5,0,58750003716598352816469,52554,0x6265617665726275696c642e6f7267,30000000,10657555,1674981323,142,14688867508
16510941,0xc165d97765069c08e718cd1686f5cf9c373091e782e09079c2c434d5e0450dfa,0x8af535a0ef3c127adac790440f9e2d91631a961b11995469034e8d54eb8fb806,0x0000000000000000,0x1dcc4de8dec75d7aab85b567b6ccd41ad312451b948a7413f0a142fd40d49347,0x96ad42912508429878e714c8d4746238110a46798fafe81430851411ef82096615bcc382a4ecc821562abe184eec89b1c6038039ff053f50560c6353b53b2bcba948da7a4915d81cafd7f79e8d14a168c4d13e8220f02a65acec5f4e9e3068b74e294191820764ebc9a4be1994520cb1f202297a9d3ea4c0000be09b48ba75120d600370ba0eb23d54f90e0387a731af15b70d9983ddb058646869e1e6b889289ea8153b1e6dfb82c302c1e4ddb285de2541c00720b1a00a13f1181ec20d0072d93a6a16945426fa1305ba3aaa74d726c46a3153d4cba49b21201d565839a2a0e33ef229a91128c60a8799b40c119aa06550d70409da274530513c22e9495cbc,0xc6f6bb4262e5325abe095f7a16a04a2201c93559ecd3616877c47182fcd3e018,0x7107daa70032c32644b32b0dd58e2c4581a0324eef8678a5cfe4003a0f75269b,0x4e926b96ad99751fa5723dcf2e7ef387a5ae12f13c4f588086e70119d84c5bd1,0xdafea492d9c6733ae3d56b7ed1adb60692c98bc5,0,58750003716598352816469,75455,0x496c6c756d696e61746520446d6f63726174697a6520447374726962757465,30000000,14538157,1674976751,137,15228149743
16511320,0xc446435dedc86930b89795b6263a534dc5185a231e378d17216216a91641c2a1,0xe9f5c0aad0d69f7f06f29327b6ffad919c6f88351d36c1216e3b76dae606d834,0x0000000000000000,0x1dcc4de8dec75d7aab85b567b6ccd41ad312451b948a7413f0a142fd40d49347,0x1461c923938cf06100a883c58190b36a4102500d18ca37c0721b803654228e1244ecc310c0968aa5e0786cc422548330a7013204daccf5f433040235d03fa1064469107c43dd042c29817aae511a10f886015108ced408906b2321c58e48180a135408201202d41ad1810d8048120cffc0169000015e94e21604129608db076008a193dfb7cee000104b4d42014100d52486900169402658650c2d6b11d00bb28b99b783e002ee1a00b74ed48582e1df0475c35266204cc2406e66359a6d616002d21692274a987303cc0024cc4c712662c46efb940d40153d60d90b9e22f840543af40ecc84b5416629dc8bd3111ca1413282eae4eeba40901df95a89d7dc11,0x65a9a927284cd445a39c65e0040b759d228e0b0d992278f9c0d2e48d9271208e,0xa010a403a6da0da1bd69645289254410185ba02ae361deb11e1e306ed7a8075d,0x9a4b0d548d38f8f0a2e88fe83ce22a1bbd8a5836c70d754e95838be3f529f2a5,0x6b333b20fbae3c5c0969dd02176e30802e2fbbdb,0,58750003716598352816469,132759,0x,30000000,10453183,1674981335,101,14157320848
16510942,0xdb7b1be6064106c4df6f4b9da4a98ef3bc418a60450505635ad10d84074e4cb8,0xc165d97765069c08e718cd1686f5cf9c373091e782e09079c2c434d5e0450dfa,0x0000000000000000,0x1dcc4de8dec75d7aab85b567b6ccd41ad312451b948a7413f0a142fd40d49347,0x42abab021180929a692365098e2316a8d2aeb4548813c980a01756154488b95e881739069830aa10e2d2ab241b018f3fc2884066efa266850292c32cb0723418401c02bc40c58b2d6a89f28d7670b53180405dc503c19a295e383162b94988255a397114025ae76bb9d4b15467f08e606cc8c803ac4067111f700031809899a40d00d32eb14e0566144e55038a6ac10ebe27968d1f28398ae38c48e96a71170cee99010210976f1187802cf34052cae0822147260691204338a08813984e580c51258ec22e1488cc90e224025ce34cabc961234951ab0c3945141f63c2c8a808a21aa2bd03209119ab5b546a0c093a280400af008c4a2866b218982cafc04910,0xdd0deff46442b9c0b35c848125a22276b3726251c4f067dcaebcd4c05700e6c1,0xd4a2a7a177126211d157630ba4921fcbf28ce63b52dcae4183dda19d9999a7f3,0x8bf5f698d816f49434ebcb2bf5d63973a15e0b4845354374a645325f3684c7e3,0xfeebabe6b0418ec13b30aadf129f5dcdd4f70cea,0,58750003716598352816469,53251,0x68747470733a2f2f6574682d6275696c6465722e636f6d,30000000,14476302,1674976763,78,15169541290
16511069,0x41e469d4d67943d056041d63a5d038fcc477d4d265a55f485a4a74cdffe1615d,0x0ca84dc096a3458bc59c58fbff588c11e8bb3182731eddf910b1c051c6053f6d,0x0000000000000000,0x1dcc4de8dec75d7aab85b567b6ccd41ad312451b948a7413f0a142fd40d49347,0x0420c1600000420074b1120ad8181820c8e50412404600000001861004000906c1160139e20a81e0400854069a4407858280820088902c01c82090028020aa09000000000060022c68834888c0000860988121110e4d884020401f4ae8010812422054d006034083008428090860086912080a40c919444c80a400900808410002000240982a0885084e4500220208226420a101014900082d6924ca083010099a48c34508a260039e30448008f0bc16021041010900900600800e7214a00012009041020002088b00009421044689225884125014a9001500020d020080a07100b0a00d80108400a001ca0000001a2080010520111a904c04880a1880ca10a2,0xa5116530c46fa604dd8d21101061ce3d7e5640adbbbbce4d5e877fff613c7d4a,0x90680c25a98dff57f0a9fa0cc3407a28cd976a4a43f5a0a0561735b3cfbb7edf,0xc9e25ed0995f6b9e65efb9bf308bf18f4a7c647e41439fe7a3911c3708e6d837,0x5f927395213ee6b95de97bddcb1b2b1c0f16844f,0,58750003716598352816469,28337,0x6d616e74612d6275696c646572,30000000,5905076,1674978299,96,17813972259
16511321,0x7bda0a394a5aab1fd7fa749246bbdd6c099cf5cabdb71077d1ef3c1f389b0ebd,0xc446435dedc86930b89795b6263a534dc5185a231e378d17216216a91641c2a1,0x0000000000000000,0x1dcc4de8dec75d7aab85b567b6ccd41ad312451b948a7413f0a142fd40d49347,0x362141679c005f641859224bc506747e8c1170c308daa298ff0929288c43c0be80339712c0824ec64ce03ed7ce3c85dc2a632850c802a970831312315cfce571b869d09cf693cecc6b86d1ca6417806cb884eb39525c0b560f217f64bd5dfc235e0e68102ec668d74aef9c8904162dfbcf4081f11413cd3542318573e51aebfc8a08875ec2eb10cea1698a2b23b68847fd06b6cbbf4920e8782db8e0439b14b4efcd7575daa8e305aa88abe7ad7f8c880dfa18403b3af3d26bf84abb0381107e10e8950b08598cce042b0051ca0732466c530ac219bf9cf544364f437895e452f433fc1dd1a41745a57d5dc56a61fc99cc188061909a4b6446035a36f8e51c83,0xb5fa8bec3534cd597891fac8180e2a42855c2b3b9caeaa3290b4dfe3803b9759,0x42b1cc59ac7da1bc97708556f6620f53fd944f6cafc490f4f0eb2c93bc40b43f,0xe7f4f93c4fe3f64763646e4b3fed29a84ff04a1cf23c04be492c1650d5fbef4f,0xfeebabe6b0418ec13b30aadf129f5dcdd4f70cea,0,58750003716598352816469,77918,0x68747470733a2f2f6574682d6275696c6465722e636f6d,30000000,13011380,1674981347,207,13620897956
16510943,0x16169c7fff2c877ccb1f9c7399c2962c257f2af555aa8a4fd6e9abf4d4f5d194,0xdb7b1be6064106c4df6f4b9da4a98ef3bc418a60450505635ad10d84074e4cb8,0x0000000000000000,0x1dcc4de8dec75d7aab85b567b6ccd41ad312451b948a7413f0a142fd40d49347,0xada90443016ae086b730014acc95422108241673080a086554a11204040059013212910118628c04004fbc80ea448d97ca81c218ca12e631d20214000028a08d104dcc9c4a21c769eb8b6099f464502884e20e1189620a700eaf5901880b944d4a1272a00212cd00c2540c00098a0c71a8565951bb38fc483001c0350698d3b44e22b340e32a11a4b5c80e4e01e2908e241884950342203acc01d5694214086c9ecea345d9826248b5a042f274b2e1fc04b1d4a0ac98fa1f08a32c2a005c52204134002680140e4e1940601284ce0200c440285259fb001d8e240f2310a221810418e6ed890088427a8e1d901cb118a1e50714a8100801507a0139e2c9b414a1,0xe2d9bd00639c04a04c6523c00d643ee7128483c83ac20864421d79c2b9dbb474,0x81063f3a6135be85e42c1946683f7be61d293fcd7fffe204b9595105f488ff3a,0xc16ec9ab55bc8e9f444ddc9fe63b9a3e379cb5eed271ec51ca84a3752233b5f6,0x5f927395213ee6b95de97bddcb1b2b1c0f16844f,0,58750003716598352816469,57869,0x6d616e74612d6275696c646572,30000000,11242946,1674976775,109,15103339137
16511070,0x4bd690375268f31c5574b29bed2907273a76173e17013c5428cc8f6a111f39fb,0x41e469d4d67943d056041d63a5d038fcc477d4d265a55f485a4a74cdffe1615d,0x0000000000000000,0x1dcc4de8dec75d7aab85b567b6ccd41ad312451b948a7413f0a142fd40d49347,0xb5e3c46de3129b113f3f4c08cede13e5a8afaa2f7e5a85b04f6155260e225030c842173ad7decf2d0086ff9cde2f7f945e67bfefba35ec1223c1be13b8eff55542cd441c43f6ca0f7fefd5cf5557c5f8978f6c87d9468af50de6ac63c812594b5be2949d0effa3023efe8a33ccc92cf1c75d6851f435c78a9eee8d79c708aebc9bc945632a96dc25dcccdbce4b0c8a2d65708af5e5e98cbae73bf5fe56723925de6d8f8dcd26e433e2c2b7ea8c6ae5aafc17c1668eb3b00ed2db3e3ad1eee03b777ec716c7d24def20f77fe16d6f76afcd4aaad730db425b45f62d43af7fe447417ababcfe36ed48e6c5ced18897d8bcbd3fdb0f438a8ff204e5b9468e53ddbf,0x1a213ff4137f820f9d5f1485e747a67402689ae39c2a319155566c01d5c18b23,0x3b18e250d409c98345ef9e5b8ec6d06cd52e4786794233ea2e7198f90aa9ce01,0xaee6e6c95474fddff04773bd81d3cc6bcd635d1735e0b7c56cbeef88dccecc22,0xbaf6dc2e647aeb6f510f9e318856a1bcd66c5e19,0,58750003716598352816469,100337,0x4d616465206f6e20746865206d6f6f6e20627920426c6f636b6e6174697665,30000000,19619395,1674978311,186,16463832894
16510944,0xc9deec5f2536cf9a618856489cc9ed49697c710a1050875552bad744b8b2bcc9,0x16169c7fff2c877ccb1f9c7399c2962c257f2af555aa8a4fd6e9abf4d4f5d194,0x0000000000000000,0x1dcc4de8dec75d7aab85b567b6ccd41ad312451b948a7413f0a142fd40d49347,0x0d2b10411493d858fa089008ca4802a830303070890008a8b149002907a88708729243018229028861d1b6325c82291a8201aa25e82068050200505134eeedd8c99800a60000282c2b86448906500068bc82281106540a2001101f5ad8c9ca0f1690904163124c221483841d28384a7b820a09000950644b310850d1019a02ec0a848045082a612c246466206d4201442664041dc1c0020a16a8406898350c048b0a07618ea06bc0159141e5048e84422d8909602587443a41039c4812208c52811d016304148a62284812282504b1ae410302c090bd4a13029c082690d16c4000b2292940caa502820c9d04242a14200232280092f944502a2d4818e4c51714,0xc0c13a174ca0be6a1afa6ce2d7ff79307d338116da1724834bf3882c2e9c0ac1,0x8b147e244ed39e359dc68a87c10b58fcbcee238b313d3a31663dbc8c467dced3,0x5c3ae70eb72a9e925bf70d8f6d220e05cf526048e49719b4e39009d735a34554,0xdafea492d9c6733ae3d56b7ed1adb60692c98bc5,0,58750003716598352816469,40182,0x496c6c756d696e61746520446d6f63726174697a6520447374726962757465,30000000,9066111,1674976787,93,14630471965
16511322,0xbd2c1b62d3ef2096b6140a476d41d3038dea5798aaf6fc8d0c71067c8e9e002e,0x7bda0a394a5aab1fd7fa749246bbdd6c099cf5cabdb71077d1ef3c1f389b0ebd,0x0000000000000000,0x1dcc4de8dec75d7aab85b567b6ccd41ad312451b948a7413f0a142fd40d49347,0x043185168995356b7859b1e185977e7a76a925f9c697e2e1365d8294fc889fe568cb75b68182c1022adb7fd56a899d1906e13d42ab1aacc42274928b74bce8081312d1348a914e38ea5353eae348d06ab6c732015ced0aa24cfd9e0d880f2b2f977817541aa350da970cde8180f41f6d9e74994385108495cf720153b3b8956443ae82da66fac807167a4423631a0c2f3f42c0d5616e858a76259056ff1528108bb8afc793d865119e87dbec4a32841ccc156ec4e6fab36e38722fca182a95674bea8e4a39cd48d2bac813b7e484190ecf5112e018ed0d511dc5095a1496618b9336f91bebee5ddd020e1bbc52151a828765792cebb8a2c0b88939add1f1f5b1,0x7f3993af96d383d601714a96b435c28854295808876accdf03e5ee919821e732,0x1460e31804f07cd306de421aeedcadd9f3f7a2f49bc3ebb6640d7553ddae92e2,0xd39db6ce9f52883bac669f6cbc9a168f2cdf33ea1ca1c9835d79ef2d53453eaa,0xbaf6dc2e647aeb6f510f9e318856a1bcd66c5e19,0,58750003716598352816469,52314,0x4d616465206f6e20746865206d6f6f6e20627920426c6f636b6e6174697665,30000000,28985317,1674981359,146,13395174706
16510945,0x7a843d1813f15b510063566ecc5260c219d94b1c3fe1694143997f0a451fe6a5,0xc9deec5f2536cf9a618856489cc9ed49697c710a1050875552bad744b8b2bcc9,0x0000000000000000,0x1dcc4de8dec75d7aab85b567b6ccd41ad312451b948a7413f0a142fd40d49347,0x8cf1b5c985591400f823a48b8b1112a40c22a13708120d825aeb8a008c101120422e8700f822860b16263a1ed9c749424a010d08ea603c86e360413594eab61a0b9a13304860a92cebbae4fc5c300ca904e31a0926504a08b6194d01ea3208175f007e182282c443c1840080000949edc2008b29545b640220047b5a115ce84c8337c056a20ee0acb0cbc3c6032858f670e08e99e35cc55812348960409530188e0c8149088d6358028465f0c8269c82242920404490108a60768e381088c28111bca382e4a0084b100020a3004e36e6c26062cd9c890e7e3c050862218521114437e48d011588dc2a0e1cce012f10a06890200000d8e4d178819d62e9d5f645,0xf8f39297d37af457b84698d92bc3765c87ced4120e0ecaa48e3145ebc510334a,0x8d123d00d13bdd84c65564aa0b25649ef914135c3d8b7b73d5fba04499698ce6,0x7c758d9c80172d78fdb3f095ab807b4e2c9cacbf7559e8393e26234b5f9366e3,0x388c818ca8b9251b393131c08a736a67ccb19297,0,58750003716598352816469,76668,0x506f776572656420627920626c6f58726f757465,30000000,18009000,1674976799,112,13907008660
16511071,0x581542f068e591d2b6ca7fbad0945d0630c4c7ce2eb96e7b1b73543c5151c99b,0x4bd690375268f31c5574b29bed2907273a76173e17013c5428cc8f6a111f39fb,0x0000000000000000,0x1dcc4de8dec75d7aab85b567b6ccd41ad312451b948a7413f0a142fd40d49347,0x023904a391889549743a2142b8084829388ad60938510a10017551b0050494825050e900c411000f42409e921c540191dac1602a8b20a911800028538128a021464202b00651886c6c07608a548264a98205048092408c38da215754e0e31a1906950007c28221e3048c511498980839c3020063209524c4849800939a8b00102c5289422692144414c8a6410a42a8235c20475181478509b424417b09183c0bdeaa81f247886a04030d00e88a60ec4a058000b484d31022217b1e10ba4853510b2134322c0906935ba08021441b53a74c2412da30ef91596188b9021130e84040326f89f424d8042a859fa9a2853e60d408c1a00048214070097898801d96d0,0x4ba283e73c71f6db6557cb7a8d874e94b65985112e9bf62229e191a485834d73,0xd076b87d5389bfa8d1cc1b26aebb66ede33bc699bd16a8f18f609d22490d18d3,0xbb0c71d70a8a6a09933189d381747169e4fefb185db8115c7c1e08433e6802f8,0x690b9a9e9aa1c9db991c7721a92d351db4fac990,0,58750003716598352816469,60335,0x6279206275696c64657230783639,30000000,13514189,1674978323,132,17097607455
16510946,0xa10b3a9ed98ec51b6686f6d24d5c36ad45d8878cee9027e35b58cfc534f2de41,0x7a843d1813f15b510063566ecc5260c219d94b1c3fe1694143997f0a451fe6a5,0x0000000000000000,0x1dcc4de8dec75d7aab85b567b6ccd41ad312451b948a7413f0a142fd40d49347,0x2929c08144e6d8581931550ac0540269402d00811810020020892400ad9404044643010c90235400918816804a75099596311828d80028144b50949210aeae004e34289404489a4ef8ab60884448812000028c4402401a404e06868184750c4d527691819a0680220085012408522e312a8009c88957140590c214d15018e794030583d80a02c024106ce0c09180034c070080018314840e4e61004571300802ae99418701426944b2500ae14a0b84083c5088982882822302a588021a014a1fe51a828b00909878610400a20826103349b586c0b08a2050b0606ba2826828401033700880d0e0441a151cc096459ba61406884861080441241d68128c003568,0x079344f442a8e64581d7e4a0042f6d844df536a2bf5c22bfdd9c0cf2c4e2376a,0xbd906d6c033cdcda6173b9861a3da2875166e1a3bf26174a9e552c9cb1ebe41a,0xc84ea98575cfa3e88d2d215f7c60f7f6fd24cd6e9a0571e153e08b63a207fc0f,0xce0babc8398144aa98d9210d595e3a9714910748,0,58750003716598352816469,37645,0x7061796c6f61642e6465,30000000,7036328,1674976811,89,14255726902
16511323,0x7800f03c7604a74f16bc42c5c84541dd6db829f65fd7abd46e5727b78db6cd95,0xbd2c1b62d3ef2096b6140a476d41d3038dea5798aaf6fc8d0c71067c8e9e002e,0x0000000000000000,0x1dcc4de8dec75d7aab85b567b6ccd41ad312451b948a7413f0a142fd40d49347,0xc6e11195c480f84db011542aa01980398499a065208194a9808133413492b01194071758c02a009110d036015a862d8cea01dc98ec4328a85a12173718aae520702821b2d813bc2de8cb518b477290708481bc1a1fc00cd260140c41b905181f92cc801503c2171b848e0824000c6bf2f05098600d1984a0e68220113009645c16a037d2a39a940402c85952312401242102868d1101ce4c406144d85b5002ac8ab8c14d90206a9843aa61b0deb6bcf0a574480aea30920763c00e2e480004045154031e41028cca0520410040d6b4f2f16216ce1488005d40c589020088a35600bbaecd1b1073495afda604d82b3a69d01007488aea2a480414a80596013629,0x2ad120ce5bb6310ad20ee026eafaebeb97db3b0d8d87b49cef44f6a68b52eb84,0xdfd60890cb942b1d1aa635a98817f8ecb926996c6add195dc6575d35c47f9830,0xbc1fd6b15d6ba1c2b07eda66e7b1ba33a0b30c4e09082181388317410efec66e,0x690b9a9e9aa1c9db991c7721a92d351db4fac990,0,58750003716598352816469,74400,0x6275696c64657230783639,30000000,10834082,1674981371,111,14956306077
16511072,0xd0ea74e6d8c5afd2dd3546e165141eb2b54109ea8945020cddef3963ee0f9a81,0x581542f068e591d2b6ca7fbad0945d0630c4c7ce2eb96e7b1b73543c5151c99b,0x0000000000000000,0x1dcc4de8dec75d7aab85b567b6ccd41ad312451b948a7413f0a142fd40d49347,0xac210c15c501d2d434306187e159a02f348b9320e4064e6203fd1a00e6519160cc8ec14f805f714d376030408a040db796911881be907c0904211073602ee0052ab82c542874ed0e69074aa9cd040da042602a3cc7401e4049ed1602b922287197208488120e4443944831951c832be3b0c69878852d8c82c3d6149e2c4a48a40e0803d3ab03334405c210728912ba213468c9030b600088623389e9a13024e49f3c914e50116e61b69542e47230848b0c51c2026803b49a83f82b865ba10054412ad51794010aa80145211312aed02aded122de1588003b43241802ac202048403bf9abc036a0bc008c07b285c110a082008780054c3dd630a1a904d1517413,0x8f0634f345cc1f983e9bb6b852a56bb1026a29f404e8cba009c160474e2b6d71,0xb5fdf58ef43542f6461f71bc11e8059a3518fe5b16de3e7a32dcd83f225e1ca5,0xa903d27b6424289bbd74c28f295a999d5d30f90693db4db0cb93c95ef07c6ccf,0x690b9a9e9aa1c9db991c7721a92d351db4fac990,0,58750003716598352816469,94294,0x406275696c64657230783639,30000000,12828513,1674978335,131,16885909012
16510947,0x77c9ab300954f064a7362a537b70ae4a31c24b661fc0e9a5304dcb80a5c4a1ef,0xa10b3a9ed98ec51b6686f6d24d5c36ad45d8878cee9027e35b58cfc534f2de41,0x0000000000000000,0x1dcc4de8dec75d7aab85b567b6ccd41ad312451b948a7413f0a142fd40d49347,0x1d234107755ce272b86b15c9cc140a78c1c734a2789aec7e201969004491b52083427392d4650999451a4eda5f711535c7280780da937844b60032949eb6ec48291a74b448d01f6f6a87decfd038b279589749886bfd3e7184819b01a2880a2257118ebd722643bac8e1b0c029042d21d0bc020ae059b5ec30084a551bfa8a1ccc160130264215acb3690c02294688eaf4a4b5a387c0003d0504086ec3bc1b0b9bda050778307b43b01da1c08d1ac64e64e4901f62c182ae21656c7e65d810b79b1731a609004997d06aa665886e72a645c10ec01e98deda2428fb67688d68445c1aa39d3b9405497a1df9a1c093bca10375044c62a8905446d039dfe275f1a0,0xb23aaf9cb5286dfb0ff5f6a29ddcac0e36a6edee7db9c813bc2415783d5c25de,0x454b45c847c7f845173b3456c4e2410eba91781a786f743ddfce21bdf559597b,0xcd196b9f8c826eab7428a04c1e74721edde24be31894a6449c71f2910c07ffb1,0xbaf6dc2e647aeb6f510f9e318856a1bcd66c5e19,0,58750003716598352816469,159338,0x4d616465206f6e20746865206d6f6f6e20627920426c6f636b6e6174697665,30000000,13340382,1674976823,139,13309660793
16511324,0x764c478d3c8136a23c1ab2729c1d2170ce0791ed66121b9f96e6484828e3c7aa,0x7800f03c7604a74f16bc42c5c84541dd6db829f65fd7abd46e5727b78db6cd95,0x0000000000000000,0x1dcc4de8dec75d7aab85b567b6ccd41ad312451b948a7413f0a142fd40d49347,0xf6a3c501dc4c958978f9bde0b219c52190e09d0463541104050334c28a00c024245c0665a16801428a513ac44f445b983e3178901938ad2013614a7905a83c0c88a5743041819e9cab8216a8701461e89dc105bc21c403c2d6383a15a065081d3b888030320250a2da84149508406aa3e747c4db94f8444fcc0300908fe803c9020bad4203ae1205b4490b76003bc863e1228fe199020419448c18e4a93019089e091151858261ab5807bbf64a32948c3541098641a481e61882aa176b050049e373fa2200d999c05a2400a064241c21e85012ea56be14d5064d49828828a311d41aa28cf4aa24808c2f828000015dede40c0dc403ca7b4232217e0590804480,0x3c2464643d223b0769738a080457427a95cc55893057b0af4a9317fe23581227,0xde91724061ea8d7081d79e4ec0aed85fb176820ffaafa4ce1f929b4ca123b598,0x1909662cba07627f96797db9aaff388404480e1344ec84b7bb769ca985fbe2ea,0x388c818ca8b9251b393131c08a736a67ccb19297,0,58750003716598352816469,64232,0x4d616e69666f6c643a20636f696e62617365,30000000,15083480,1674981383,98,14437083205
16511073,0x274805c37834e2ce5f5107f07e93303e0151781589df099cf1f05e0fe62d8c9f,0xd0ea74e6d8c5afd2dd3546e165141eb2b54109ea8945020cddef3963ee0f9a81,0x0000000000000000,0x1dcc4de8dec75d7aab85b567b6ccd41ad312451b948a7413f0a142fd40d49347,0x5b2b71b081239a02b80800d2c939d96a4da9b01970720b0c863baccb3098bccd405307cb88441740580ed2921954037486474860af059a16937750f336ff225c2c256c97d2140f37fce254dc5d300a6cc4a262d1d4f6da63b044af49e865ea333695bb22829af0b228efe38449f20963ca811a736370bcd4efd5197ad87b8a9c1a148b74332a7a4714dd4427151216272c0560450b88a03c76b61ce9c3bbd3a19e78314151a27f1b0f81f7e2fdba85d94eec6ba63860348b71722a4f8890cc9144108432431188d2a123d009686c70ff4e6b524c94e9dc5199433dce61e8e3894e7cb0fb456ca62094a486ca81cd1cf6a753a3275148144d06ccbd00f3da3452,0x9fa3e5816b053dc2172664ad8644177ba3682c0d66ccb8f015e64f4505f9fca5,0xd3549702b8497be1ea0ccdb1e0bb425aa43efe040f8155b8fb5d3915064bf670,0x2a30adb3a22645cbc6be67ca20c7f70358053abacbe14a464115b7f2c61c9418,0xbd3afb0bb76683ecb4225f9dbc91f998713c3b01,0,58750003716598352816469,53909,0x4275696c644149202868747470733a2f2f6275696c6461692e6e657429,30000000,15866373,1674978347,133,16580346247
16510948,0xc2d45f1eea264a0321ee2127af2891498cca747e03acf4cbceecbddded423779,0x77c9ab300954f064a7362a537b70ae4a31c24b661fc0e9a5304dcb80a5c4a1ef,0x0000000000000000,0x1dcc4de8dec75d7aab85b567b6ccd41ad312451b948a7413f0a142fd40d49347,0x00a040100934935aa00a248cfa01406904032509000300c451010000f9800a1eb0120040c0210118980f030808411d808ec34240dfbc25807280921084a1e0d8a0010cc9c120080cece070accc0020e9854080a8424088c080a901488cb158b1460121c00282302792a4118000a8083cd00090408164348022001ab00b1a400600438a828a2241245041440ac10780e5410509214180022c298242e8639090259afa71024aa8ea40940402aeda52e780027952201880129e414108020001400110026803849086c0210c81020821948ac97491c156aab81201041c472894a8124995245800451a082a052400420012025008820c2508e44131047900a011c805,0x9adb9f47f41fa81d56c986a5aaad9a0d95e48cdc47db8ff4b7cd576e4f88f495,0xb0c8137ee0f2d6d4f1b5480e5b006a4c14d2903a7f8d9e6272337dc6243a2175,0xd3a2c770703a1762c185a89d1ea5c95646c481256ed43dff6f02b0331a2ef4ef,0xfeebabe6b0418ec13b30aadf129f5dcdd4f70cea,0,58750003716598352816469,40241,0x68747470733a2f2f6574682d6275696c6465722e636f6d,30000000,8514798,1674976835,89,13125586188
16511117,0x5c9c8c0e02a3b6b66063b3f0ebe16a04f1c3dcce01cff6622d31863670468c01,0x0bb8a4d89e0420dad74622c798bfc79de82c49c990806624725d7c7867dd2b07,0x0000000000000000,0x1dcc4de8dec75d7aab85b567b6ccd41ad312451b948a7413f0a142fd40d49347,0x087d0a4104109405a4104214840c2321070b308a10206042160502645ca400200450102ca00008b14a22e6640c041d55829d09a09a22a1101299001054a8e688ba0484184719499fa88140cf4420496092a40000c1c2282034808858835148b31e92d19002123ca3254080a00a1048600e3260010408c462d0024c332809419c3b018142822a100514611520814a822f04200c8101402228d014014ecb1282809a088903d28360008132a8b0b476ad09844c0424201a24a640400a2518355616535b40d2444294c84db801240006d607e64803c858a9c01909e11a428810a00a345660094800204e000d76a2049d58a8c2001160808aa04c400a0b8281454cc0,0x06c095c7068ad4adb95c551620e35f4ba0cfea5c38ac9c818544046f41889298,0xa6d30f091d57ce04193a3bfbb6e562021785c305aa82baa397afc8fd45f010cd,0x403adaeeca97dc9755aa9ca3a4c932995727db6b61a656b9e8ad0b7d407f56eb,0xfeebabe6b0418ec13b30aadf129f5dcdd4f70cea,0,58750003716598352816469,31630,0x68747470733a2f2f6574682d6275696c6465722e636f6d,30000000,6729055,1674978875,80,13286289802
16511325,0x60fdd9e017322d1d360ae756ed52a64af2e90f8bc1d5fb94db9d9c7dc8371130,0x764c478d3c8136a23c1ab2729c1d2170ce0791ed66121b9f96e6484828e3c7aa,0x0000000000000000,0x1dcc4de8dec75d7aab85b567b6ccd41ad312451b948a7413f0a142fd40d49347,0x1c2a41687135400001cc7600e8b08031503d4061c08001083019a6c216026f11495e8109c000118898f04d400918112d021284829800b48148e412210a66231059c65060410a0008e80c5f88b42541ec8903605226458a08080019b09d00092b924e86081256101b85d208802c309cb8d9309818880a450842a796d0e01b2544430041060a0be884004802c12155204c639436817b0010ca8088ccc0411abe298a4841014ea0f606cba80cac2d02b582192ccc4020a4153211e0aabe408e8003c112b35210141c6014000246080f54ead0d24a5094884a100631190a0000e160573ce8883029634b0e011048932079a22000004086380c570cad08608d0b0aa1,0xcc02255646ba1e8526c5f56bc70ff967b46ddaf6f9189810997019d4d1451ae7,0x85edc4b8cb02be89a0057a574329fa6ee8c6a0bde2178eb7c7ceff07f96a5d17,0xaa8752d00121ccfca547f872993bfd4372648d7cc0ea78dd7d41db0045c3b314,0x3b7faec3181114a99c243608bc822c5436441fff,0,58750003716598352816469,47165,0x4643,30000000,14561150,1674981395,141,14447126602
16511074,0x2239ce0917cac14d0d1a0a6c3fd4974cdb28ce92acf4bace26212729f0ed6dd9,0x274805c37834e2ce5f5107f07e93303e0151781589df099cf1f05e0fe62d8c9f,0x0000000000000000,0x1dcc4de8dec75d7aab85b567b6ccd41ad312451b948a7413f0a142fd40d49347,0xc6252007448289482c5010909c9a70a90014821c81cd0aa8a22a4200160410b7122d3642da39000a28182636580d2102a6c35c0c88759d00427630344e2cee8428882a126d6465202c0374ca4598d12404e388924ec01e0194102101ca81db290ec888212686c9cf8eb0904c0967d8690e80982804014440ab40089609c000c412c85155ba0254446400301284a3a2221c0106871540ca38080a684601b0024a9a187f020983eb00015653a080639c6095a80b0408300902024a0be844420088ec189a0e0700aae6c4d01118851c606451ab0acb11aa0ddd3e8c08226083640a4119b3a91324008000300a150d1912a5c78c0140468c00c26081ca41e180b53a,0x3495daad6ddf7794eb975a82bcb5fad95661e2d9f658a024249ab7fada960d41,0x243be39ec8ec256bdfd560a9b4088ecf8995944967e1efde82d07d908f12c934,0x29afc6854e3c3e3d1d0f63386d4f75e975e737af93c8733d1e572a11bdaf7e11,0x0908307340caec22c1f87f99a8978643208d835c,0,58750003716598352816469,30782,0x,30000000,10846140,1674978359,55,16700052616
16510949,0xedbbe4485b3466b79d0d7992e5bbbea8e7d5fe28f0df80edcf0471d3621a264d,0xc2d45f1eea264a0321ee2127af2891498cca747e03acf4cbceecbddded423779,0x0000000000000000,0x1dcc4de8dec75d7aab85b567b6ccd41ad312451b948a7413f0a142fd40d49347,0x093f8ba9d4b2d2cfd8db14eead8593bf10c3e5c3693f76a24f110214ee065db3b96a1996906baf25e008b5864a4417b4a6650eb0db0f2b8576711412a03fb52d2fb95cb15a306baf7d9fc4ebf504606338e01f80cbca3b4fdfa89f6494c1ab295b81929baa87cc4317d8cc2c81a19cfb8a6d39c00f24f69741257c757cf869043704e2dfa24a8774144617c891ff0bb45592e38385d0857ed425096ec3f941f4ffcce7f7d7306f03d00f77f56399f50d045a61dcb98ef8a311c0e9729191ddf05146ad96b4e30bf889080800607ff9e3401396cc948cbf5c59a01933d96766da4c30fd8c95e88452cecde8c16553d9f7e6692700b35e15d3280c3880d1de7cc5,0xa5aaef9c57cf52021f3ec914d00519b78c248efafe543ebaf384ca9048c1786b,0x46c5c0733cb9f4b8e262c0b1d0d2750f0cd91ab7a202a86ad1ff1fb222fea2a7,0x5161ec1066af6ba7b0c58d38c3a44ad76af87ab62ca0f7f213c3947f9583a4d1,0xbaf6dc2e647aeb6f510f9e318856a1bcd66c5e19,0,58750003716598352816469,104253,0x4d616465206f6e20746865206d6f6f6e20627920426c6f636b6e6174697665,30000000,29271453,1674976847,224,12416235540
16511118,0x2fbcc0bf5bf1e710511eb62e940235bccebe3ccd5a9b66c58d003ca94d5c76bc,0x5c9c8c0e02a3b6b66063b3f0ebe16a04f1c3dcce01cff6622d31863670468c01,0x0000000000000000,0x1dcc4de8dec75d7aab85b567b6ccd41ad312451b948a7413f0a142fd40d49347,0x4e620139d6d9121c345a5d36bc072bb0368a264b8c0d54015fdb9f4a7d88a72efa1b5203a6401c41424c36c52b52912ff36205f6db91aff22ec948b995b47c70ae4096f8dc34492c29c3fbee6cc0c32a9a88a11c09600f49f4c009588f71da331a236ad0825a5e9601e1ad7e3a000d698666004d11d4e66cd0a555f7ea5ee2375be4cd3a0aa67a1e905204216139437526719881636c8e6ea75c817c8ff89f95dffdadab2f4fe2018f30d7fd476ae43d2b41492b402820ce53c42a211567a176732f504f7d5b20d275287faa2a8693ed60c582d4d4ce0b3f79e53ae60894a056a41ba2e808c5fe119204e78a3c1330a8b7ba8345e8493df0e8150accf0115ccb,0xe362ae76d690eb0e35157f6dc091f9aa2cb111be677d02f47ef52954ee80d573,0x7943bd3d8f5bf5742dd361f8f458e028616e06deb3220f5ac7ef79ffa45397b6,0x2fff1dd3b1a83e612a90edbca949bfb62d9dc1154bc72da00f91be36e3d01f7c,0x473780deaf4a2ac070bbba936b0cdefe7f267dfc,0,58750003716598352816469,49365,0xd883010b00846765746888676f312e31392e31856c696e7578,30000000,29868134,1674978887,138,12370538367
16511075,0xc163f2b98f8f07ad691f16682d8d696f9f16f47865587a1bd8ce59663d4ae8ec,0x2239ce0917cac14d0d1a0a6c3fd4974cdb28ce92acf4bace26212729f0ed6dd9,0x0000000000000000,0x1dcc4de8dec75d7aab85b567b6ccd41ad312451b948a7413f0a142fd40d49347,0x263b9f244003fa4238981806feb8de29110136352a420b84d439b0285482ce0d8c8edb1f89a21168c27dfe10ca5601edbb4901a99b4b68486218d31357acea356609d932da50ba0cef0240a9fe15e8a2d0a802c49f401a502ee25743af57fb33cf2476c0520ec6c240d91108836bb931ad006948e37b278191401c5c096ac0141b4a974e02835a04fdc0de4a2a510f3b3586b9810f80869d7221a8689c3838559e4c9107db026be0249257f4432ac4c46fd280208862b06659b32b3304f3beb445745082080a2cbb09408536223a52a6ccf11bc0968b8a11440d18025a75a4400332610b99f82185b63d6ed4cc4fb9348438811a10c83d519cdc9908fb9976eb,0x7ffd6303f562d06c4ef4dc877ddd0fd2339074fa6878ed7a1da31b3be871aefb,0x24aa319f41a9cb003893780eda4495a4a3e63bfcaf32a6f1d79b84c8525773c5,0x069e6b149e0b5451e1be4ffb6fb3bf7dc54989679348177d9a5610ae6302cc83,0x95222290dd7278aa3ddd389cc1e1d165cc4bafe5,0,58750003716598352816469,92234,0x6265617665726275696c642e6f7267,30000000,16652012,1674978371,154,16121971945
16511326,0xd0174de34a3620bef23c8de1634c18ea9cdb9c11b23ad582fb49bdb99fdc4aae,0x60fdd9e017322d1d360ae756ed52a64af2e90f8bc1d5fb94db9d9c7dc8371130,0x0000000000000000,0x1dcc4de8dec75d7aab85b567b6ccd41ad312451b948a7413f0a142fd40d49347,0x1d2943ac21f164113178328aea32027921b9ec697082a290a489f9c2ef2ed50279321d63992268a844709a409a0e35867a710ccada13bc805220961bd868391da9e3582204689ca8ec2bdecf44632e6048098b5e9d40cdc41fc2bdd4ad4f1961db460e202293a00a52d20c01b9e009e980383e69e3c86ee6e70149d5a84bf8348b82eb4ec22adb5da9c95343b002b22a648187a1878008cc0c830470093ef6a59e0ff90e5391f3c320b6f6e841029e26047a0e6149f09acfd3b4cede80c84123d77f4002a1109c0a4c6c4016e61e52f841fef6503cfeee7d29c33b028a65e814bbbce08880cb424b68c736c240811da0c404eb6abb6a904c3d8cbcd2aa50f693,0xb66b357c297c73bdf5ce4e64da48ccb7d2262455ac4eac83b3111c2ed0fd51f8,0xfdf786ecce85b9e707577e2a20a50aade36e2abced796748f24f932c1d3084ba,0x5fc42737def3f0e8dc73dfff9aa4e72bcedfcfd51c5d6939f163200989588473,0xdafea492d9c6733ae3d56b7ed1adb60692c98bc5,0,58750003716598352816469,62228,0x496c6c756d696e61746520446d6f63726174697a6520447374726962757465,30000000,11529911,1674981407,150,14394292257
16511119,0xe1c664f3276be45160f6c3cff062283772359a7871191e8693e08c9beb30677c,0x2fbcc0bf5bf1e710511eb62e940235bccebe3ccd5a9b66c58d003ca94d5c76bc,0x0000000000000000,0x1dcc4de8dec75d7aab85b567b6ccd41ad312451b948a7413f0a142fd40d49347,0x55f14604e5c05093b4e01560b9829f6b1821382c4816c041011b25d924e08d66104a95a0c048545533553e08cb906763be092e40885aa9906f0c8d6715af28c3b62c4158e1509c3c2fe3d3cf6d3021e0076a2106c9c40cc90a9e0f44a880f801161b402c52b2c49ec1a45d5050056cf1e2c4187c8d5a24a1f00518729ddc941436fac6d20b6ad03582c54fc2133230ae695085eda518c19ae3e2e0e1423866978e2c835392ab63e312bbd9f50d33ed4b2c400c40f112b06205794a6e009f62a4782a82475af108d3cfd1452e253e12e3def5175994fe081d260e086200987370e23ab039a0852c80862c32e0c416f1a483da25ea01ca44c2601d380db6831571,0x06f88b3bad6821b54c121a2a0fc0b592d2b8c423136479906ad99f89e4cb1bb8,0x3961b3a626a799da1ff0f2c7c8b6e653ee24df7f682d41e17f5c87fd8327e33d,0x90e4d667219d05d45c2ad352b3232fb772763654d103e14c5dac4d2f531f2d5b,0x473780deaf4a2ac070bbba936b0cdefe7f267dfc,0,58750003716598352816469,69032,0xd883010b00846765746888676f312e31392e31856c696e7578,30000000,11015817,1674978899,126,13903261884
16511076,0x0705861b7ec9794e047631552075c1e5ffe473ac66653a9ef71f3ec0f45bbb81,0xc163f2b98f8f07ad691f16682d8d696f9f16f47865587a1bd8ce59663d4ae8ec,0x0000000000000000,0x1dcc4de8dec75d7aab85b567b6ccd41ad312451b948a7413f0a142fd40d49347,0x04201a2c220483c0303a58a38d022069430a2c41182222041c21d18c8492240204520338c0058e2c00287220aa0d31148e1a14e488033c300392381070a3a836200c800452086a9c280ac1a946b28ae092208c019a48496012031716890058b5528502108292445203cd228a008838291a018412805834a2901414d0a089821f0614031234428024c0680e4201010c265860a893a100282a452041e0d83011048f460113b0006a2007160bf00f22e48224c002882103100210801d9a033421012768793e0c8011c8204a1225802955e3058190e010882c1d490e092a8860a450d136a18805b15944828c0ec0004354619d3021650048a264000d0830204a1820,0x51d94ac9eb7aba95032a64651cb483f9389e63f98199176d768f721585518b5d,0x79a501d102701ccecd99aa17baec97b2c02fbdb85b80185c539e832989cbc840,0x4ad3bd89f961b8abb5df77253a4744e314414b39cc94ca9a34f5b840dfef4b89,0x95222290dd7278aa3ddd389cc1e1d165cc4bafe5,0,58750003716598352816469,50252,0x6265617665726275696c642e6f7267,30000000,9956850,1674978383,118,16343919370
16511327,0x513122d18afbff6cc21723ee0df1e44b36718555fa3357089f51651e4969d90b,0xd0174de34a3620bef23c8de1634c18ea9cdb9c11b23ad582fb49bdb99fdc4aae,0x0000000000000000,0x1dcc4de8dec75d7aab85b567b6ccd41ad312451b948a7413f0a142fd40d49347,0x6225873c022272afa4f861b6a435f13d226b3b4a282c5e9ad0a364460ff7dc07a09fe330fc0e49a9057843b65f6c658c06001a701fb0ae16b11492ad282464e52348f13ec03e755ceac43298551cb4a95a89c7d62af58f4015c386a6895c782bd6c0170e0b4b1b9e80e99a6993992ee16c25906363929460939c85d12ebbd415c6767602266684bcab4908620150162fd015ad191741204b2895386c93dc02018a699bc61070e430ee1620e64cb4a1888656cdf46a23fff36fcb99e392dee23bc11814f28cc58cfe95688294855f1fb6d4b4a2d41d9a647905bd5d66b83af345fe33f1e8490f11933a9f7fa4c007f8ad800903146328464c403d1cf9fe0317a4,0x20775e27ff7a062ceb340533f34b0aa1500c34f2b01828c137a4aa28cebd0c65,0x2d6549dc6cb8c334334df561fa2a1d7136c37dcadb141ed6a1466aacb235e51b,0xe218c464a6eb4adf06531e9aa47b36af04d02c7d845cbfcdb82925f8c54e8df5,0xbaf6dc2e647aeb6f510f9e318856a1bcd66c5e19,0,58750003716598352816469,56468,0x4d616465206f6e20746865206d6f6f6e20627920426c6f636b6e6174697665,30000000,28524164,1674981419,132,13978046631
16510950,0xb1460b32f5975e8d92a5e73a0724ee254e7304ae48f958b595f7853935dcc2a6,0xedbbe4485b3466b79d0d7992e5bbbea8e7d5fe28f0df80edcf0471d3621a264d,0x0000000000000000,0x1dcc4de8dec75d7aab85b567b6ccd41ad312451b948a7413f0a142fd40d49347,0x8529e28c214cc00c3990618ad41d253253031312488b0a08a011511014026812163f11c0242a2d800712d334ce47899502391482da162d21ba941001043d20544242e919622a0a2e6b8360fb4570606ccbc07a8295461b6014095408dbf13401ae0008608226ae94808500c879048ca1280bca4c1030844102beadf3245ec0000307014809aa71349f4c1b429f9100248744a5818146443a0321ae4ac230b0ad8add4104340aeb22b31eb1e0d921a4e4051530b2ee83f416a8b248121793a67043a9ab5b0485684f2044ac1a2d23126ee45480e8388814128180590b4a4970293832a209c016d0c28a4c9784d904f9248800d9c8818831f0f889880ad3011d83,0xa2df4a003e730af71ad25066749ee58cf66c25c0c0adc05e29d78e34d9955537,0xf6fbcb10cec62486155e1227498419fd433008adec05996ab633f0214938e22f,0x8c7b0ab1fedf1b9732128e6b6ff02196b5bef37e76220c66f7c4ff6067e6ebd1,0x690b9a9e9aa1c9db991c7721a92d351db4fac990,0,58750003716598352816469,62274,0x406275696c64657230783639,30000000,11345603,1674976859,126,13892883222
16511120,0x98e5f1759ec51382ff2022dc6fe6f0387838fa156ce6e518b5c4a0a5dc17e3cd,0xe1c664f3276be45160f6c3cff062283772359a7871191e8693e08c9beb30677c,0x0000000000000000,0x1dcc4de8dec75d7aab85b567b6ccd41ad312451b948a7413f0a142fd40d49347,0x86e85008a105536ca2809450c0480b7111a30cc984804100201dd026889885136808046ac13d328641602fd1790a0563366c2c4c8e323e8c1687006164e4bea9e6a98090cde11c0caa42628a5408883c8112aa0008c36e11859cb808e418883ceac402008e46caa744e0058462984d31c63049b1b0c80fe8d71007d442ac80c05f37012a420a014490c067b1429266e32d321825a5d4804a4a8609560270092cae4d0919c3837118281900c6562397c2e4a3181ac61d404a31154a223301e162a1d2481a250a10b219b001a690027270405144fa14b90a55db108a83310ae358ab76294201e36089a6542ba824d1116a8c90290718282c414311a868d5792287,0x0b09a50ed09ceffa23f3a7f03bfd945f135f5f7c0f13f97cc91a689f0b79a35b,0xd1f80ab990161b4409297370d6ac53d6fd4e47536389c11bc4a6fa1e1d1206d6,0xb4811d9ef24a23e5c9700cb8354ca3e649757b6d7eb648677926751be4c057a3,0x473780deaf4a2ac070bbba936b0cdefe7f267dfc,0,58750003716598352816469,37609,0xd883010b00846765746888676f312e31392e31856c696e7578,30000000,29975384,1674978911,68,13441652387
16511077,0xf1f331a550f5122cbad8416d0b0f8d28798e816952b91bbe39001f1b356defeb,0x0705861b7ec9794e047631552075c1e5ffe473ac66653a9ef71f3ec0f45bbb81,0x0000000000000000,0x1dcc4de8dec75d7aab85b567b6ccd41ad312451b948a7413f0a142fd40d49347,0x003f81014500d1eb2a196218c5715a6b93c3948804132010640150a55f4d19105121680994010b508025afb04b5a0536daa1168a9a88a45a23002df124aaac218e00d4814628f22cab4840c8d47a20a09cc400694fea9e4150b19935845198636e411de08206c407088157188838ca696bd92048e9100400d70005d928bc80520f0f41460362190e25492c60e2e020335daa0807f5e2883c283185c941b11b2ebf9b61838083e9771201cae40332eda28c403a2ca2d5a002daaf3e1a162e4cd5e7b0ac0e2558bffa692d203a02dd1774552cc1e11ed98879534ddb229b93ea4264b2bf39c5407c4c91089f8c01285db5d525c5161838157e10a46d469adcd43f,0xb3b4f7c35429d0c591e3a4d0505e1d4e7453e7273aa8c2ee55c4a3a271b593b8,0x3fc9cc8624433f635f52a723a3dc11f7e70581fb61c1fd52f52419e0cd077b31,0x17b088bf2ca516148f9a773cfe9250ae61a49fe33cc91d7b7772227f6896c491,0xdafea492d9c6733ae3d56b7ed1adb60692c98bc5,0,58750003716598352816469,69368,0x496c6c756d696e61746520446d6f63726174697a6520447374726962757465,30000000,11651255,1674978395,125,15657045729
16511121,0xaf5aab08913d878b2a3852e1bbe03473a4d2f36b825e8cb6ce662e30f53ee4de,0x98e5f1759ec51382ff2022dc6fe6f0387838fa156ce6e518b5c4a0a5dc17e3cd,0x0000000000000000,0x1dcc4de8dec75d7aab85b567b6ccd41ad312451b948a7413f0a142fd40d49347,0x56a9e8a99515d080e04c13928318abbb522510830a1ac702f287c0709ce9c40c7c8d5518c8110e8500adae900f302711bb85c46b9b7af1bc6b899159817e3d224e49809f8210aaaeee0070fdc638fae884e15001c1548e80c8025360ef4b0c575e123770cb4ff7b65598530d8b2708e3ef8e5803614085659434a3da93ea49d55ca2a74a022ed17fb5eacc1591c304a766232ca9572812dc058e6c7920f8bba69f8aed0e9e8ef673fa3b41e53a319dd5754fea33ac4b3a8792e74e6c780c6e13ebd83027015020e41090d084081c73bad071a2f051abc87d5681188a19826d79461bf23b8a9012389f4d9ee44703916de5666910c4dc484090cb39d5c3b72e02,0xcefd7165c5554f15ea98afeeed66cc8a63efda3a797dbc77316ce3ef3609cba1,0x1be378f1cfed94865d66cd3c801a32a1dc9262402a204219caa27dced8796cab,0xe4f8cd2a25250d4f116d90f2426e90db41312d2a95babbd86e090c9f48dfe62a,0xbaf6dc2e647aeb6f510f9e318856a1bcd66c5e19,0,58750003716598352816469,62579,0x4d616465206f6e20746865206d6f6f6e20627920426c6f636b6e6174697665,30000000,17442307,1674978923,152,15119101604
16511328,0x0b4a4ca1071ace06b0964324d38f1504f90cc620c7a21f302e47f68a805c8737,0x513122d18afbff6cc21723ee0df1e44b36718555fa3357089f51651e4969d90b,0x0000000000000000,0x1dcc4de8dec75d7aab85b567b6ccd41ad312451b948a7413f0a142fd40d49347,0x14a9118987408165092405a0ae84432b0124108bb2800184020d14401420c401180036149583c926c040ac610a000516a2210c0f88822ab62222061b1e28b5804e5400b45144841dfc83512d14708ce4804042000b60cc06a00038298a890889324002040252049a02a209e50050291080148220c00404a904049471441f130d1341a04a54a2883445494440110006846512a4898140045b000039e85a502860aadd010138006846400de9b80270920c94000868822212eb1063030010881054409e1406011000c322e4000280847820e0e403c2028c801d1e2d09420849a200641228094084330002841f00004b08b620200124198882400a8dea40c134af84,0x72827ab0d1930126147f7d8871ff95b9111e9fe43c77ad8c7c88e49ce12e92d8,0x28677b7021b559873fdf3446bfe6f4ab5f939b3d10eaf5421707818386bb010b,0x918d41dd3b8bc632807820cc2b84d10e27e8a93849f2ba9093afc6886b6275c4,0xfeebabe6b0418ec13b30aadf129f5dcdd4f70cea,0,58750003716598352816469,39947,0x68747470733a2f2f6574682d6275696c6465722e636f6d,30000000,7117905,1674981431,93,15553391589
16510951,0x91d7bb7f1c5c7f885be8287ed129aa20e6eec5d68c7abab0d73161958f5cab01,0xb1460b32f5975e8d92a5e73a0724ee254e7304ae48f958b595f7853935dcc2a6,0x0000000000000000,0x1dcc4de8dec75d7aab85b567b6ccd41ad312451b948a7413f0a142fd40d49347,0x14a9008105a5100eeab40309af053321010229a3181f8201100d40701c00960050135009642d028113901e9f0c31017002a001b8da80e2941a48221445b2242808808c3849f24ee82f8c48cc5720282ca481010081541a84148019708d0012775f1151b00a12dd0001e44c010226d879581006027bc1a43702124899001bd458020273a0b22a1966346830048180088d9432108303401419e4628061729043288e19015bc0467304f09844e7cc02c428009708076c820ba302771c80f2df203c292e102304170442006c0182082c66fc4a9012e091884812012808536a04e030b010f19858058800aa85fca10601582643542508409c00686b0d4cd0b0272999,0x7cc190e3a94e245174efde41372bdbc3b42ff43fe5f591e45cc557b306bd32d4,0xc847462ebf608e5132eecd540ba9d3ce3149783f9e4698728133320ba69716a4,0xd17de644d0adf91d34eaa0e435b04d11b4c353f1748ef6582f8b7b4944448c5c,0xbaf6dc2e647aeb6f510f9e318856a1bcd66c5e19,0,58750003716598352816469,51867,0x4d616465206f6e20746865206d6f6f6e20627920426c6f636b6e6174697665,30000000,8812011,1674976871,114,13469798966
16511329,0x39258f6b199ea03dde59790453f4865c3c16b5bed1fd2428eef3e46d65dc234f,0x0b4a4ca1071ace06b0964324d38f1504f90cc620c7a21f302e47f68a805c8737,0x0000000000000000,0x1dcc4de8dec75d7aab85b567b6ccd41ad312451b948a7413f0a142fd40d49347,0x84a1152ce370f85b3cba510bb61033b90de52fc02db3af0816dfac205d9b8e8818bfee129347068163dd7f19cb44918f2769bfd4ab8cf8f057cc138efcfea802c2bec815e88b999cfde4d48c7615783c90c0631fac44fb53f8201cc1886bc9152fefe0a1c24f449156ff8c090cf2ee2d84a2646fac7c940bdc45c8d2985e733d1b0081c00783f89c7f73050e3e42747d1f168821530acc7a2c418570687273d08a1b896f8233e7b21fb151e98d7bbccef5366c4a79be974eb9eb0a96d22dcb84d5bf2c8f015b1d8f304532122846776e408b34dabeca233122471ac70a71f35654976fcc3eac9d88464e5fb0d1a7b2b08518d5c222c8864ca7dc8c46c0073512,0x5ea2a32be30e18cff2199ca4c85996713b0d14c7c38103519e8a19e87f8bf5c4,0xcde7029cf8219ef84e5740cdffccd7293c6458b911b60f6f9f2e4c1649b8f2da,0xd02c0d3f49473dc55652a1dc96b42e1438fe94e33b0d0332497e165f1212b771,0xebec795c9c8bbd61ffc14a6662944748f299cacf,0,58750003716598352816469,65148,0x506f776572656420627920626c6f58726f757465,30000000,13191145,1674981443,130,14531780672
16511078,0x20ee1797394ddbf24914ff2fc2d6536efb7e354f810e98b6e4d5232fd01ae3f6,0xf1f331a550f5122cbad8416d0b0f8d28798e816952b91bbe39001f1b356defeb,0x0000000000000000,0x1dcc4de8dec75d7aab85b567b6ccd41ad312451b948a7413f0a142fd40d49347,0x052903079600d32ee698082aa801dc24f023a0cb45494b20908d30224406092d264f5b08e18a360c401921098a0405a64f058b629b123c9292203373942e65f6c80994804a181c2ce320528b34786da186193688b5441c5c88514176fcd018459a0b422a168e150e0dc090001814bae1810008621f59b460a21805131c0a69cc0b0182461942419484c801e2d18008225023968124c28f883b89d06cce3025e1cb48236ed128732a08424ae0f9bc9c8287504215fd8a919256931a2a8ba90a611318820205804c8b410182b60e0e17ae5cfc677a96ac481f379e19570810e8441b36ab499c8142c1231e17c184cc5861a338452051ee88d02a80bc81a36ef411,0x6cd0fe48fb35cd09f7f33a89856c9815b8141605dda6156b1149479b1ba9b0af,0x2845667ff7c98de1d0afc9929029d3754a962ce66ee9ea5e239093e006200123,0xc116a11d52a3e6b9b57212a38c7418fee168b134078582ca7682c51978447dd6,0x690b9a9e9aa1c9db991c7721a92d351db4fac990,0,58750003716598352816469,149686,0x406275696c64657230783639,30000000,11751492,1674978407,106,15220116950
16510952,0x9bcd409cdba24d851df6a75917a51b02209a99bd9955ad37a2bd2c5b18c9bc6f,0x91d7bb7f1c5c7f885be8287ed129aa20e6eec5d68c7abab0d73161958f5cab01,0x0000000000000000,0x1dcc4de8dec75d7aab85b567b6ccd41ad312451b948a7413f0a142fd40d49347,0x0eb30c705511d254f134158fff1662386071f3e8fd05e80f18b9bd62cffe9509d746931ec2284cc2244d1c8688015302c2870004cab22ce38bda8410d428ac1f8684513708facd2a6bc240ed449323306432004193422e0eb0117f219c081c0143b0a00d223b8ef314ae201288000d75459e38bd897fa604811a45b31a1c32660b1803502a5382a4aad87b26ec058895c466d7039dae8d8f4020fa6e153ab34fcf8b8d5544daebd1aea04be5c922dd52c516aa2631ae4c0e24f22942659b41c04d6059030a6f6541f1ac155c3723aef9d342f0c631e8085c065dceb70106214144b0aa9a04c600c013a53ab2c07953a54190c559d10cd1f3299d1e29f1411651,0xaad544003fea79ced848e36db7b55f7d24d3a44ff31e5d9ef1b00a8cbca13ed0,0x4c412c373bbcf3e5f5c11865e1a5333ad6b878502932a117c8238b82d894ec51,0x95a30bffa5b2e8428ed3627be86ed61a7c4f4f33ced16ba64c969685906c0041,0x95222290dd7278aa3ddd389cc1e1d165cc4bafe5,0,58750003716598352816469,47191,0x6265617665726275696c642e6f7267,30000000,29889546,1674976883,132,12775207568
16511122,0x3db431d5f98983f433b06ffda6409f811e05494bbd6fe8cfad6ee33e392ecd9b,0xaf5aab08913d878b2a3852e1bbe03473a4d2f36b825e8cb6ce662e30f53ee4de,0x0000000000000000,0x1dcc4de8dec75d7aab85b567b6ccd41ad312451b948a7413f0a142fd40d49347,0x3d386988ecc3d27478e13ad49120932ed703d65d793a11a6ee198d1188b49df95019b149c0c4350a113db6b22b260de3df1504e8ba036d033a40413b55bcea94059d5499c155692bbb9641ab4da169e0c295719943558a6a0b204e889150b891173788291ba242f620d40695eb4afcf5447af80593d985b8f459827295782abd8378d212a7625b4d36dc524fb39a5f25a4082491afe2824d60e6a5701f3c30e19fa99159fa01e9578dbcdde66637969db8018d4a36a104f6544328261c8be8e4e5a2a322024953c2c1c82077a10f4c7c6f6562c9d089f831f21298621c87eb5e5c39bb8a22c3f1681f1d1ac54041d1348c50a7452888fc4232c1489486f39b39,0x52008b3efd2735b634b01786efa6f8d10d9f3b481eeb9af968520ce0f5a516f1,0x9b1331c90ac5bec7f108d0cd17dff5e332e83952fe4446a97a2d7f4064564a9b,0x931197a6d5bb11ae00403425484146fbe9d0b4872f97263062d01c0430a332fd,0xaab27b150451726ec7738aa1d0a94505c8729bd1,0,58750003716598352816469,41700,0x,30000000,28202197,1674978935,125,15426814001
16511079,0xeaae96bd33daa86e3c882aa8c1741f5066c328c8eba41b4ca2dcbf1b97e4a721,0x20ee1797394ddbf24914ff2fc2d6536efb7e354f810e98b6e4d5232fd01ae3f6,0x0000000000000000,0x1dcc4de8dec75d7aab85b567b6ccd41ad312451b948a7413f0a142fd40d49347,0x17655913050593fc28ac18c0e318eeba0c1afe8d30d2423106110a2f45850587d2e84319ce841a3910484a14dd501d1bcac382008b8dfc0412d3511115fafd930f3a981ac98a398a7a11c2aa4f1961e6f7ce28c28a501e4b9d421897883ddf39160a5a1882a3704231b85994ace008b99805804c88d88714908f20d1c43abc051f04017494e2404492c10f6b2ae08867a0848083a152869ab5082bd083700c4f8a1e610f0b086d12a5b78be1aa329c80af6c66f8a35810f298e58ebe0ebc9f0546703d06e51426c25585a234661e4175c1352cc192888839570c18821230a4428d58255ccbbca45236469641c3871538849e630a1b29b9e138b93f708b957603,0x0967720d31d4535475259b71558b80b8b0f9262870d101977c4673297f13bb8c,0x5bb98af8f5df785b83c487e3b71dc34419237e7b7b3c415e17edeaae4b90b0d9,0xe107f87e554014f128404b8b6ba3e48154ee0faf5a0db4684ba5f19b8bb03f19,0x95222290dd7278aa3ddd389cc1e1d165cc4bafe5,0,58750003716598352816469,99763,0x6265617665726275696c642e6f7267,30000000,15670061,1674978419,158,14808094687
16511330,0x54b52c02dbfcef21236910c6b5b827205a66871df484d69fca5a5ca9869f5eed,0x39258f6b199ea03dde59790453f4865c3c16b5bed1fd2428eef3e46d65dc234f,0x0000000000000000,0x1dcc4de8dec75d7aab85b567b6ccd41ad312451b948a7413f0a142fd40d49347,0xfcaf7199c636d1153a7d6cf6ed157beb317b3993faad977cd4b527e85713ed5f1ab3df39968f95057fffb36e4ef689961aefaf868965fdf75a61d77b19ec656748c4c2fee3aff87dfbc3d2ab94d9cae5fbd9ff3c2ef7dae6200bfd24fdb7ed931bcc0a161216d8dacfee89ecac8e68fdad12f860cd5dafede685dc73291e4ccc77e1af5612ee918424d94a56d1993cbe7546bdabff40c07fc0ab7bfd0770f071deec8dc79b7c6a4df735fff74ebfeedc357d7d6f9ebcf33222d28f7293b0af6ae1fdfb8e5f11afcf0709ce6488efb9abe0693bd27e8faf5d9fbfad7ba84de27f2432eb5d5d5d94cd786dd690969f59e8b6101fe8abb82b5cf4a17e0bea7796a5,0x798bacfb0d5f2a71777c1fe0a3cd281108186af6ec366ae9866ffb3ed7fea03d,0x1ed588d19747b3470ee23ad3980715fc4f0cffe9677907473b9d0b9260691228,0x5b03e362449658da90c83b0956bc81bdd27620231e203be40eac2ac85d4d45da,0xbaf6dc2e647aeb6f510f9e318856a1bcd66c5e19,0,58750003716598352816469,94222,0x4d616465206f6e20746865206d6f6f6e20627920426c6f636b6e6174697665,30000000,18973610,1674981467,274,14312731638
16510953,0x86fa725efc1df37a39efe08ad7fbf27c36cabe4fd0d6623f458470a0620c69bc,0x9bcd409cdba24d851df6a75917a51b02209a99bd9955ad37a2bd2c5b18c9bc6f,0x0000000000000000,0x1dcc4de8dec75d7aab85b567b6ccd41ad312451b948a7413f0a142fd40d49347,0x6da10195b71cb11bf90504ddce4436239fc3f79b1b3a431bd1e1690195b2de037af2145c9031071210424671dbe41374e211a9e8fa0a76178fcc817b667b2c3748d0ce1141c8653c7fc2d0ff5f6421e3a6a4120ed150fa403ee15da6f8443961371643820ff749421c812583cafa0c79d9f497318278a41341030aff469ec94f231e01deca0b00bdfd726e6b97b48e8d3c0b5da143ee044848c8ed68ce33330a8aac417956126b13170465e4886aeb0f7eb6403f54e7b2c2a15c2b3a587d5c7267bc0b738c3d8842506462a541fe5ee4646692d41598d8169564aa3673f5b9b2eb3b688e072105004e008be8247153263b066a3220b937e6cdc10d84b8b55d8d,0x0c4e326721ed800e1c627f5aaa22d747d3118c310f0baf3d7b6af732b733d0f2,0x640f81c2df3b3f74523a0aa77f7e9ee6d92cb912b6af382623649fd8ead3bb6c,0x5098f04c2e8c8a2709c34eb3b64d8aeabde3e4ee56be2f6ee98c6048734db734,0x707ac73ba3d699f235a933a11e81eaaa299cf941,0,58750003716598352816469,79297,0x506f776572656420627920626c6f58726f757465,30000000,11312790,1674976895,152,14360349574
16511123,0x1a88d340aace4624477e075eaa79bcde094af2197bd82d465e895d2a51131688,0x3db431d5f98983f433b06ffda6409f811e05494bbd6fe8cfad6ee33e392ecd9b,0x0000000000000000,0x1dcc4de8dec75d7aab85b567b6ccd41ad312451b948a7413f0a142fd40d49347,0x292144e8c0913052b0a8c460a55cce280c0703854a5020ac82b00030fc003c28c40e55c3e848fbc989c077415b481320c6ad8008d892a9a10a78104900ae792420697f904000190c2a0772cb6622a0a185880082856e2a5081027ec581104c19924d24808202c442008630030006a961c24a086621312c119604a0f7908a44d4b04c04624222cb161000ef51038b05afa402a481c1c802896c20c97512d5aa298fc8b3e8d1606e41024b98e01d32b5cc06c210006006a0c204430a62822824dd4709125a74290cd20190c292047b76a35168125f148a803195092a060010e664813e380888c055da000d0a40854d9ce4a6a91380095a0c58810d186bbb1575b3,0x67c3ba3b749cb4b80f9bb05eb489e8380c0581f01f78f179e6b861d72174e99a,0xea8821a7930fd4875b090c1e185c6b2ff63c39c6f69570ecb7fb34f98ca792b7,0x4a1ef2507191b0cf0dabc16ac0d7457fbb1ce1e2bf7a9d7bc480af81a9ecf789,0xdafea492d9c6733ae3d56b7ed1adb60692c98bc5,0,58750003716598352816469,78104,0x496c6c756d696e61746520446d6f63726174697a6520447374726962757465,30000000,11285539,1674978947,134,17124045980
16511080,0x7bf47634a6a5ddbf53033967040b16155198d4cef4c64cccbc50802398d9b4d4,0xeaae96bd33daa86e3c882aa8c1741f5066c328c8eba41b4ca2dcbf1b97e4a721,0x0000000000000000,0x1dcc4de8dec75d7aab85b567b6ccd41ad312451b948a7413f0a142fd40d49347,0x3069c024961a9f7f70d1082581080d3ad10776804c2400506c210aa0aa04014f1c0533245e454a86c2509b402a042534db6190178ab028a05202a82119ec211040004090089838ac6b02639f76190c7cac8c422d045c1a8e7232c684e82d32413a201440de03ac9a8006a46479526c630c64e81500904f80e7b0c234680833100048125c8527140627ed01046610422b5c13110993c003ace2a031fedb1011848b6a85d2187a60937bb5c2ed0e20e509ac00a5ad103700a20005181a000440844200835204e184d05480c220e822100e442780c710cf485516040ea2a0412289117f2041041602242e0696d40c899581f510d10242890c42b181ee009c441e4e,0xcad9832f32293d30a6a4c6db4bfa790d6520741e671817cd1f822ca73e9c227f,0x73b3d0d785eee020beb8db308eb557727d1149babb0947ee933156614eb95cb0,0x287440d44fbb178005210ec2d27f62b146f01c8945d727247fcceedac1f944d6,0x690b9a9e9aa1c9db991c7721a92d351db4fac990,0,58750003716598352816469,28198,0x6275696c64657230783639,30000000,29976475,1674978431,64,14890780743
16511124,0x86531a799a82a75691c4fdaddeb571f3a343f57e3c78da8632eff954df6d34f2,0x1a88d340aace4624477e075eaa79bcde094af2197bd82d465e895d2a51131688,0x0000000000000000,0x1dcc4de8dec75d7aab85b567b6ccd41ad312451b948a7413f0a142fd40d49347,0x02394282f0019c4b304510a88908842aa6686c01087a62858c69300c58002dc6580fd5108100c6054338352099900110c3014236883289c0504b00d5102ee818a040511554010e863b86dafdd7309171401190444b450ea38b3bef44ab50e89b3a68902093a6522a04cc90800804a83dc012964704f92560d2008c581fa2a8144b10827f200f0a85b7c7571281161434f8061de38112880848a6ac60201a128dcecc114bd5936a09d61f90f0ac308c1c07153108610e908643408aa6c015002f48648202f0cb90c02350420204031ae6d4f383c65eb88a319c6c9806b070ecc8c032311894d401a8120d97b0623b1020ca010343110a28cc2a135951e1811408,0x996ca9d047e29244f4ea8cad4d42247c524f288eacbd2fc7b70701f480aefbee,0x70bb737086e9eb65c19a0ae0ba8f2e744c732d2610536c8d5ef4d6791e3a41de,0xf959884ed696c6531618fabf7f6329235eaf1cd634ca955ec856e7be14e059fa,0x690b9a9e9aa1c9db991c7721a92d351db4fac990,0,58750003716598352816469,100644,0x406275696c64657230783639,30000000,12665167,1674978959,105,16593990973
16510954,0x009d9ecfb3a7d7e73d9edca20f639e80269b13948caab1e9203e594428b80523,0x86fa725efc1df37a39efe08ad7fbf27c36cabe4fd0d6623f458470a0620c69bc,0x0000000000000000,0x1dcc4de8dec75d7aab85b567b6ccd41ad312451b948a7413f0a142fd40d49347,0x003dd3a1810098c4f279322ac870132c9f8933205c1c241657a5080154802412560a010088314e091420ae80ee158141c321c122ca13f0190a0cd035417eab3e58da08310820bd2c6ba7f0ff4e0ea0e0e2c0fad0864c9ea0aa1a3d41f957c93113486a100316669e9180548508ec2978c044594738452cc032906dd10199846e07870153a30b1424346845014b72c26c2ca17881834026ec06a94978e930de0c8ad80709f48b7f09fab0e1a5870a840217e5402311ce004394618e1e80bd4223377c0b529004466c4c241810460742ee7141bec090ed0c18047429721368605a447de829c3dac90c1a4ebd5c41579b32000130c002792064aac9883aa000ec8b,0x508b5027b437beb092bf7b5214d5005a285415c4253ffdb71289bc947c00218c,0x3556844e9e137c9bd8d95fc8f86f44f5e08801a814aa7aa2d6f59e31aad1dfa4,0xd2b4e1dae8a29a8aa830ba165087762f7f5d8810660862c438eeb2d62e8dbd25,0xbaf6dc2e647aeb6f510f9e318856a1bcd66c5e19,0,58750003716598352816469,82616,0x4d616465206f6e20746865206d6f6f6e20627920426c6f636b6e6174697665,30000000,14790293,1674976907,154,13919102703
16511081,0xe51901e4f55cbdd590c9947b1134a469a2e7d2364e6568cd5ccf3e88e9217723,0x7bf47634a6a5ddbf53033967040b16155198d4cef4c64cccbc50802398d9b4d4,0x0000000000000000,0x1dcc4de8dec75d7aab85b567b6ccd41ad312451b948a7413f0a142fd40d49347,0x162d0141251bb26923383392cf3dbe28900ef0abd80f48823603002116441f95441f4206ee064623c02afca8ea5c45748743922cbaaaf89302138a70142afe5bd949c899e08adace6ec5dbee56921cfdf7e4a48d5e403b580c035712880739d5332e048a0a0e543708c0a0e0905819bfe904805081d26408bb2852d394fad93cd8191b5c308a1416b65c1ec223c3202d26309d2739672c39266660faaa9259279e0c290af1c07e20043467e60d75c4c8a52408ac9000d4821de2bc8d163c28256770d38a240198e12810c914280e54a67c630ac59e9d8c1f03fd28870044f8c27532a199898220f2221d1aa6479311e3b230210620d925d24c6dfc60ee0d5d9a,0x05c1658666996ed57678babf768acd851a5859cc1aa97724de7a507e915fd3c6,0x454f8462e99632f1ebf13c416be0343b3828ca93dd76208e30d24d6663896f1f,0x27234691314fbeed617969a56c9ad7ce16bda8f32a4e24a3ba74cf1483101ba0,0xdafea492d9c6733ae3d56b7ed1adb60692c98bc5,0,58750003716598352816469,67591,0x496c6c756d696e61746520446d6f63726174697a6520447374726962757465,30000000,12069431,1674978443,131,16749209122
16511331,0x9074bf17de3d44ed65a036399370050750f01b702b85643019874dff0eb349ef,0x54b52c02dbfcef21236910c6b5b827205a66871df484d69fca5a5ca9869f5eed,0x0000000000000000,0x1dcc4de8dec75d7aab85b567b6ccd41ad312451b948a7413f0a142fd40d49347,0x5721c7199318ac283003e1e085574a62bd2018d5ad01cb180899b11605062504b8500f2482d0400ac640bf02093845c00a2391948a022810aa31aa1278a830801a986080c1da9c2ca983d68901940278d454170b5c60999249310c46c8622a8213a25452c28b084a030e9000c8020a690010021a30790e67c5450431816f4a5c5f40a374060ec08d0746802022126d62adc08801e9c22248602521da421065288e482d439c82f02333f278c02b70844c8582e48669ed7236886c29a0706a008033b282e7221104e0000c1822a6d797cb6cd93251b9e981110a5d09e250adb228527b7e0925a505885c04bf80000218048510c14071184863a2c51c6bc5c13601,0xb5a8a5714915efe52470c12b2e957b48c41392e2852d180e9248737ed147fa2b,0x98311c276bd947b12af8c404da78aa7f11e928db0e7a4e75a125da79c3c1a57f,0x8c86121c3ce8a1914442885d3b94a48e200af9929e5451dad9606ec2db6b1063,0x690b9a9e9aa1c9db991c7721a92d351db4fac990,0,58750003716598352816469,54098,0x6275696c64657230783639,30000000,9410435,1674981479,109,14786675084
16511125,0xb19d329fd51c02db7719e0426229bd6d20c9f998947692418cacd870e450ff54,0x86531a799a82a75691c4fdaddeb571f3a343f57e3c78da8632eff954df6d34f2,0x0000000000000000,0x1dcc4de8dec75d7aab85b567b6ccd41ad312451b948a7413f0a142fd40d49347,0x01faa063254083803c408084950f02a0c043143140148480000100cf04e895649c852120948060124081bce00816032032000508880c2c70624e80114826a4204848e020470608ac281bc4fd45485a708a044050c245880780008c58b2414a0b3a4a5408264627ab009433c31c241e7dbc05d9400423a4a48704299386d908488f20a212668282566d4148018c4223ac2200008143ca14684060a04803b08280aabc85018942e048024dc9e08929854a031006a08cc0e00b60340f7470cc1a43f3051446054010d00008410900a702224a5482f0d09848b115b42c2a8304fa4a0031a00908301198000c16e010045065e320eb22a64860465331296ac0001884,0x7e15a4e8d5c393f2f3093d0f422fdd3b4b6b0dca924f94b21f176d41d86a39e7,0x31dbb45f5cd3203d13429f2a262d7a92cb683369c99e5d5a784d1e8f28d0bad3,0xaed655bd54d168a1855f59bd6c981675e48786c91c57c339adda1c5555fa84f1,0xdafea492d9c6733ae3d56b7ed1adb60692c98bc5,0,58750003716598352816469,29660,0x496c6c756d696e61746520446d6f63726174697a6520447374726962757465,30000000,7234588,1674978971,86,16271122659
16510955,0x2571994c026fee427a387fcc9fc7375440f51cb0fce818e036091ff014984b73,0x009d9ecfb3a7d7e73d9edca20f639e80269b13948caab1e9203e594428b80523,0x0000000000000000,0x1dcc4de8dec75d7aab85b567b6ccd41ad312451b948a7413f0a142fd40d49347,0x046acb80811392809881504fe98102e38afa17a0ca15020087b5086284efc74c2200470b90ab03805008be1c3a011151e284a1a2da0268a50688ca411426380580184d30c8c0c90c7d93c0ecd41820e984f52810e85c0a28581a9e208c533845df2301408282500744498e7451e32c29be74702016704df15000b4d030b800940208039b2e67183614cb06480d52011c7463950755c0404858318458cb309228db79414ba1806157951c23e9e9008c882c211a2c3283a70e0ae74a5409292b111111f422861700d708100401126892464a7dd2d091aa509e0334480300c5f8414078b20f81e064001a1cbce108041d8083b0044061e8125a00840c22c0211401,0x027fbb1a1f199d3461304f23080dad2c207c40ecc5367ad52e5283e6abe50683,0x57d5958d58427c44916e5443b85374ee6e2ff9953c0fc0c041e8ef97b350bccc,0x59ffef35e95961e8c86ecd8df7f0b6fd36bcf0c080b15c7711b2daaaf14fec1f,0x690b9a9e9aa1c9db991c7721a92d351db4fac990,0,58750003716598352816469,121816,0x6275696c64657230783639,30000000,10699199,1674976919,102,13894778260
16511082,0x8dd583ffc973c1e9eba6e9899ad9a104a34d7dd4430dd5635d61b31b6ca99962,0xe51901e4f55cbdd590c9947b1134a469a2e7d2364e6568cd5ccf3e88e9217723,0x0000000000000000,0x1dcc4de8dec75d7aab85b567b6ccd41ad312451b948a7413f0a142fd40d49347,0x4e2fa70981c8ca48203b0593f0915c2b00a11509e14900256041b1e7c060f121b4125089888e02010004855c4a25bdcc8ac100408f29a0166749341e8034e0141818169c33411f19eb2040ce5400067eb04008400a44d85a1e084820881578611b1241e82206af8600c40c011808092d661388558a009524a32c0012008e4100060158002016210cc4781f0500c482a164508885018284584321904802306f708b48c9070132e912830585e00c248c0804514b304c2bd3aa30c60ac70094884034e2b00e2489c8ca50882d10108741ae48be02c09e890875422038828f15ec01071ba2890221000800140e89020111a4a3a489004a8805509806980082555039,0x347976636d669046fffa4732f84456f54077f36d6a181df056295c76c81631e1,0x775be9e897bb841a958218c5d5f1d5b771141672f0c367c9efd271827060423c,0xf7431dbd79138cf4f78fc48796152e049578d59d488a9026bd1eb5d10cad1379,0xfeebabe6b0418ec13b30aadf129f5dcdd4f70cea,0,58750003716598352816469,52475,0x68747470733a2f2f6574682d6275696c6465722e636f6d,30000000,8544440,1674978455,121,16340169847
16511126,0x756d99809d3cff5d26f01763749a42a8cf5c7e72da31a3e6e3fb320fd9ec4707,0xb19d329fd51c02db7719e0426229bd6d20c9f998947692418cacd870e450ff54,0x0000000000000000,0x1dcc4de8dec75d7aab85b567b6ccd41ad312451b948a7413f0a142fd40d49347,0x00af34b50500802090e4361283208020440051005940d00400011100ee0084608009408950960c0890820a226a40058003019420882026022609051000ae2400280442140000890c2a0254ccc40080204520204592440a402c840f108200e31102001050020240010000204090000ce00482000080940400c0008412868b28a0e24000400006807c80d0cf40158010064000800563a41548c008086800301200ae88031100a8620c000848a240028604040049008023905b0673202a0058408250800002490900d114394082800408064a6400c05889043914102812000162200030a8398104285000053aa208810c08a4020100146805506018280093074780,0x51bf2269988d41b79ae658c9d4586c0ced96017e2bc2d0b758b93b0fb5d28542,0xd82e016c97441b254a1ac227e9470bdfc18f0ed2242a647fdca5f8676f42d71b,0x540e12f82127e69bba7067da81be268b83eaf4e619bc3518c097afc432a0f077,0x758a4a45dd08d826fc3f2436ce3fa263fb1a4f42,0,58750003716598352816469,36410,0x,30000000,5349841,1674978983,70,15218189567
16511332,0xa16e5b1d818671b438eac844740de2042aec2d895cf0dc98ba2d2de2743763e4,0x9074bf17de3d44ed65a036399370050750f01b702b85643019874dff0eb349ef,0x0000000000000000,0x1dcc4de8dec75d7aab85b567b6ccd41ad312451b948a7413f0a142fd40d49347,0x35a1094403a90822380121c095c3443100311135aa19032446050005461098034e814421f2080c9156511e180c006506f2c159ac9a52a20db48c6203cfbf602064a979382d40001d289070ffd01430a938c44c632a603f0d0ca856c09c48b87d9ef01dbf4f271c4228e4d08c009b087dd22ce056d1880cd2048d2773592b4e1469808257212e981e8450036a43a20e36aea41e031564001930220042381038cdbe19811a5a2b6308258d01c40f03c08044c6502bd920aac219f74bb3d00c02110c54d87631c4c0429521c98480199436c368b7d03689a61a020d9da20c96350c0e1abfd9a064944001459630852333288d0c184058cb7050449029a2eea144c2,0xf88180f44d1991494f5af9232b62c4a2cd512df243357414f8c9cfa21ed9636f,0xb83d83406e82874e9f7887836e125ea9535b6fd8b780e504690415856f439079,0x054f434ca754b0f7b8a3d98b1b8000b71096af0dd0b655f1d713eff13828bddc,0xdafea492d9c6733ae3d56b7ed1adb60692c98bc5,0,58750003716598352816469,43866,0x496c6c756d696e61746520446d6f63726174697a6520447374726962757465,30000000,9258380,1674981491,111,14097916072
16510956,0xd6f2ae6b3c57efa83149638a8e9467b86d8eefce2ee02cddd0cf4b0bd9c6454a,0x2571994c026fee427a387fcc9fc7375440f51cb0fce818e036091ff014984b73,0x0000000000000000,0x1dcc4de8dec75d7aab85b567b6ccd41ad312451b948a7413f0a142fd40d49347,0x446905802a869452100116d88424002816b3b23109080a0311e9140c0d828d1041c9010880271308801df15c6b1015158a038428c9822c044a0f96520128a819622a6db5667088086ad263ec44a42fe88c06dac1cb505a40142b143b88212a3152415b18028200c6828d02cc052408b94840c00d2958e64012880471439e2424a11502d0400e0035944889e10700244e24e43401c15450ea4026e24a667426008a5cd540c0b968701e1420e0cc82841e2603026160a3834a62084a8602c199a2141cc4030508a25602000832a80a1be271814ad918898d90843c29024080b27180313829008e10385b0e8dc288c11ca9040002181af8205008511c22808097e0,0x10e734e4a713793b798113cab4d9e627d1470244921d11151816b01ebcee4c30,0x3f6a34df274adfdaca5d868642d5b1469e98818bb6b3f75e9e659d38d1c0ec74,0xf3ffcbf3c29afa5e14e450c7b3ee34654e5d4e94c1101226a8702598a0301184,0xdafea492d9c6733ae3d56b7ed1adb60692c98bc5,0,58750003716598352816469,104958,0x496c6c756d696e61746520446d6f63726174697a6520447374726962757465,30000000,11428624,1674976931,108,13396789292
16511127,0x888f40af9a2784274c8f26d3bb6d8cc11467b29ad58c7e7c135596cac9c687d1,0x756d99809d3cff5d26f01763749a42a8cf5c7e72da31a3e6e3fb320fd9ec4707,0x0000000000000000,0x1dcc4de8dec75d7aab85b567b6ccd41ad312451b948a7413f0a142fd40d49347,0x11add86870d2df783dea5101e813573dcd456628deb0731886c9b90476179fa7d72a77ced14cd5a5c09077976e7c2f479a5d2c119912386fa74bd2d5b9beac108c294c9bd9428e2dff1bcbebfeb4f1e18cf42e659f755ca482c00ccb83a67fe9fe209601dae3edbe4eafbde507b28bfdae2b9cf05c320ccc920d7192f8ddcb86ce4d1b1b3ff61894368a66c15b88a72efc1187e3e9028eee7631da4be9335608fbcaad71972aede3bbcd57e18fa3a6c788bc5284712e22fa69f73f46b6a7601cdf79802f815b98fd8f4beebe3bbe58ebd77862ef389d123940d639e7039ae88baffbf0ead0760bd8da9f9aa009879b6afd304b00f0c8b36f21d7eaebc361fbb6,0x971df38ca44716f8a466905e17a621ef630d2b72a0ac1089e3de40fe4b5265a5,0x7da80a6cc90025dd40cd977973dab3364d5630f0062ca87750e852777f1f1118,0x87b0acf1cbeef6440f9b48a515a58e1d1726ee8455b6cfe20303e5f106f333bf,0x690b9a9e9aa1c9db991c7721a92d351db4fac990,0,58750003716598352816469,81386,0x6275696c64657230783639,30000000,17883179,1674978995,147,13994373326
16511083,0xcffd4591b18e37945712d29d6be9ea5bc37f6e84bb7380a5a10d638c40a9a177,0x8dd583ffc973c1e9eba6e9899ad9a104a34d7dd4430dd5635d61b31b6ca99962,0x0000000000000000,0x1dcc4de8dec75d7aab85b567b6ccd41ad312451b948a7413f0a142fd40d49347,0x5c3541291108faa830100bf0f91443630601bc414c0a12014189d120173451aa005e1328a18610164208add2ae404d606b0b1c11895af14846600409327be231224c05045f19188c6a46e58f56b2106682949a801766fc2a3a045b01ac089a7106a14088220244ab0419b3e580620835a102885081d32c4086040dd10898b1d4420903e205b20004b2692eae878210257527068f1568060a6820886850334074aa6e43113a8a664ecdc155f8d5a1e4806c158441688c11c211408e8ca9c38801603b8412000840e6140101060a04518260e1a25037aa0c356c9c09026305a0e8213ea6284a523182a9059ba0a9d49c08a5900b0a62c8966288c7aea2a5003583,0xb836b51bfc91ceaed94a2de3c94160d10648b8f62538a24a72e93139f1de35a1,0x98ac7ea7265f9f876cf0c896ae2643dac7b44187eb9242e765ad8a2662d51eb7,0x7c7912e43e01b9209bd1276df493bc677696052e7e9d6751166a1205dc73576d,0xbaf6dc2e647aeb6f510f9e318856a1bcd66c5e19,0,58750003716598352816469,113089,0x4d616465206f6e20746865206d6f6f6e20627920426c6f636b6e6174697665,30000000,13670546,1674978467,143,15461128624
16511333,0xfaf6c905d8d73b7b01172eb97a32028a16a4155255f5eca61a9618a9094f3769,0xa16e5b1d818671b438eac844740de2042aec2d895cf0dc98ba2d2de2743763e4,0x0000000000000000,0x1dcc4de8dec75d7aab85b567b6ccd41ad312451b948a7413f0a142fd40d49347,0x600000020400202024001030003002200000000820000002000000008080140322000000009000001000a000390205010a0000000800212004000202022028440000201001000d082801a0a8c000021000002000004002001200020080400000027000400202c00000000104138028300000000000400c08908000500208008800000400200209841002004000020020000000000300008002000008203008218e0001a08800680020100280002084006000805084a1200200820a020000100000450002000000800000000100045040040500403088040102101992000020400010208800c002018a0d030000035000800049420008008008000804480a0001,0xbb6750aa96feb835022bd40f9ee719287a5664245fcf77e313eb1eff4ff294d6,0xbfb5cfb780d07c7cff2512ec4f75ba0f122f8645f92ff6498c46b6b6c66a8262,0xa99257f552b98cb82899fc5bc9e467ebea2c3f2a391861517c4dc37baf2fa935,0x2f8cf19e207a86d878c1f45ab873424f8f9e9f68,0,58750003716598352816469,13895,0x,30000000,2347482,1674981503,45,13423375432
16511334,0x58e03e1624cf7dea5f228aa217dcf4972b37ace8c365f364bba2b40d88d63dd5,0xfaf6c905d8d73b7b01172eb97a32028a16a4155255f5eca61a9618a9094f3769,0x0000000000000000,0x1dcc4de8dec75d7aab85b567b6ccd41ad312451b948a7413f0a142fd40d49347,0xfc6f19eb71dafb4bfafb6d47a67d6fbb1dbf1f6bafdeb3203259d7d3fdcdb995dadacf59d2aec23ff07fdfb3ea75ffecceb867bdbb157eb7dfddfe377cb6b5a1ff91fdf4ef5a4deeffdffdec576ce4ffedf22bdfcffebe6db5b6bf77e167fc7f572a0b8a3bf7f4cb8ddf7f55ea3e1aa9ddc9b257dfe4978a9f88dd7dfbebffb5ff8eef97215fc984e4ebcfefb9f36a377513b587ffe051fde079dfcd6ef7697bdacf2bf7c8a6ef675ff97fe69debbd6f9adc1da7feedf36e73ffefbe32fddeffd56736e7d338bdde2d7982f5ffff5cfef760bef1ddfd215fcf795f7fbaf3fbe2bb7ffeab8c1fe9fb763dfef7ed955de4a57fe744d5df8875dcf75bee817bf3a3,0x71063f80f7e24737c53636c897ad9e607fdbf9c9d88baf2e52fca071fc988fde,0xae48881d7843dae7a4f8e0b8356277157a37adb1a2113878671bf9f367b2a18d,0x243f32297c21817da54b6591c6290598e82be7245114c28ac42fa0cb3f019bdd,0x690b9a9e9aa1c9db991c7721a92d351db4fac990,0,58750003716598352816469,135215,0x406275696c64657230783639,30000000,29977849,1674981515,339,12008046272
16510957,0x53f71feb6d416fcc0576db1371580a635743f1bc39f7f2c4ce4686972474dd23,0xd6f2ae6b3c57efa83149638a8e9467b86d8eefce2ee02cddd0cf4b0bd9c6454a,0x0000000000000000,0x1dcc4de8dec75d7aab85b567b6ccd41ad312451b948a7413f0a142fd40d49347,0x3cbd43b57344d2cce53d99ddae8d6a7a1753f73bca4a596ab8bd2a4cffb72d03b8b39417a16b5f92dbe6aebe99e743a596734a3acd6bf7b0ef4a85be943beca8a8c99b5b7538f91debed5effef3ef0f3fc835461ab45bb558c29efdc9165087bf6cf476f6a8fdaafe7b638c8a3e269fd5a878b6cfb6db6de3d012f7764dae6ff2d01e278af4ac37fd6cd2f5a856f9a564d613ca1294ecfec7c11e6ffefb65b54bfbf11d21b367f6fb7b4b6f59f3ee6ef26f5e134eaf6f9bedbe11a1e0f8fb82e456cd2b78dc9896e41e2aca2e43e7bfa4afd83f357de0e3689f8dbe2b079a3797bbeaf3bb9f479680e645db5c4f9d8fdd6a4c798f7ecb95aefd32cd1f0c1bca5,0x242ddc6a5b87bafcfe10dc3e01b186b5c45cdc3ee608ac95bbae370f3fabfb1f,0xb1e32df034f51a891199d70237d5a1e1aefa0f4f2387a8dd493ae49b980bfdbe,0x2444b2ee09dc8e579e4398f1678e4716efb67cc9d1d3df93d376995f8135149e,0xbaf6dc2e647aeb6f510f9e318856a1bcd66c5e19,0,58750003716598352816469,103005,0x4d616465206f6e20746865206d6f6f6e20627920426c6f636b6e6174697665,30000000,26921039,1674976943,163,12998081195
16511128,0x4ae633826246f91f8a2ca28425620823d4fa469e5db19c60617e719522297d90,0x888f40af9a2784274c8f26d3bb6d8cc11467b29ad58c7e7c135596cac9c687d1,0x0000000000000000,0x1dcc4de8dec75d7aab85b567b6ccd41ad312451b948a7413f0a142fd40d49347,0x64290851a72392403c4071048f0b927b3ca51899c8526001005ba020cdccb7a65a05754287889c019010fe998cf009168b7329058e1269e527288a1b42a9fc3badb19498c9082a8ae8175acd53e0d2b8a52e1005c3542a19010b6c4895017cf5de001838828ec04238a9009f090e6aa982827244c1781694f670165b218b003c435093770f0752561de1062e891320a425111da3eb608038606c346d10702aad8bee2159d9887901047187ce4032f54ea60202203081a0d213e00a54010949751116a402800100d20048042c32b62026425922d110f88a11e422f82e1ad1a14405797329d8b88c0c262cfe8301935d24b368050fc6a908d97765393496875605,0xcfd34bc30ffc08ba5ebae431f10e111a0e3d5219773dbe9e99305693e2a22a86,0x6d5e9481d60c1c6adb9b7c4df02dbde380ad54c73d3a731547c37fd3ad697f5e,0x0bfc0addbd197aa8507b0b05c83f5bb1d22c1011cff56172518890cfd1ebc9a7,0x95222290dd7278aa3ddd389cc1e1d165cc4bafe5,0,58750003716598352816469,50124,0x6265617665726275696c642e6f7267,30000000,10737748,1674979007,117,14330609020
16511084,0xfdfbb94991287512360943332bb2db8736717164bcce393560ed4403b5178b6b,0xcffd4591b18e37945712d29d6be9ea5bc37f6e84bb7380a5a10d638c40a9a177,0x0000000000000000,0x1dcc4de8dec75d7aab85b567b6ccd41ad312451b948a7413f0a142fd40d49347,0x402f84314d4cb7e076a81863f030c4210c4010624a114402a93150046d82d766900ec30844291880041293020a120124272930008a09e98e0a41081053a22e090ad9a0184cd84c2c2da2668a6c1120e0c02e32305cc10e5044001514802511015e94046407068cc00e043f8802000873479b08533178050491a0047b200a0900400493900222561c1461c568038706a5780090c18128045962a0ece9013014818feb5182029362288a1fc0e73832cdf2a0d05021cc014a4f3dcf8c582881c080591071b6011030e0c15e203024ec140aa67182d0b4ad8695409c19620015e040c738b8c9c18401a2963c078224211091a1748104c1e8244060b5b80d51915182,0x95b7c0ba3d90e02beacde30277d37453ebc94b5117d3c15de0240209b4668276,0x9a12b56fd23853f8583fad5b8a1c17929ae5ee9ea9b6572e89b7e77340e1a8cd,0x4a8ace995a942355f690aba3e23032f011b0ac582e1d0007de4ff369ba26a066,0xfeebabe6b0418ec13b30aadf129f5dcdd4f70cea,0,58750003716598352816469,36857,0x68747470733a2f2f6574682d6275696c6465722e636f6d,30000000,8975227,1674978479,121,15289838130
16511085,0x0910c1252fcbe527f3bfb697ec9fefc6504b84dbfb31f17a520b60adaa8393cf,0xfdfbb94991287512360943332bb2db8736717164bcce393560ed4403b5178b6b,0x0000000000000000,0x1dcc4de8dec75d7aab85b567b6ccd41ad312451b948a7413f0a142fd40d49347,0x20b10fd9092e9be531b82ed4c6b45f7c040b0a074bfa058e10a164c6de9940e69a18aa02f589ad1604401c004b11ad2ffa2d2ae8ba6a70abc27bc0dc9fbef11b1014d45ce875c6efffe250fed63d493d91803c47df44dc6cdc513d57cf4c5e39d7433cd94ac25586bcb9a6b884758975e279593cb11f848db93e0d1b40abaeca664e07da9ff2795c9f5a9f008bc4d625b48da12105f00c4d633f48cb77301a4bde9fe1479e226c300ebc50fec720a8a4544422684ab2f65bb9e50f4c82ab4838ccb1f367a40004c612020beccb27423ec76c00d81ad88e53cda39b621040fa5c803aa459a00c081415969bb791d77e2ba41a33e26028b15a6dcce8b995bd7eef,0x7f17d5c79f9c18e6ef87e4727baffcfb2222c4dc3fc4bda6b2233bd18cff8466,0xf4030534a0e825e26b36fff325e3ecd9b92a96b0ad60c9af348c8bdf5aab8138,0xd4f104740ada55fbfad249373f1a36d9d791fe7530a9df3eaf0ae8889fb5a462,0xf573d99385c05c23b24ed33de616ad16a43a0919,0,58750003716598352816469,86821,0x506f776572656420627920626c6f58726f757465,30000000,14210263,1674978491,136,14522189764
16511129,0x92ac30d9b8af92ec8717312c9c1c5edfb506c43934aa277fa7b3d7739079ba54,0x4ae633826246f91f8a2ca28425620823d4fa469e5db19c60617e719522297d90,0x0000000000000000,0x1dcc4de8dec75d7aab85b567b6ccd41ad312451b948a7413f0a142fd40d49347,0x833d203135090c38600012c1a00441300417408400180536449180400d8297a0fc38c200e28928854538ae084a1c33181a0028488a9222931a580031302e2d0888d85890e052590eab496eea649e90ee80800012104caa4000228a7088e4581b92214000221fec0681e80ca20c83482b92d0c4f4c05804f89e140453c8efe4864accc10e2252091f046b7a60c3455468fc20b229a522005904d320c010f566e0af080d0d2d02618851908ce4527084d420041243010490ca1070ba5a08494036271408820d0814958c274000a08703724143127215d9805d237c28c28042f8530cb0a3d900d1d094330d1e92021518a092710b82325c07c4880508c2a0954017,0x4e8ac8c5d4dea7bb49134589e7b24ad58a7210c5c4e0e7d8be6b1ff3fd68910a,0xf8b7de7f082c84082eb49a16115d0844032dc3bdb223214038415474339393fd,0xd8acd0e4b2674ad82f3210220eb4b794bad3c36f6b91927bff4a73105265505a,0x690b9a9e9aa1c9db991c7721a92d351db4fac990,0,58750003716598352816469,58262,0x406275696c64657230783639,30000000,8424366,1674979019,90,13821603463
16510958,0x614415147aec6f437a3812322f7f3b85e526766aad0d8e28d8eec7fd12330ae1,0x53f71feb6d416fcc0576db1371580a635743f1bc39f7f2c4ce4686972474dd23,0x0000000000000000,0x1dcc4de8dec75d7aab85b567b6ccd41ad312451b948a7413f0a142fd40d49347,0x8db908a141408942f800100ef8395339ac403064801412200d69000155025e21bc00150584ea048982089f5a48012902c21b64b0fa20ff0326880e70843ea5a0040098801f208e38fba3c0ca060c61a286ed080636521b1888895e35b207ea2d060a422c828b54478dc5101d99b84e654248f85948104d020f0110920ed8181810831145088adb24b4dccc67099040ac05203121c346034c1d20c56dd1302228faca653261326da20f88d3ec6d88c20b4cfd10b410ad450620e71b6c062916d8e104921304218342202088535a825aa4c3c580e8948e2a5b02c0b82a090d343006b5e88b880811288b157cc051c430232505432987c8207071c1184193217c03,0xff2baa3b28d9db833b968af5b01896cba2ad6859a99fa074d3745bc6caf1657f,0xd8f077121b928056f25a34cfd1c901db2832efa200aed4e7377e2175bcb3db0c,0x03c2d40140927121e10bbb52f6b4d86de482adbe5935aba6cf1f7a4214a70c4f,0x690b9a9e9aa1c9db991c7721a92d351db4fac990,0,58750003716598352816469,47205,0x6275696c64657230783639,30000000,10084755,1674976955,113,14289336468
16511130,0x9af1cb7742a5a367f255ac035e28c956fed784a86631ace23945d48496181aee,0x92ac30d9b8af92ec8717312c9c1c5edfb506c43934aa277fa7b3d7739079ba54,0x0000000000000000,0x1dcc4de8dec75d7aab85b567b6ccd41ad312451b948a7413f0a142fd40d49347,0x0529041325099a006418490094962b34c8031acb8aca841642092104fc12182211005548a0401a00c145ab818801035a06690408cb8aadb210490ab1042a2500c8a8101261004e0f2d0954cdef249a788098212311584a0808801c918021580092c04051d232448322b01010040008318d98c901e0628729a4002af3108a8680634001522a2618448f6416c225229a25203004918d4084ec841c026902145a8c8a2e5113900370041a2081d0b034a48eee4ad0621e69b04a89641e70a08a006601318b3a542000fc00d808870034102e40e81ac57499841d47089a92051c30220512218961158580069cb6c2604194248020850423e8a444828f3e328016e6c0,0x91e7797fb26ef084a87e0edcdd7956b01d5a6f30af6980ef55d4fd3f9d67adcb,0x43d867ac136f94eac43e2dac0e619374e97a191fb1dcf9b5fcdaa2a6bf303ccf,0xf540aaaaa09afd5e233b19b0407013173b65493c4ef54755aaffd23efb41a7a9,0xe688b84b23f322a994a53dbf8e15fa82cdb71127,0,58750003716598352816469,33491,0x,30000000,8760562,1674979031,86,13064221750
16510959,0xf66ed3445c0bc067d7339a0b327b3c812fc7d09fa1753a6110633217f8aa78a4,0x614415147aec6f437a3812322f7f3b85e526766aad0d8e28d8eec7fd12330ae1,0x0000000000000000,0x1dcc4de8dec75d7aab85b567b6ccd41ad312451b948a7413f0a142fd40d49347,0x8d678398524b981bb789108bc6cd0d3010230812584609a118bba002dca0540b7025633c9529050b41581f54da80a5500fa32812db0029182368948351fcbc2608786814640278acbbf3dbe855150a7285a368a5037dbad10c3e9c428af13d7b5e45d0a0420f7c2267872c04008c2d6188429a6881f91c64362530f97a9e77dcda20a35eb5ca176711e80f00a1623164b407be859d54ce8dd733e161863112f4aecce55b519865e1c61b47f1093685086c90e008018a90ea927b0e4a16b1b06411d009124408e3344654a01e800cf2a2d073026012f98212652d6d22f0f2ef5041b9e8998c84c435aa155c9802035bb4a11242318399025f255bb9f889d53483,0x2250ef737f004af19eafe78fab1e5f7b35bb4fc0b9abc003e28fce0688cd253a,0x7d6b71cca6d22aabc2d0861f796596151783195c33bb78a49f18635590e5ad26,0x8f4c620ecb4f6a4c8dc605541633ce386e444b8a3b99df99485c0a5cd27343d5,0xbaf6dc2e647aeb6f510f9e318856a1bcd66c5e19,0,58750003716598352816469,86391,0x4d616465206f6e20746865206d6f6f6e20627920426c6f636b6e6174697665,30000000,15222389,1674976967,158,13704039888
16511086,0x09013519e2e4d73e371a9501eed12783a7df9284dbc3f0db3b807055dd148537,0x0910c1252fcbe527f3bfb697ec9fefc6504b84dbfb31f17a520b60adaa8393cf,0x0000000000000000,0x1dcc4de8dec75d7aab85b567b6ccd41ad312451b948a7413f0a142fd40d49347,0xd2690513dc819266300a00228938c22b8811a885488634844231a8232030a7e294b503ba84053a8602f43e9249190157c32b25448a08f8a5114a18921c7ea455588e42190f3a4e3f794bc6e846126ce813580878e26c4c3019407c5288ea7d251eaa429c029a90125fdcd5ce0025ad7183019850401a2600c4c00c970a0ccc1e03a80750426292050060ce45021884f20c42858781201e8c7f30654f00323650ae9825c336006c13b6814cf309b2b48d160fb20029c0063a148b0e54808180882320d5d72d0108a801a08e18a40ffa22d46188c8b88a86592cae0c729a90f612243cb15a7344ea26e6374ba2c91d50b1a67f4347a29c1140c3d98a1682051424,0x363e6fc9ba27f6e56141d6b04c33f6192df0d0ae69a83e07aad30428e663aa4d,0xcda78af24edd8e513571f0c7ebeccf2b205390b4a54f3f3c55ad8bcddc619b0a,0xb18e377368975ae1870978f6185161a6ce59c8e7ac34a9b8fb81c23270c68eec,0x690b9a9e9aa1c9db991c7721a92d351db4fac990,0,58750003716598352816469,62734,0x6275696c64657230783639,30000000,10904156,1674978503,108,14426617176
16511335,0x8721c1cdea838045bf68db95121e82bebba8c369a278d61b18963c79f0661c66,0x58e03e1624cf7dea5f228aa217dcf4972b37ace8c365f364bba2b40d88d63dd5,0x0000000000000000,0x1dcc4de8dec75d7aab85b567b6ccd41ad312451b948a7413f0a142fd40d49347,0x14ad4f0beed15924ba093040ad58e32fc8b02a240a2e7015c00f911108c9181031af510088224b1840e1185d630097c51aa306668b18be2a57a59215c4acb78448c5d014e1108e2c7b83d088c04040f00791202948558e4a19403dc8801a3991be8240148ee267620cd4dc51870cebe9ef398034ee50f446e0501653129806603a026b5e29e2901c05e52f6173b13014e800080187418c8ce62aa9e421701a569fc90553b8e3ff2fc00357c480bb94ca0474884334aaa573366142d8690860e27340ec06a37100c233510813cc3f5db442e12763b08a28387244c8ab841a6396007978c98e004200e53512802003c3b0a4b06660f098475a2a8cce80e1319dc1,0xb09e3b06e01a68c11189cb80c9432297afc30f20df054a58b0c3e364312f7b78,0x0825b281dd3944cabc2e318c443b4f6cbad2bb17ccbd574012a93d9e9a12f107,0xc8d84b364455d84fdc9ed851c959df887e4bf195444453519f47091d44157f35,0x95222290dd7278aa3ddd389cc1e1d165cc4bafe5,0,58750003716598352816469,81305,0x6265617665726275696c642e6f7267,30000000,13822018,1674981527,176,13506835470
16511131,0xecb73e765c501052100d90a29081b0d8e2839e5f8977472026080f871568f5f2,0x9af1cb7742a5a367f255ac035e28c956fed784a86631ace23945d48496181aee,0x0000000000000000,0x1dcc4de8dec75d7aab85b567b6ccd41ad312451b948a7413f0a142fd40d49347,0x477fb95753bedec2b2bca896ad1cffef140fbd04db7878aaf57f6d543f5af7eecf3ddff5f4cb7bcd3231be185e7ccbd6afeb7c5e9b7efaad0f5ac81379f6f7fff0d7e295da156dae7ac377cf5d74bde4c6bc4eb1f2e27aeb27adce91ef37795fdeed8b73ca83eb8a9dbff1f936a5f9f53a1679f8ad75dcecf693dd57addbfe8fd7ffef1de6eb509794e1cee17f818f6777d1f3cbe7e88fbc74aa6ce95bf53fbdfffb33adb16f6ddbeed8c7eedf23b5ad9ea1606978fdfa7b79ef1eff73afae79cb3cf47700158fd71dc5cdfe7f7f7efd46e193f3ddbbef7fde97ac66d3b523ccff31aaa9914f33d4312db6fafdfffbadcf3efdd3df7b4ddeda4dbbfdd155fabb,0x571426a56bdbb38ffda345f28a53bf5029155ad704f6ce2d4f30a0f10c134ab7,0x103486530e17f73c6572452a4e0f72b856708ae294b3e17d45d37953433949de,0x0614d896dff1afa87cf07209012a54096b0cf04e45043317ae0f9762322bb03e,0xdafea492d9c6733ae3d56b7ed1adb60692c98bc5,0,58750003716598352816469,110515,0x496c6c756d696e61746520446d6f63726174697a6520447374726962757465,30000000,29574421,1674979043,189,12384943404
16511087,0xd24687df0796f1a646235cd9ff9ae3412e77d5435b1c415d79047a5b19218faa,0x09013519e2e4d73e371a9501eed12783a7df9284dbc3f0db3b807055dd148537,0x0000000000000000,0x1dcc4de8dec75d7aab85b567b6ccd41ad312451b948a7413f0a142fd40d49347,0x19e804383810959aa42a8c30c6a4d9a580461822284f10045809c2ca1c491a2a165060230c08a00112a4b7114a0603138a215028081a21503059810c81ac28004025d4580022dd6e39a910f8e5940cb4b4ca54e56258ba1506204146db01d19f12c34a905a77988144ca066c09402af12cc1c04983012c04a6d10e53306e8d58caca2021042a14169c5f53140003123355f0c9954340229b404121e84b177785cf89810e9280769e0c00ece01832c508600ba828014470c24a9d0f731244aeb81ac19016440051848440003420b01e30451c20c091aa841da1748e630c00e0041196f50b2c174062800e9fc224b15d62890181b388f928404d90a90081820088,0xc381ed9e91c7774022f46c21429feb3d5dc98ac713653105e9b2641ade0b3448,0x06af33028d6e94047a7881819e606ec550b343a578353dbf475574c3075dd27b,0xbbfa6598379bc32827208d4338bdfa669b1f245700487562fb702a87f3a8b5e9,0xd2090025857b9c7b24387741f120538e928a3a59,0,58750003716598352816469,28556,0x6c6967687473706565646275696c6465722e696e666f,30000000,29993242,1674978515,88,13934207398
16510960,0x481702dd8467369ab78f74e44e8d39fe523b9cdf8475b45e10d96bcc5d605318,0xf66ed3445c0bc067d7339a0b327b3c812fc7d09fa1753a6110633217f8aa78a4,0x0000000000000000,0x1dcc4de8dec75d7aab85b567b6ccd41ad312451b948a7413f0a142fd40d49347,0x54ab80a11961c93230c3118aa10d5333e0993f440c22140c436f88ac8ce014a1909cab12d0b70f0640c0ff64ec609b320f8381e0de02bf000b184443d9fe28fe1407bc5240209ca87baa60e97d550460b3c02e611b64dd40dec8d4ddf95309671f6069a0b3a6d7cbd8ccc0205d18adfcec1802c202d0674ab6055cf99ff8ba2408228266226e852f94cb660a11c152de36a42ca3c7078108dd3558edf533bbb28ebeb13289ea63468e144df0cb6c8f4b24e9622542b8921e5a62be0f800fd3565139800391c806da0082690b4606b428f071aa691e89b11e078ca8a6a1c4e0674038e089039cc6783abc7e72d54714a8a51c8fb080bebac3bb1918b9c1a355ea,0x8ee8f9e24bf1be8be2c4f42698782fc1ea89ad66e7500ec131d7d9aa049e0dab,0x50a8f6089a0b830c4c0c90cf0194e10a80da93ef2887e2c6fb8457adfa2ae05e,0x598938db6a6c45b8fbe520ff3a7bab33bf53c307615eacdea15400cdd0be51df,0x690b9a9e9aa1c9db991c7721a92d351db4fac990,0,58750003716598352816469,113435,0x406275696c64657230783639,30000000,19891732,1674976979,161,13729436785
16511088,0x48c9aa9950dff7a7578ea171ef744d6c2d1e0c71d3401c70f0d8e6c113ce5ed7,0xd24687df0796f1a646235cd9ff9ae3412e77d5435b1c415d79047a5b19218faa,0x0000000000000000,0x1dcc4de8dec75d7aab85b567b6ccd41ad312451b948a7413f0a142fd40d49347,0x14e0954547c29340f0098088a684636b040a80a3c9300102148c02145482012290301321e4a8061c501014244d480d13e38324c09b0ba9a30e2990905466e6b01d5880c05050cc0e288360eb065422a4a8d010c4ff4cbb011403af01ad00f80112940434a287553248c49480b02048f122c080c004702400aa8001930a0e0896068263b4020291c4822807c425ba006c040e40018d40024d6164824c22101a219fc95103448368208a140bf1153a878805c1520c200da0021c77080702002014013254ca865846c281069100090c406a74a502c238ef8e174d2c18520c10e02004b8a0081306844204040fe4041890a8833c010884cb305148011800828550c1,0x6879f21e3360ac24a7a0cf17f6802aa10902f52325d365b4493d2aad2c3ea0ab,0x04a10b018ead9a4385e6b48e4695ba3a94fc23cb5556e3b05a878cbf686adc91,0xd788e219153acfb36c4ac5672c09c9ce7f25778d2a5934cf2aef03d85e61643e,0x5f927395213ee6b95de97bddcb1b2b1c0f16844f,0,58750003716598352816469,62387,0x6d616e74612d6275696c646572,30000000,9614902,1674978527,98,15675198594
16511336,0x2492f3913713f66c491aeadee75c83842635664df6c681a06270870b75ae60ee,0x8721c1cdea838045bf68db95121e82bebba8c369a278d61b18963c79f0661c66,0x0000000000000000,0x1dcc4de8dec75d7aab85b567b6ccd41ad312451b948a7413f0a142fd40d49347,0x64ad8b2f80c6b0001c231e7d8f25823284a31807f95b2835b48d01829e12992206c501ab9925423120e3b0f431c9cd1b3e3d17d4d996ff9a9ec2a31f567421e01114531a5010ed0d389e527ee61806e4ceef02124ece975105aa9f0c9e113d49d74b968c5223e4ccf88014908057c845e4ddd227981c2ea5e00c95d11b2e1372fcc0a3755e2f8d800463046201b0423d19508e8d8149f00b4430a16e223198a58a488955b5a3e74b488bc9ece011843a002fd2e06c260aef5a9724fca2170d69d2eef42a051f1e6349841e67059a7834f82937cb0e1d20985ba90c020840fa45d47a7a0d8a6c05da1a852ebd3119c7bc42997e60358f55c730a9be39e1003b81,0xc67d6cd0a998de3be0965792d2e13e7014da358e10950e3f51245cdec718453e,0x7141e2fc0748fe57c5ad2d79e536c8a56ebb6071f61fcf350f722b8252f78e61,0x59d7351fd48a8884fe469ebf571bf96146bd3a2f597e304d688b5a447ac1345b,0x690b9a9e9aa1c9db991c7721a92d351db4fac990,0,58750003716598352816469,33681,0x406275696c64657230783639,30000000,29825723,1674981539,109,13374245395
16511132,0x5dba7eaedb82010738e21015fac41c456175e4f8dc3505db87ef071c066904b3,0xecb73e765c501052100d90a29081b0d8e2839e5f8977472026080f871568f5f2,0x0000000000000000,0x1dcc4de8dec75d7aab85b567b6ccd41ad312451b948a7413f0a142fd40d49347,0x9c298a145518d8563823000085446239108a102698601a483021b310d428a500c8196170b410752083a1be749e028921a23983201b002a10070802161c28f42126298058091a591c2ea319ca4cc0a025839c2001036012c50d039d498db15d4356280a51829aff9220cd1342080e88654e12a074812c8c40928108b130987996534003d8222a90cd9c4d4c02540b022a480a01518340401c66228868171848309e488d838222e914016003f484218c0d3d4440241582202631e11c0a908c044337404242480392b247c8110132823224626202e2948a003f05260a4280303120633261098242250b962c76a604075aa8c5c00342a1a80841e0098ab2f1279cb1,0xb7dbf659f1bcd394ecd37409b2862d0f3c5e519024faafe4ed9a28a6b0816de8,0xec4558d1054f1bdd150698086da6e803195cee73947fafb21f2b992101724e6d,0x30408d159621b353caae5c13829bb39704416ac03d244362d558f46a29f1af39,0xfeebabe6b0418ec13b30aadf129f5dcdd4f70cea,0,58750003716598352816469,47984,0x68747470733a2f2f6574682d6275696c6465722e636f6d,30000000,8691678,1674979055,78,13889138230
16511089,0x9353b56b2ac93fa839a876797ed5cc20dedaf5c3119cb89d9137d67b3402e03a,0x48c9aa9950dff7a7578ea171ef744d6c2d1e0c71d3401c70f0d8e6c113ce5ed7,0x0000000000000000,0x1dcc4de8dec75d7aab85b567b6ccd41ad312451b948a7413f0a142fd40d49347,0x502175b3c381baaab0b0af6fad39007918032215683df826083db08fab24416254c3694db4ab3e2312e896000a0c49b7c61770829f03282296f81c0323ac609f2f08627a5213ee3ce902f6a8e7f805f2104109a4f24c1e54c809cd07ea7a1c571bc015ca2612ce8a22ed377808a90c7bac40c85b01dc2459f6904f39468b30d50348a2461362b41d7d5c146d05172f353c43a48b8329800c00684869ad35724ede9a051f43187e4b6ed7d0e85bb2c4754c3a10217b9d80d7dac16e0990f2c644c5f6155ebc1008ea89408674a40bbfb0dd467bd8d48d5b5d8424093ea98df050623ab26834a68bb3ba170fe824c958689c4413a895bc1bf249817869a241dce9,0xedfbed140f3718f2b245c77db8e56e147fc014bfb964c6648a4b2165c2084af0,0xfc89da51d7afd3f7f46f8878e3fdddab54f69ad31358187a610754cc2260c492,0xc4d1221705560e48dc6f3e2aa34de95499e74143fd429d37e8c8293b95ded159,0xdafea492d9c6733ae3d56b7ed1adb60692c98bc5,0,58750003716598352816469,80610,0x496c6c756d696e61746520446d6f63726174697a6520447374726962757465,30000000,15017787,1674978539,116,14971761256
16510961,0x60a27ba3bfe53b7ea9630ac642e8f7184abd86b2edb01e86cf1ad0a67d1306f1,0x481702dd8467369ab78f74e44e8d39fe523b9cdf8475b45e10d96bcc5d605318,0x0000000000000000,0x1dcc4de8dec75d7aab85b567b6ccd41ad312451b948a7413f0a142fd40d49347,0x053504ca400c08481c8e80a8c290d961360a442158a406c0347941409060057a500c5900a0310600700212130a08054102510168f99abc8c0a1b8002147a2a004801440221088038798252e90c2001a5108000847702be001417cd4b87c1ae678600e19052825016108c1ae420200e6a1b00801ec948453940921995c91a80280a64c1592006102510c480600486352c8580b6c589c6000c5022c8e0433a12808a88430198826f400884e1e08d0180460c8542043081940200680ad600201305d00130120528647220000002104954ae54c0d86112a9005301034a20000770100633b0080207ca800a088641054634b61120a988028aa14050449a40c1653612,0x5ff197b9a57736c0b937663e46b96bd62eb5900da11c914c05017249a3ff2924,0x94225a1959483fb9768ab0422bf6679f2975e91025e29bdc7a51abff5544e269,0x5bf13d1e50b5e3eb25882835b230af9da7352cf909d22af95798d583b759d6f0,0xbaf6dc2e647aeb6f510f9e318856a1bcd66c5e19,0,58750003716598352816469,46054,0x4d616465206f6e20746865206d6f6f6e20627920426c6f636b6e6174697665,30000000,9927027,1674976991,111,14289109495
16511133,0x3d7a5bc5cd585afba9ecf2f9f2fef56b013276e8d8674220a9926782e21a1a52,0x5dba7eaedb82010738e21015fac41c456175e4f8dc3505db87ef071c066904b3,0x0000000000000000,0x1dcc4de8dec75d7aab85b567b6ccd41ad312451b948a7413f0a142fd40d49347,0x552500011180182eaa048236c1b000a310400e608000a080108d02101d420048410097124201068001090f180d6021022a8316240e0cb1a00a2a00109d3de148e8c0b41ac0041c0838018ace44109060809880406244320012802c808300121b3f8268608206528820e02008180008a9d05000a1099014e1820000321088a0404f802356020a115c0501c4400189a8342405180193401448000c28454010a2af8e9801094087650092e2c1a42120840404a3aa0090982157106b0a8e0228500041300182400454c2414000a0280c452440340244b69a8c9102ba09860101f11085d0b008a802000c0144da2ac1519220819401000aa8000124401801a282251b,0x6b1f44c15b5f79ef59553d338d8aaa7a936ef097671d80b8f1b8a2c92f00264b,0x637cf68522476e497debbfa18588b17f324bd08940f430541c7fb6dacb95727e,0x02639fc5b22a76cabcec0867e5952ec915a2361fb9ff3e1ca4c6bcc4429383ee,0x8e12113ded05113d1a59bad8c37c295633ff6a97,0,58750003716598352816469,46805,0x,30000000,7450326,1674979067,90,13158995262
16511337,0x21186faf6ba8c3a3dc3c2d9a8f02624bda4f644354b902494d84b18a89da8ad2,0x2492f3913713f66c491aeadee75c83842635664df6c681a06270870b75ae60ee,0x0000000000000000,0x1dcc4de8dec75d7aab85b567b6ccd41ad312451b948a7413f0a142fd40d49347,0x0521052944806900b8103082fc004c31442b6b517a92e1102487a15ce08f8930580605ef04220221406d02004a1c07a46721800a9e9fa238310c52f7117cef284ac550044e32872efa81d08f15922b2500d01d1010448ad50ed01124c000b0311ae4c8874287852c4ed0285008400c71100810e1017926608f60459029aa40000b0742c0220a8d9730d08c2330236223040090a1811100592c0344e900d03014da48411e0491eb62f3a141ac01a0a20844f429f208a8a3ba00650e994000405392103026775a08da077c310a019617b464088f7718bc685d4d49985a283066244413e38989000000813d9bd40a8290a0a64a6302607c9d5f608c68f2a82aeea0,0x124c301415381ebab8f1bf86ffb6a27069ad663bab2647cd9cfa54c9a852b57c,0x0ffd1b62efb6ee13168e6e01e9076b79c89698d46f76f8ebcc86ae16775d668e,0xaa947a7627d49e23b7eb8d810e6f1b6eab69f2748530d2936b0c773f80c18366,0xdafea492d9c6733ae3d56b7ed1adb60692c98bc5,0,58750003716598352816469,154463,0x496c6c756d696e61746520446d6f63726174697a6520447374726962757465,30000000,10408999,1674981551,123,15026602541
16511134,0xd62d7b40becc8b232453befc43776cc7e88efc4e1d2d0f729fd17e3abdfbb18f,0x3d7a5bc5cd585afba9ecf2f9f2fef56b013276e8d8674220a9926782e21a1a52,0x0000000000000000,0x1dcc4de8dec75d7aab85b567b6ccd41ad312451b948a7413f0a142fd40d49347,0xe63d0549fd81b82a787cd392c91241234a53998e516aa6a506bb7e119cc30420568cc70892b408d34788b0104f182136b6a10525989139a48bd9163314f76f1cc9024430e72008eae9035dce4fd0fc36b8822863a6641f8806ca1c0788917eb596829f18820761b6581e98a032b91963d4124845065a854bd3006d5af96ab4ad5ac10f16d0ea1f47f54cc140613a3827740085c59920d2cd69a54b6c4a30f654caa9417d18336d058af2dbe7ad76859eb80c2269a80a048a196f2b5790cc0686402c910344c111d74b431490c406d0ce65618aee349884b9554518ea0371e1cc2db0a02d9ac02164129f26c2c1451202b01293c906eec151226798f0829f7622,0x0895ef14e14ed6282bb4a7f78421f543a285faade7f4b9433731bfb3a3d14e16,0x563400b37405411acbcc1179baea06059a05c30c925d3df9db3adad3c43d0ed8,0x7894a3d980e2933afc1e64d87b52869c25726b41d656c9e4a0be3bbfa4cd573d,0x95222290dd7278aa3ddd389cc1e1d165cc4bafe5,0,58750003716598352816469,64704,0x6265617665726275696c642e6f7267,30000000,29882609,1674979079,136,12331110893
16511090,0x4518cb26224a4294dc9f008d15337f94ff5a72f42c7e882dd056bd02ec76cf42,0x9353b56b2ac93fa839a876797ed5cc20dedaf5c3119cb89d9137d67b3402e03a,0x0000000000000000,0x1dcc4de8dec75d7aab85b567b6ccd41ad312451b948a7413f0a142fd40d49347,0x842fa42579829be438808261841c52bc1594f423080aca83d059e46b9eb39d32110f1318a485a8c08d20e8104f210d6182e7195c9b46391212be00dc1c2aa032ba2554987d475e7f6ba660cfe6242cb4aea00c8243784ec0ac543f04880d7827178261489e2b8792c86a5eea28415c7d42ba4074031a8f68922411b310690cd74200114e404a9a8c3f41cee2b78019b835dcbef50b40902e6c204e68f3103633eb082107121a6f4de290e3e28120dcc9460d51a1bc7aa00b99612f6d682c1060432f1f32a0803ce3ada40ba7833e235c54e802ea3688805158642b3724f2e8424cf460194904167884b717a90cd53e40b040898b869a816c517838b189881698,0x7b9f46977a6aea41e368d585d5eab9ef7e1cd684d617384d856aa48770a914ab,0xdaa179aadef21f028fca98b53a15909e466b009524eaf613245cc2215244ae76,0x18f4945a71d03420457e7e4a0959951515faee486bd4e486d099595071e1e4e5,0x184d3eb8019f531424df21fa6e24e63b48532058,0,58750003716598352816469,113429,0x,30000000,12507132,1674978551,116,14973980445
16510962,0x1e7f3e2c1aad6d87471d0419a77fb9067b1e8662cc3e197d847138313cfd7dd4,0x60a27ba3bfe53b7ea9630ac642e8f7184abd86b2edb01e86cf1ad0a67d1306f1,0x0000000000000000,0x1dcc4de8dec75d7aab85b567b6ccd41ad312451b948a7413f0a142fd40d49347,0x8c010884400408090828050800150204000000148c00602020410620001010024000802011a1900110020211280803222f05708ccd80a0400260a200002a20028802a2504004208b38c04c88542208c60023001410546a00411200010400a149c0808010420c400040c47015010018210002028181002c9004841230069824419005c840228020240001440905801ba20020000229a0081401025008301000030e8c090010036900000001d0010ba268064000020088000200800f0000001000a018c22a18000c4010225030104c1000e155820210a881480044441328002008383024a08151328103102281020110000e2000114180800009c00b2090804400,0x00cb375f8710d949ccbd2f23565e7c8a10a4d16b47c8fb0c675d655d2999c641,0x6ff78c597bba0d21ec4b00f08e2c2c47173b3bd8ec1c9387def96694b7051728,0x45e05d887d6505b183c512265e296854e7fe838f4b6a6c5023fe0e72a6b4f032,0x70b99f5c8526ac3946ecb2896d41e3f23f015ad2,0,58750003716598352816469,36135,0x,30000000,11896226,1674977003,92,13685040607
16511338,0x4c9cf74fd47e0fb3a3af23cad00cbcaf71d968612c9823f4e0cfd30d2fe50e0f,0x21186faf6ba8c3a3dc3c2d9a8f02624bda4f644354b902494d84b18a89da8ad2,0x0000000000000000,0x1dcc4de8dec75d7aab85b567b6ccd41ad312451b948a7413f0a142fd40d49347,0x152241cb0604586c18ac058480104129cca168c46000060000cb88425a268dc848ec6d31a3204d1dcc4972c4cc55013202002284da80b80e0456067b48b664200805b11850581c0c6a8399a8e00031b19d818a06b44e9a1900c8492b9e1848a42b99d804128b67360f401cc308242829850d98402202140384a00c18cc0a71c446780d8b2342806486608002058200f4644e04a54364806820008c514030b25eda4055039082660c6da551c21f7eac7b2066ca000420526212638226d8892001b638a892782000c483c00a608055d000256910e2b6afa03907e5d80a48b2f2a01613f8080122214828ec16c0094f00e1a48153002c98225a82dd0c4107076542,0xb44412538f9009a06acd11e70c4617f61cdb592d2d582ccbd07e017c247cfe83,0x78861dbc9fd04255f8cbc2e569dbae5fbf061440026a0eaf73777aaba38da7a3,0x666212b20c4d9fc2ba6da4b53d872a9be1595101af5c4fba0a9d3c624976f62a,0xbaf6dc2e647aeb6f510f9e318856a1bcd66c5e19,0,58750003716598352816469,44769,0x4d616465206f6e20746865206d6f6f6e20627920426c6f636b6e6174697665,30000000,9648399,1674981563,116,14451709647
16510963,0x4afcc095f2bfc9cbc669e4f988248a565e23275d94a47725a774c97a68638bb8,0x1e7f3e2c1aad6d87471d0419a77fb9067b1e8662cc3e197d847138313cfd7dd4,0x0000000000000000,0x1dcc4de8dec75d7aab85b567b6ccd41ad312451b948a7413f0a142fd40d49347,0x0dfcb6c1f7a0b03ef585749be4067131323b9d72df4e43ca1b739072bc263f23f0930667dc3cd389f082cf5ede61a7270bb81428e990e1dbc21beb5939b46ef9ae2dc03252084dfafb9542fc458e2731c6944a7ddd6ef960be13ab1583173e65d6e87fac43028a8f5dea18acc8e1ecedff3282eb8fd48eebd4a53e95c019e1b80e16e54a796f5d7596c0af4751e1f64e66d377815bcd755c7617c56f939176acde2e6d1301daefe98666c9e4426ea78989d88c3620ac9106006b9fd289beb32583782c1324040a73e03d015e2c0d3dec5ffba340dff9787c2d716c6ebe94e41dea7bf8891908a249824ffce3e55355a10136c0255b98e85768970a49f9e109f9,0x3111aa512aadeade1f0a62209cc14723707bc01dc084744de9a234931fc90a9c,0xf48b577c556596efb5d7c21e5fb29299b6ff919789385cdb882cffaef6546ba2,0x93eeec670349868324c133b21410acdd79982c7b2dd318d1b222c87deb5dde4f,0xbaf6dc2e647aeb6f510f9e318856a1bcd66c5e19,0,58750003716598352816469,144951,0x4d616465206f6e20746865206d6f6f6e20627920426c6f636b6e6174697665,30000000,23204532,1674977015,229,13331079997
16511091,0x42b5f72a4ef022b8515464ab9f28a5df1187cd35821af994d7c6fd046d99d3a6,0x4518cb26224a4294dc9f008d15337f94ff5a72f42c7e882dd056bd02ec76cf42,0x0000000000000000,0x1dcc4de8dec75d7aab85b567b6ccd41ad312451b948a7413f0a142fd40d49347,0x93352424aa01502f201c0282881c1a28820888063128100034a39282c22a0123500f408884820c0174100404eb0411cf06010e80da04ac114a5850050128240123a20017d0810c0c6a2144c9458821709402280490600a4d10910c019d705a3116900a0c4202c02a0598281c84003cb10203014841b10409991051530a3f5080238244cc832601854640748706612129b44494a105068a49020565c100563e349b68310f11016020a00000e08a249615045800ca288e80a208d3095316204804c458d40a23000c888200009020068b66c5261443108b001100203c0a0d00e20250173088804010a850044f12080170b9d42989a050098271808b2a1488016c43,0x62a48f66ff3ec2eb20b8e5e14ee851f22bf36fb8499f6a7449c1cb9ff1460ecd,0x1ace623f438e5cd68101ac06a184ec6d28e7054b901317140157b0a45f6d4103,0x862b8aa2d7c27eb105945ca54512b0eeef3cf38098a5d9f2971df5cbdc208407,0x5f927395213ee6b95de97bddcb1b2b1c0f16844f,0,58750003716598352816469,38089,0x6d616e74612d6275696c646572,30000000,6859442,1674978563,88,14662912473
16511135,0x41334ee5c9a2cd2c380b6d5c124a43723a009d897b9015ac76c388089c3627c7,0xd62d7b40becc8b232453befc43776cc7e88efc4e1d2d0f729fd17e3abdfbb18f,0x0000000000000000,0x1dcc4de8dec75d7aab85b567b6ccd41ad312451b948a7413f0a142fd40d49347,0x08a190614111dd243cf196a6862496643463d01b880e00101ceb2461fddc3576313a0790d0a67a0094383c484a0483f51f272e4a9fb06ad10b497141013278a25b49c5d86702d86eeaaf46cadca0f0b1c982f02145c89e4004b33c368024f92952521819934a457644f4f22808c83c71d438805533dcb50394124dd33a8a709962090752322a591e01c8fe647f1a90b4ed3694c7e95a2c4c742d66cd167646649e88016740a260a59232c8ea8f38879c337058a8e8a2a04a2de21e1b618edf71f1052f07ecc928c920e4420fd4ae72f7f0f9225cb4f9023125b8994a0d92ae48deb239f948ec009002559a8031e998229820c70a13481040700f1ed590a171d7,0x87195239383cbc43e1ee9317cb4756c3b00ee8b9dd05c5f3b0c85e5a7a0963a0,0x644240034e715e9cd0947cefd866794f6569ec45638549ff819bbd1aae1f3095,0xa044e5b54ce6e042c902251e4021dd84fcee5f9b94247e5a7716b4c96c384dd8,0x690b9a9e9aa1c9db991c7721a92d351db4fac990,0,58750003716598352816469,77726,0x406275696c64657230783639,30000000,13785287,1674979091,146,13860436742
16511339,0x598cb4f520d81673f94fdff118e87386ee3a1747ab9003e773b8ab01a6460203,0x4c9cf74fd47e0fb3a3af23cad00cbcaf71d968612c9823f4e0cfd30d2fe50e0f,0x0000000000000000,0x1dcc4de8dec75d7aab85b567b6ccd41ad312451b948a7413f0a142fd40d49347,0xd46b9b0a3610dc28ba38229eaf0d32217d255ca71f630030175903115ec41b764e1777e1620b8fa1c261b6c7fbdd158562a98060ef62bc3017cb13ba75bd6e910b86d63be05b7b687e83709bc77777b9bc84b83c23749e723611b5c08849287f93088cf0938f1e4001dc359d09623ee95cda20d44f326484bf1865f5e11d43140bb9e5502f66935dc4774de4cc08167fc6c7cc81a3c39a9aa621457c02103a2cae8c0184d98b64236207daf68922cd188e30ee75ccbea29704c22e96d0ac5145f311684661121eaabe09ccb396ca1276f8e2aacb9499a11f06b7f942649c65512a3974ad1e24d754480fde869d9736bd818863e0f00a6743c0bd0eb1f8453c81,0x03fad5407622f7c47d4994fd3ba1227c0220b1a98e73e2c0492977f7ad88aac5,0x68bb25273d134bd4b50de366d0e7299b54176462148946c3999479fb052268f9,0x540c4be4558e15ca2925ac9693bd876cbde782a2a81a3e8ac4d28d39b30d823c,0x95222290dd7278aa3ddd389cc1e1d165cc4bafe5,0,58750003716598352816469,78223,0x6265617665726275696c642e6f7267,30000000,12197715,1674981575,119,13807211449
16511092,0x179aa234fd4e4f682d5bce1a97573aacb0c1d01dca10b0b64daf6d85f6ee9708,0x42b5f72a4ef022b8515464ab9f28a5df1187cd35821af994d7c6fd046d99d3a6,0x0000000000000000,0x1dcc4de8dec75d7aab85b567b6ccd41ad312451b948a7413f0a142fd40d49347,0x3ca7d0a7d7d3530afb7fd88baf36db7d35e3f09e4c48adb7ae07ebd67d00bbe63b9ee188fb9b021f9c1b7c367ab3dbbedee35ef4cb47eb812f9ce077d5baed803a0b9518e617cf8eeabb70ed66eb68a6aced3881bf487f64553a0c53bfb0de6b9ab6d07e4206e53666dc7998a8f4faf9cdb6a7c975de7cff9a57bd1b21cbbfd471e39b77e20a734713e975eed37cb4b2f4b7672393c6655e63eec35e4391fe33bb6e21b2b68fe2ca0fb579facda1ccc65e9159a21096eb13de75fe6b683dc35899313c56974deefb1d23bfbb337fddae556ca27c9fee2fbfb1040e9253f02f3796be7ccc7606a348143f7be73e7b583af4198722e4f82d53cae5bf21845dd7d7,0xe1fdbd6ad1633acb94858098ae5779257b464d990df9c28090dbe480af9a3387,0x9c868135f8fef909242f529dd5fe849fcf41cbcfa7980c2e22ee90c5b59a4c16,0x1d6d231005e707633ace3f4b1a50e1d8832acade33723ceb3624ae778e1b8d31,0x690b9a9e9aa1c9db991c7721a92d351db4fac990,0,58750003716598352816469,62988,0x6275696c64657230783639,30000000,14622906,1674978575,152,13668210062
16511340,0x32550be9b6f6eedd4fff3ee781eba4351dc64427d36978c06b83deb692e3449a,0x598cb4f520d81673f94fdff118e87386ee3a1747ab9003e773b8ab01a6460203,0x0000000000000000,0x1dcc4de8dec75d7aab85b567b6ccd41ad312451b948a7413f0a142fd40d49347,0x0ea5c110fee0916978ac30a18c141238cc23a2248a930074125f5a6027a43f1411fc8511842889088061301e9d704902a69184008bccfc1bd7034211872ab641510c6278e0e8f82aed82d5a85e646c25fbf4248082588a0548800f0cb82e99117e550105230f24260c169589022009f9b00b97402e00c4c4a8004270810eb7576ba20b532be6111f84490793c90a18ae30024cc1e145161d62f8ac50925212a5ae9c81a78b876b451787e1f50ea895e46d40f2021668918a49a90f38159980d47b385406281aa2c29480890108b532c744528aea74a80611640d3d22480afb340a34b0980d00070130c5029486e37ce681c1590900cbb2d110859f62c1a61e71,0xcdd74ecea42bf39a35cd133ce1a26cc19601a787b6d5ffbd18731717f381cab5,0x73b72a53212431a7ca740be24c2cc77a080c1cb9bba3e75fbc3d1a621eee1432,0xda826ae130adea82ee3740a44345c6ef59fbfd6418ec9aa370ea1223f32cd5a4,0x388c818ca8b9251b393131c08a736a67ccb19297,0,58750003716598352816469,39770,0x506f776572656420627920626c6f58726f757465,30000000,9490353,1674981587,132,13484780270
16511136,0x0f8032e1fb52ae9cafcde279723835a2c971c1a13e90701233c1ba87f68d94ed,0x41334ee5c9a2cd2c380b6d5c124a43723a009d897b9015ac76c388089c3627c7,0x0000000000000000,0x1dcc4de8dec75d7aab85b567b6ccd41ad312451b948a7413f0a142fd40d49347,0x242900b1d5219080b8282149f544302b4c2b9a1b0d1a1e0654d5d40a54b2d92adc1f4710491716a34cf9bb90db10052c0f611030880039f00788c615943f618c8a4dc888401a7b2c69836aced690a078a48a023141789bc82cb55fc8d167f03ff72318318bf3dc2301cc62a22c40a8f95c1ac0f06d998c69c1c12053994ae4125a63975800ce91559578467315d20a25ac94196191c1286b6c20024a02947eb58e2f49cb9b8f6575a96a4de2a1a8c65d674cc4ab612938a211e21ce41e6c30642639f72aec0301da0140521339077727c9050a5794af243355246922429dac013ab1f40d4cc40480a0ac37a1014019bf8a570322b9dc8049c8091ae091a35c99,0x916636487453be25fe18d637de203857d64a694d5d3d05df88f2de43a51419f6,0xaf763dedf202b68dd97e3f0549031d07f8ce965f0d9d03f6204c282afe382b34,0x4d47837d8e6df72d6a757129ffddcc66772ad001117357e3b50d8a785b131154,0x690b9a9e9aa1c9db991c7721a92d351db4fac990,0,58750003716598352816469,103737,0x406275696c64657230783639,30000000,14534220,1674979103,161,13720132970
16510964,0x6cd8233dfd4a493361e826b5406b946afe71871bd519481aba3ca813521af0f7,0x4afcc095f2bfc9cbc669e4f988248a565e23275d94a47725a774c97a68638bb8,0x0000000000000000,0x1dcc4de8dec75d7aab85b567b6ccd41ad312451b948a7413f0a142fd40d49347,0x1421458a940000bbb8bc050cfc0540231c2624c379c05212525d8a312634194310020d85c8254018520a77502f4b4d5ccaf80844ea012d42130a2c1124207071a0398032008afc2c69e2c4e86d5840f90ac43ae040c20b0552290f01a0003aa73e60908003839482818cd9a1800a086d90ca0833905525620a091d31c51820014294cb322b02413c1440496b450240b6a486ee279f58142ae2280d78823632218ace0199c186633a22e165fcc320a7891a01dc002d89b0cb3a404bda2008104007100066aa410cfe3080c216008bd296d5e2165b30bb489f502e0e36a40173a500bef1881696abd8338ee9e0502374185409e300118c00f130c1dd3ae001b2a1,0x91be0fad8ae5c6e16bb612bdbfd505bbaf1f69ec74df7e0ee184d5489dce92dd,0x775d92e46cb9e1e1d58a3a1a110e8ae8cb4ae2fb0566f6329e21bb715706c989,0x014bf61efd9a20cdc0f078765ca8eae3e2061bc5ea0f0ed9f376fbc4cb12891a,0x690b9a9e9aa1c9db991c7721a92d351db4fac990,0,58750003716598352816469,109622,0x406275696c64657230783639,30000000,12268530,1674977027,113,14242540600
16511093,0x6c92117004c7c47364658674293964f11d0371110a9bee41cba127d149298bb9,0x179aa234fd4e4f682d5bce1a97573aacb0c1d01dca10b0b64daf6d85f6ee9708,0x0000000000000000,0x1dcc4de8dec75d7aab85b567b6ccd41ad312451b948a7413f0a142fd40d49347,0x203381a1a11088407a4000c0c50323e3154458218e210824a43900144da5d5ae128f230c9a40fc34309e7f90db9e07254303941d9e0a28210409a81110ac20201804401801c02f086e7e40edc4c042a0180f47c05040084052c15c0498227aa9c21104a1c38349b640edb3c00500ca2900248500a0589c04c67004929bd90286728473787142131ce1427c6007d0013c16470001c700022c4421406841989a34ba0c41c2da42e105292480f08123841e0c41900c3230a0021a662eb27669a1940b01e00694c101ec806000b8204c0262cc05204218ea0e1340241b03bc00f8485034b42e98841200060c1b80818710a1801009400008324000cde874c0355403,0x48ab382aac6dab68956fa431a3877e4d605579c6fa56566f98cc271efdb6b4a6,0x727439f5e0840150e8ef22260d9f29897b991111fc0894677f2e3cc22673d6d1,0x84f599dca7bb4930e491c9486494a4a5f42b8305e425bfe72306d8d546407540,0x95222290dd7278aa3ddd389cc1e1d165cc4bafe5,0,58750003716598352816469,82158,0x6265617665726275696c642e6f7267,30000000,10434996,1674978587,101,13625258396
16511341,0x95127b0cd8ccaca239a8ec38c7ad98025c7d496df255edabf826dd96dad614a9,0x32550be9b6f6eedd4fff3ee781eba4351dc64427d36978c06b83deb692e3449a,0x0000000000000000,0x1dcc4de8dec75d7aab85b567b6ccd41ad312451b948a7413f0a142fd40d49347,0x20a193af9f829c3778891004a91b72213876838a388600215d1f33c3cfa68665d49f190d30dcaa59306f3bed5b641b501b6bfdd48f12aae11e49521ec3beaf32ea4af098c0b11aec7b6b50ed672c6aa21cdd06b5ddd7cecadd3cff09acab99d11650a21b5a5345e50844d09421e369e10641067fd07a46c49ec8def285d8b6947b8486d1064e8b0401ed5e462145256541022c8de9e0e6db6ea5797c21f00fadbacc21fbd8fa6318db5453e98a76aca2e419dc62a02cc4b269356c7231891042585cff06b45bbfc12f97b1de195d350259f5f2fa549c8a1d81ac69ebaadaee510f77bc89ec9b07c07afdfac1e2a1fb83f1894164025e024cac2d9992cd741625,0x6e9785ff30b89681f75033c1bb2611b28dfb7363dccb0068bb0c2f82c37e7a4c,0x68b6343f4ffeb6bd1e5e033a41d3105589ff872d62fc2b0d5e63353c8238e416,0x5886ece133fe85c792911e000499054618b44cd3f1eea4e3d6cdf5c4b2a93c39,0x66be19068a87adbd10bdb493f3b9b2ee212e1e41,0,58750003716598352816469,109565,0x,30000000,26000892,1674981599,206,12865643777
16511137,0x88f0a396cb31526c165bf591b74e99bf59e1f14981e8f060f07a609368d5211e,0x0f8032e1fb52ae9cafcde279723835a2c971c1a13e90701233c1ba87f68d94ed,0x0000000000000000,0x1dcc4de8dec75d7aab85b567b6ccd41ad312451b948a7413f0a142fd40d49347,0x24b9831021a2d91422000a50f0234328889052a423d1343854ed24aa09828da29b088604b00070184059821a0c348b8b922110589c0623260b0d001350a94449908254100013cd0ced837258484880b8e9167000d4e00a4815848d79c561ec010ee901111648c2ca0191139060a70863c4622041d24a56f80388d29660d84cbc4be48366126b5ac29475a955d100a357330108b1e1c22cece30307cac2523b00e248970b1bd1e904bf0519c8882266060458c0b4021466262663124ed08c091801500823100aa1742f5049a26e7e01b041f830e6205241138d767d06c058200920f06999b39a1122d22775b2a2950420dcc14901e9d420504081a144a224d741,0x4bdab7b4e1e407f4ef228cf506a22fd4513e307c03ce751a3457dd0950d28546,0x2975b33190f8cd1ebb9bd7dc69d77c9038607a4d4adb2bc30562434d28ec9df0,0x8071565761fa8ac7cb3f80b6d7eb6f764b794913e1e40975fd95d147a0f5ee2d,0xd2090025857b9c7b24387741f120538e928a3a59,0,58750003716598352816469,19557,0x6c6967687473706565646275696c6465722e696e666f,30000000,29985308,1674979115,51,13666878274
16510965,0xa289e251a0703eb8cbd090fb4c780a088ed99743c90d9993a0f71cec276243f2,0x6cd8233dfd4a493361e826b5406b946afe71871bd519481aba3ca813521af0f7,0x0000000000000000,0x1dcc4de8dec75d7aab85b567b6ccd41ad312451b948a7413f0a142fd40d49347,0x12284501c19aa0e878880490c01813230f0371658c124eb02483a0b085964156da2ea742a47083026121bf689cc0055702b5b208cb34b8575648800d11a430d06cdb86107008596c7b8a48f847b0e068a330c0a4104409353d4315d388490973ba5c00406312338b1fd5c2e8a1703d61ca00d00c28b13540863455b9705cc8b21da0a2525e120134864e02b2414a240875281885856512de6e62886c8b9152209fae0948f0806302821443ec1c03ae5111b41e7c21983c4640681f4290a800126e3080829604092a00448c9e086492754059024594e9a1b8f71e083620406c20003a298d09112861648c1da5102313f0413030481a48216940a91d708125d095,0xfbbcc3ed17a4da65b87e9e9135a53c0683eb673ee85d72c812b5c995793ced6d,0xab80e05da34120ef9a522cd0217b4b078f8ce4109456d94077631bb7aa3f579d,0x85475a15494a3bf388cc02636e1a6bf3ee0b918ec76e5a6559ae837e82a6bedd,0x10324bcf9d983f03223bc711a691f0bd28ba9c0b,0,58750003716598352816469,70245,0x,30000000,11919093,1674977039,173,13918348331
16511094,0x8df3f0c94e573ca63a69eb8d976cd343977bb162ef0ec051aeff013c04902347,0x6c92117004c7c47364658674293964f11d0371110a9bee41cba127d149298bb9,0x0000000000000000,0x1dcc4de8dec75d7aab85b567b6ccd41ad312451b948a7413f0a142fd40d49347,0x15bb359c1105d34f75d2628afede23f870d794804968b2a87665abca3c33300558a2431b888226b1c403bf0dce6489df9f351cc398762d169bc05471383cefdb424d78187c6b8daceb4363aafa519ea0acc7f1e4d2e10a5c2f004c1db8e5da1bfa4ca0d8a39bfe923c9ac8c07f9ba977640ae9c9e6f544a4ee6004d3cefef1ec0b944dd64273c035a4650da16123852e06338ba3dd4726588b3584ce7333b1de9fe99ffdd3bfec40a4c452839c20b6b385d878ac197bf6dec1f60a7660ebc10d605a00024f495dff18176aa887e732254940a2ecd4ff875f01a72a222208a472863aa85bf30cc540952c9e0a05fb74eff6438b77d10daad2928bb984a549ffb0,0x3de82b2f1513bebd29e4d00283cfa870da53f74b32e83669c2912b87f933fa5c,0xa26b12b24ab1e39e90ee2f3079f9c103a888cb159965b777e7cc1c1c7b880271,0x990575e0615a7b344e85185bcff50a8218574de136303d062422d6772da2f06a,0x5f927395213ee6b95de97bddcb1b2b1c0f16844f,0,58750003716598352816469,77405,0x6d616e74612d6275696c646572,30000000,28132169,1674978599,124,13106930404
16511138,0x1a23b8538499025973902720d3327f8dcd463a8a53149b232ccf63b39334eeb1,0x88f0a396cb31526c165bf591b74e99bf59e1f14981e8f060f07a609368d5211e,0x0000000000000000,0x1dcc4de8dec75d7aab85b567b6ccd41ad312451b948a7413f0a142fd40d49347,0x9cad40070793fb8274b21646a50575f1d49010af054167442a61b704dee60d25a092462140a314090c00cfa65a441b95879114409b16b4ac12531150d7ee6d131e02f91141038998eea262aad4bd5331b1e254c73d443b50848996cacdc136735e06c0b8178ad14082ca9921080c2abfe21ac154c07c0e00d205d15798cf78b4839002cc93820a2444404c86408a0da208089b0bcb49de5def874c4e06b038359f4b574705837404041746f6c96ed65134d1ba373882d9f242ff594e386841105118500354581ced055cae2a3086162ec02196cebdee51d5043c1912881cfa4dfeb0b05d118520188785b7a6da25b8aae5ff433049edc4527833ba80d1afc6e1,0xf547b08dd1e38742881783c6fd597fbc18faba9bb9cd664c9439d5f8a3114e3c,0xc5a97bca6183962e680a3f25cb6597eedd6e0d0e636c3cb655e02948d4701a25,0x3f3c0058c2585deb1ddcb35a6ff448c5c3a720ef70205e01a3556fb06275afb1,0x706e1b4559ae12e96c126fb31fb950d0901dafe9,0,58750003716598352816469,173829,0x,30000000,14077067,1674979127,102,15373564776
16511095,0xd081797e0f5286ffbb58a6c08e48f3f57dfdd8107d6947c45725bd0217b7c927,0x8df3f0c94e573ca63a69eb8d976cd343977bb162ef0ec051aeff013c04902347,0x0000000000000000,0x1dcc4de8dec75d7aab85b567b6ccd41ad312451b948a7413f0a142fd40d49347,0x45340230d178a14430130041e168682e448a20079c62284408ad68307734436052a8033cf9f4000c4219362d5a470f6ba3a0005b1be4a864b349491850b7f00cc00c103ac650b73829437dc8665013609096e17102d4131434e2564d98902ff933dd527c0b97d7138a1ea5c0219ca879e044b148019c04c0ecb01f7119db808410f0a3974662d0044569d540dd70a0b0340c1ac12172272f407a385c95fb9d189a2b136281096919c131c0e311b2869a5a606810080033d7b06a08d104b225114551b21a400128ca3141561a0586817250e9a6f516ea08950c9c3dab5c04e6404d35b06c932e9a0a523a9ab200031d08a838e71453798064122e3c408185d404,0x5dfa20aed08952fa969c0549954f33fe90acbf229a36a73855df9b9498c63ddf,0x0deb7caad9caa16a51f3a1aee870851cf7cdc4674ad0dcd5015075fdc59e3b00,0xa0ee9bfd2281454eee9b6efefe043f62e18497752fda1c4f880370e3dea1dd31,0xdafea492d9c6733ae3d56b7ed1adb60692c98bc5,0,58750003716598352816469,170051,0x496c6c756d696e61746520446d6f63726174697a6520447374726962757465,30000000,13675286,1674978611,147,14541283946
16511139,0xb83a4274de54b06e2cfc74bd5fd34a5b7ec213f19db57463f02ff1da4b3f9348,0x1a23b8538499025973902720d3327f8dcd463a8a53149b232ccf63b39334eeb1,0x0000000000000000,0x1dcc4de8dec75d7aab85b567b6ccd41ad312451b948a7413f0a142fd40d49347,0x0321302b0611580eb07934dbf0040f39551188464c4000e2104a8a3ca92045fae04ad9615283400b0a485942aa3ca186da2501c0b8802d09921efe8620ec29ab2ad054902810581e7db3c6ca403400b2fc408a81ca553a5444d04e02f833f33492b8b4882210408040343c0008107fb504c20cd111f134d5b716a5d2245a64d20b869350020b028625ad29f18348b46d4c80804b999d404ce06da941553863338ecc090f021065702a52a4d0c9a0ce6155155eb67c4088c2a1c5292200e02aaf80118a1603226eca224292e0243e0191c12b16dc389c8e1d7e11688fe842747f4378bb8d8ae8118006444a813141d686b1298dc4598a147010651850a341340c,0x03e35fd27893cb29ee9662f5e4185983836dac89448559c8198fa1efc0a1130b,0x75f16d00526c44af71462842dbb8c06d3195707194a6c8d5deda0bb96222a530,0xfc97aebc5c5736479f238191cdda2df93ef27028268d5f2df2c6959b1c8fdc2b,0x690b9a9e9aa1c9db991c7721a92d351db4fac990,0,58750003716598352816469,24795,0x6275696c64657230783639,30000000,29984245,1674979139,64,15255325024
16511342,0x93a086d143fe40e0f032ff72699edd613a4da30a0822ad546aa88ecd41b9759c,0x95127b0cd8ccaca239a8ec38c7ad98025c7d496df255edabf826dd96dad614a9,0x0000000000000000,0x1dcc4de8dec75d7aab85b567b6ccd41ad312451b948a7413f0a142fd40d49347,0xcff9850dc590b66ffdfa75b2b391d23f277d2ab398634d0ca16fa0135fe6ad35765f0708de83a70147f97d7efa7b29badaab177c8a15bbe81e4a83b70d2efd284c9ff33441ea7fac7ba2f6af7d21ededc2ef832dbfc9ca432cd3b45c88f8184f1ec21f91936ae5f225d7d694c2826effef7996ebc6704d93ff9cf779504bb0c6fc21de765f6e2b5d0ec2e160177524fd3467aacbd76cb66be938bd454770fdbcdf4dd14fdd727d46eb7777f41d38d6fbe4ff9f8960ac372ae37b4aeac16dd0ea0e54f48a2cc0adf2a96c851f245c16fed4d753e3dfa980172c76e9af4cdfe6787132f93f5d8c09d48faf7fb6fc0b19b5dee853c8f5ef67e1c1855eaff3dd1f57,0x80fd4d91affe57b3658ffb1af9a55e6f6cec8065e2b885fc0c40af0a1df32be3,0xf7ee0d15d26977b8f6db1fe842c13d9cab49a0221d1f18163d074ac10b9c37a9,0xf5a5b622d33bb1c378dc8a37bf1db2c9906cc41930017893e5f2971ec191c4f2,0xbaf6dc2e647aeb6f510f9e318856a1bcd66c5e19,0,58750003716598352816469,128900,0x4d616465206f6e20746865206d6f6f6e20627920426c6f636b6e6174697665,30000000,20095824,1674981623,311,14045090091
16510966,0x866d24e6582f2848b2fc1f2922c60cbf774c4fcd4488716d1f6413a1e46e7ac9,0xa289e251a0703eb8cbd090fb4c780a088ed99743c90d9993a0f71cec276243f2,0x0000000000000000,0x1dcc4de8dec75d7aab85b567b6ccd41ad312451b948a7413f0a142fd40d49347,0x8529508209909108430100a8a6501b630551100b0902002011710c5a0c3a1a0584050213a563083071d1ee00ea0001060a218098fc28a8404a5a02555a2f2030621cc615592788483a8546e9f1f4cd3896c10881b56d8ee3a8209c4fc0431a0212c9377002878cc62093bca044342835c29192690c144c665c3a50720458f4301f0781422362102485712b02c3012a4734004089dd4405787701e1ecb65818549b9ea173952c6000252482cecc02e4c10c8048722031908ad9210b72220a808147382446130828724571691492d53c62f17d22e4108800150406a8220090ed210730a48b0830e188880d1e90831114b54670ca66adc8a04061d1c91090c10428,0xdcdd3d8cae49e076c4e2f3e41206e40c2d2686a3ac47c9ba2f83c93cd8d0d89c,0x97709064aefd246405539fcb7ece43d1d3d7265757c35f69d985228368e3de74,0xf61c4780178d6437cc559053422b6e92466cdbd69bd84cdbfa11f71f2fe4d8d6,0x95222290dd7278aa3ddd389cc1e1d165cc4bafe5,0,58750003716598352816469,61568,0x6265617665726275696c642e6f7267,30000000,9525228,1674977051,131,13561005525
16511140,0x04335425aa0c0c375b41eb3585f5cd419e10830181353bae415994cc152c67f2,0xb83a4274de54b06e2cfc74bd5fd34a5b7ec213f19db57463f02ff1da4b3f9348,0x0000000000000000,0x1dcc4de8dec75d7aab85b567b6ccd41ad312451b948a7413f0a142fd40d49347,0xcd6b0c2b90d3df40287537dfc9d1413801c3646f6eb0b65c6745a25b5cb38506f00a5612939e132159cb26b5aa270fb68aa3a9acfb3365418a055115be7aaf0c683a832c42e1b83c7b81fcffbcd305e083f803649a408b42848a9a4099015b793761004a3a26e61fe49038f44c8018f9df0981d4e3fda4959a8e065538ca68871b53c5e22293b40e68fe5647a1903a272cb386414504567c6de5fb5881f155119baa01af83656910103be1f2c768c45b7e59680ccd89b38791c08a7a30e8465591fb240a754168da5429df26370ef676d8fb82e796d8113f35e479a35955a7cf643a7a2960986270a20c5fe904b41fee82f30105acf8024e321148e191d3551d,0xccd447a001dd0a8dd652740fe945c793c29dc32cf308fa91d3c16c600a5eb8e7,0x15dcc0af85b22bab571d374dd6428b9d88caccc15a89d6c040f113bce4b39373,0x4ee84676a07bd0a0af1dc3d2534711d9c74da6b798e487d2b8f06a8ddc2fb5b1,0xfeebabe6b0418ec13b30aadf129f5dcdd4f70cea,0,58750003716598352816469,91615,0x68747470733a2f2f6574682d6275696c6465722e636f6d,30000000,15854708,1674979151,147,17160237754
16511096,0x1d03afeb3ec019ffab01e472095347aab94d17de9ef2efeb68bfdd996697df36,0xd081797e0f5286ffbb58a6c08e48f3f57dfdd8107d6947c45725bd0217b7c927,0x0000000000000000,0x1dcc4de8dec75d7aab85b567b6ccd41ad312451b948a7413f0a142fd40d49347,0x8e6d0482ecddb467b5884bf0ad14533f770ee31308cd443890c533667d545ab611154baf181149876d003202cae1e1953b329f38bac02a7f0686e26098262eb04722cd1699585a29fbfed3fae63129372b90b8a1a3d81ac35f872604882a956956274d40438bc680198f96f10019e873fd4da102f9d0bc8480814d77889e01951e132230b2fac3158b3e1f8336c200255d9be683b3c0e91c59a04779825211279eca83ded330784ae35fc4f09eb0ac8b0a59e0027a0aa2ba29dd0cf8378711745958f6ae120826872c005127c548014e5c1736c4b689dc15e02c1cefe898381c9831323e895587a3304c43ea3f5158549813c1eb510a2d6367a99a8997b370a5,0xd77d8d40f03543b598df81a9537dceb1a298476a96389d8735739c12129894a1,0xd8fc904786b69c263d07e5d0a3f419dd35b7f96e50981c1a79d3be8a91c78eca,0x561ddf6800bd782b165df6c38c9fdd072a723a3a26f801c3c52517f7fcaa8723,0x690b9a9e9aa1c9db991c7721a92d351db4fac990,0,58750003716598352816469,92393,0x6275696c64657230783639,30000000,17137025,1674978623,175,14380758593
16510967,0x2f481638b1535b9bc38dfef1d71a9a6a1fbb4e35daa39ce77f44e45415601848,0x866d24e6582f2848b2fc1f2922c60cbf774c4fcd4488716d1f6413a1e46e7ac9,0x0000000000000000,0x1dcc4de8dec75d7aab85b567b6ccd41ad312451b948a7413f0a142fd40d49347,0x22a1871cd129ca4575d4a4dbed55013919a1f47bcc46414a44351c42e4129d20e8025290f01a1c5bc2e30f8e43dd4da6ae41710a9a08f6a59649da7850aba01b14390330c0589eacfe0352694cb395e19063659142e00c6194aabd498f65b9355e9c180903b653cef8913dd4104028110a54af60d178267408e382514a8f48241a18eb70fe0e1f04154d454a43509c7f24dba5214d5140c8f401687df3b016289ef8b94f04846e6416c58be4d53aa5dfc4f55a446a06e0ce82c1051600fa859f599940428c0a8cdb60f948246a2f52aacc633ac43e9dfa3419443a826890f23234b2b18f90812c5f170cedc019032c30861889203bb9edeaf87d3c09f0f155bd,0x4d2e87fc3edc258db8fa2a9f9a219c0a0de9ea6fa052618c67d3d46f963703db,0x42d85ae545d9d65e7c7b9c4ccb2a03145641185c457659bc3ffcf7c903513681,0xbcfe3b4cacd92688b74cc3c1d75045f17d6419637bc2fed962b6b8c6ba4c4203,0xbd3afb0bb76683ecb4225f9dbc91f998713c3b01,0,58750003716598352816469,79570,0x4275696c644149202868747470733a2f2f6275696c6461692e6e657429,30000000,16149335,1674977063,162,12942310414
16511141,0xc27266134352b31fecd753d6ee0d1c660a0dc9633fd213680c4353dfb57e9385,0x04335425aa0c0c375b41eb3585f5cd419e10830181353bae415994cc152c67f2,0x0000000000000000,0x1dcc4de8dec75d7aab85b567b6ccd41ad312451b948a7413f0a142fd40d49347,0x04a513602138190038609a82a0109bf1a1500588990620100013104094c2d438660c512b8801552801011d04810509621a070202c8023941240ab20110bb280c22467110d00089387822427957204ae080815859074018010014cc01a248bc0a120821770382465282040900282c09d98e1000048841a52b12c700d0003aa2c0443333530ac20c50844102468332041526002e898d0704084b2204434138d3109bcc090050826c893a94c3c10d4404c46d440a0601a0190630e002ce0008c05241226082005000c605024880001a50064059226009a83d394400190b8201e0424038e41c88802b010657b8910105048002ab0160409844411141a82080083c03,0xd6d57862a663b39d0db7df96424509fd86ef2ebcea7fa2fb74dc6a76293b0978,0x618ef88a415c4cc2898e7f2d729abfa39349c0ccf929670c09746b60ba4b26a6,0x5705a964385936461ff9e9a08a5819b15701cc5d514643f7e2ef3e602dbda26d,0x690b9a9e9aa1c9db991c7721a92d351db4fac990,0,58750003716598352816469,37412,0x406275696c64657230783639,30000000,6720774,1674979163,82,17282462691
16511142,0x89adb86b0b6989a9126a41b13e66ea7c2ad2da2f3518082c7ca6c2b385fdba2b,0xc27266134352b31fecd753d6ee0d1c660a0dc9633fd213680c4353dfb57e9385,0x0000000000000000,0x1dcc4de8dec75d7aab85b567b6ccd41ad312451b948a7413f0a142fd40d49347,0x382951012212981038c906618830013985a0363d140004a82501f1233b2a852c66461700d4893200020096424e002108cf8102008a8538a0000c0e0188ffe360c80648106004082a6b2756e8c78970e0c0d104018ce55a410e638b4b8c417c05326119b082824f1211da02011820b86bd8150851027426eab1033a521908181722c03562e39a19af0649ca4102210026e64000e113409848026d40685c50d2b08a6e858182637686088140e8ad2b8c55642725222802e0023d453e3c00909449b53900c3680d0490408006841a8462e74163e2549c8d4e1546073d0fa480eaa90019201fa01e4106059f4ec7a1251aa78c043128000a204639555a45e3933d03,0x5844f199b389ef62330bb7feadee1574b81c037a4440e416e6de4ccefc775a3a,0xa8d294940e302b31750d8ebf084233e26a43ef24359ff1f9b7ae2742a20829c2,0x221ffd9da10cf4a838aae84d855926aeebd7789b51dfec3d304e9df9f7ebd8e9,0xdafea492d9c6733ae3d56b7ed1adb60692c98bc5,0,58750003716598352816469,64332,0x496c6c756d696e61746520446d6f63726174697a6520447374726962757465,30000000,9793353,1674979175,111,16090084238
16511097,0x7cdb311d1b9c4376736963e6314fc2b9be0304dd62920ace93ccddfc9519cb10,0x1d03afeb3ec019ffab01e472095347aab94d17de9ef2efeb68bfdd996697df36,0x0000000000000000,0x1dcc4de8dec75d7aab85b567b6ccd41ad312451b948a7413f0a142fd40d49347,0x1e2b598c4141f4c7ba902c728c873a3f710632444800189758b58804dcd03c60528b41a090ab60091602ba292b474987e6a10422cb1a2841632abf5910bfa8012402351016950d6869cbcae866498f65bc80108e1a480a4902103d16883168f1169084cc039a4093f15c1094a8289829a4d4045e4c4a2d20980400f302aee0060ea347527662214405408f0032188cb638c1a835c3ca1daa4c29a86d06181ba98a89458f05a97b92d6b3c7e04df2dc2c04712ab3e8b4a4cac9f40e123048024457011103045008c803a20d708c530084c7eb45e994fa2f1151265e23e20230402a3c26ad07c0c3d2028e97824829102aa084c151a92a11d18089383bb031d7df,0xc37960d37d920e9dc9290fdb1b8bfa5a3ac8cf3524638b03094a19f0867b2966,0xb9dc42e58cf91873dda573ac8262e4385b4b5676198a519c8afb524234e6e113,0xf302e0a4dee1b66f0c8097a646908647cd3dc4ae277f58e0ecb9ee7538436c0d,0x690b9a9e9aa1c9db991c7721a92d351db4fac990,0,58750003716598352816469,78204,0x406275696c64657230783639,30000000,12881371,1674978635,148,14636858931
16511343,0x9b898df535214f47e046d2d5a7797c5fad757274abd78b438c4404746f43ce3a,0x93a086d143fe40e0f032ff72699edd613a4da30a0822ad546aa88ecd41b9759c,0x0000000000000000,0x1dcc4de8dec75d7aab85b567b6ccd41ad312451b948a7413f0a142fd40d49347,0x1db9710ed7769911b8b03450cf1cfffb146b15469c0b810114090d113ec48c60681d811188a050218c615f3cec51292603817122ec40b8d312bf4203c4be2cb1481ad0c04358cb69ea837088d24075f0d5c4748dc5449f0076ec5ed9a0f279810e1b006442a664c6175d909c1c2469a5e340e40011642645f25850d71a5a46b06a90a357223a10b581f993488b1200776d5e9281df60a4ed46213bf8c2333b248e08017999a7e54b2a9179c0cf23f40cec74a090363ea88ed1b68a56c47e80e5635dc043bf0d44d31401848fc21e745fcdf1e35c9ee8365d0534c9228848e045303a780e09d43a651a8512b287575d31850ac168318c43c470d1d8b8bfa2bce7,0x469c201ee363036e49e30c080d5c78801ef87a6d02c932807c412cb23eabd2b0,0x15de6c6fa31ca558c71256e0fcb9bf4f04c6db54e1589d93ecef7158ebaa1b1a,0x172e5e344621b746add0d83953831e0187c0ea67083dd19e7bc0002fccc7e2a0,0x95222290dd7278aa3ddd389cc1e1d165cc4bafe5,0,58750003716598352816469,54886,0x6265617665726275696c642e6f7267,30000000,10386551,1674981635,149,14641517650
16510968,0x17a86af2a056d898834e95ee2aaf38a1277ec154f9d40f63a0bd842a2fd59f88,0x2f481638b1535b9bc38dfef1d71a9a6a1fbb4e35daa39ce77f44e45415601848,0x0000000000000000,0x1dcc4de8dec75d7aab85b567b6ccd41ad312451b948a7413f0a142fd40d49347,0x286946c3e5c8904bb32003409534282b10e21632a034620090553a1176923942595c8325802808001449be442e710900a2a19970db46eb012a49101492eaad212812f0126a405c0e7a42d94bc6f54221c80062014648ac508484bf71c881bb633f05d0380316ec5304cc64890892fbb79613025203180c4342500c7109ba780002e323513c1e393115ee6e035bd3228ce5ca600147608c1a52b0ce694290b6849f0a014312a2ea39368295f50c9b445964d190e2b009910a3123431090494014c315d02e45bb18c34830149198e757a0c75302d9183b0056a111bc964881ad126c32b88988840de904979fa0820156330136a1e2e18cc84258b49ba481e55694,0x0159d08f439ee32c2dcf41e28d2d69f64a6c738fc8bdecb04372062c3592e1fa,0x55e65d7ca7ab2ea0c561d9c76e425760afc853c8f9bc1e3b4e9e5e7b6ecf1b62,0xf96d38ccd645b312a624d84affb3acf1925ae6b6ec1796e9655b6687cc18692d,0x95222290dd7278aa3ddd389cc1e1d165cc4bafe5,0,58750003716598352816469,77580,0x6265617665726275696c642e6f7267,30000000,11426393,1674977075,113,13066269166
16511143,0xc01b04afd0003f314ac7c1f5dcec636aabfd1b7b1b97ed708601e0e996e9bcdf,0x89adb86b0b6989a9126a41b13e66ea7c2ad2da2f3518082c7ca6c2b385fdba2b,0x0000000000000000,0x1dcc4de8dec75d7aab85b567b6ccd41ad312451b948a7413f0a142fd40d49347,0x0d6853587039e1d1104b18d1901f623990c21c691b863058653980406050d5e2c103479280405f0d2f08f58ce28811b1b78811c0d80ae819a2491096f025a7381c46d0bcc440184e2907ecdedc1d892280a00101a244090406221d9088034f351e0ac068271256226f9a18ca4478c8734a202878d1184cd0a21704d69ffba478089243032283bd07a465464a01b214844622064397c8c9f84ca9e27805f21b38af0c8d4c8f02ec3b90e482e790a2c4885768b822588a1c920142d452404566d54f31121244802cda52000b0622029721442443f69c8e50d9693e2a03983ce101283ae7ad824f0c2440dcbea24f4185a083143311a38834c8a8890892b80b1a38,0x7d02ba2a92c3c50bd99e8d1896b59b3af163e278c828a4d615d7964d0192f21a,0x27918b09a326d8a3de1a95c2c132dbd426d14a3ebb02cf25a15b723cf63c2d01,0x06d0f4ecd14d8c0830feb9535ddc4360eba3ddcc7e15c732642fd87bc3d87e47,0xce0babc8398144aa98d9210d595e3a9714910748,0,58750003716598352816469,59905,0x7061796c6f61642e6465,30000000,13097767,1674979187,136,15391955998
16510969,0x3576197d58c1c55a550ecfc04cbeab5aff6fe61344195920b173d630b70247b1,0x17a86af2a056d898834e95ee2aaf38a1277ec154f9d40f63a0bd842a2fd59f88,0x0000000000000000,0x1dcc4de8dec75d7aab85b567b6ccd41ad312451b948a7413f0a142fd40d49347,0x0e630000108fb0346f0a1098841d627a451c715fc4831e08d02500f12ec25d215619770380247383f2a20e0a885419112e19884288c2ec440a89920310aebc1abd5999556681cdea2a416bef5f308636877085e2096d6bd56c093429a08c38519e61d85003b26f92ba8846802930a8e58400c203845c44201820085de1ef49b1b56e9266e63e0e1c00620613204206e5240826a17d488a5f226089d3127a3744ca3c2508940078c89a1c49a4456aada034e510040584a7a2084c8a810aa4830c3e12251b010148db4060843038560d37e04122de9bc886d856e9280712b8e840327ab0c8a0ef216ce38728a4802bf3634396c36a98d8b941782109c4b11b1590,0x509a5ba787b1e42eab6d3a5af8cc6fc5c5b7730cffee108081c24a18ec65a244,0xb9a1c13d41c02068eab6591ebfe9175483ae695fbb4250d89971d074595243c6,0xc1d0ca45df74d0c473645803a0fc06f23382cdd6c06952d8c2250dc7c9693b1d,0x229b8325bb9ac04602898b7e8989998710235d5f,0,58750003716598352816469,46680,0x492063616e2068617a20626c6f636b3f,30000000,29468547,1674977087,95,12677154909
16511098,0xd2e66bac2a840be96534ba13ee37576598aecfae845fe9fe65a41ea885906436,0x7cdb311d1b9c4376736963e6314fc2b9be0304dd62920ace93ccddfc9519cb10,0x0000000000000000,0x1dcc4de8dec75d7aab85b567b6ccd41ad312451b948a7413f0a142fd40d49347,0x406700ac1083250c632e4ea3c004326539ba41d894ca246b4091c8cbae1044b3f0890e0c42c3e80446002388ab104986632346a28812a012a269040a19b86f302042cd0a423559a869606efc261800ec82a1420154620869200e2c6480d661095244104072074063081085cb1080fc71c40140e1c45a0e7c8b0409d300fd20809e588064925a0b0514d0eca033928234e0c40e23290050899117c0400d1016818fd8a301c2bb6a18b09a47e6807fcee0244040d27822080b01043a4a22c14244c5583307c53c58c051316b3061689ad75107224a17ab241931130d23aaf0a40390b5b9195820c020114706682c419410a6540131f22848e458700c7280d87447,0x8b26f375d4e822c2ee24f65e6157c1122b6b88f19edc3050eddfdd771a88666b,0x2d3cac1f73e3282da931c85bde906283a2357c103d7d72ec71bcfb0fbf18c2f5,0x3928e0fb81a3a5b3a2ddc95cd365cc210689e0811869451737baacbbd2808de5,0x473780deaf4a2ac070bbba936b0cdefe7f267dfc,0,58750003716598352816469,51284,0xd883010b00846765746888676f312e31392e31856c696e7578,30000000,9376090,1674978647,121,14378441650
16511344,0xf92b27d20a50b30bc192e23b4bcc41f45735e6b0f58bb1cb60b8cd48589f2e8a,0x9b898df535214f47e046d2d5a7797c5fad757274abd78b438c4404746f43ce3a,0x0000000000000000,0x1dcc4de8dec75d7aab85b567b6ccd41ad312451b948a7413f0a142fd40d49347,0x513c4148a010193d10a086a285fd0be320a1202b0908000258bb201c5c0c182b1039210100127803425955c16aa4011f03410232c906389823614b3c04b22e31118fd6f9c80449886a935d0ad6f1f4e188cc62e5cf539f408c208d8799e86527164a090c429e7de808e68b8100702d491e0006d154b124eb6e0d0e5b238c533443292f550e6e1302256cdedc41900a25d715c827d5754a9c4420bbc2671514e68bcc015b03266c83ce8361f80d32b58c24d524413d2a82e28c400276008c0965902884c2066123512a5148b2823f50f0f9e102e2ea9a30de82363de22b90b70600bc754d3f9041038d4e58920517f8a98321940812fe03c26841f9068106b286,0xd078e87e7779f630279230cc5563177394fc23d6a9a30db0d5888a74abab3eb4,0x5548ea28e1f937b63091f11c032c435b327c73d9ce8faa68f67b58288361d9b0,0xcb5f5d879df37426d1ff0c8d08eb697194df0bc983201d18ad91efee661db499,0x95222290dd7278aa3ddd389cc1e1d165cc4bafe5,0,58750003716598352816469,66137,0x6265617665726275696c642e6f7267,30000000,26387688,1674981647,90,14078618526
16510970,0x77d6506441f79112f1c34a9874ac8d787e3248c92a998c209c77a0baf2d21f46,0x3576197d58c1c55a550ecfc04cbeab5aff6fe61344195920b173d630b70247b1,0x0000000000000000,0x1dcc4de8dec75d7aab85b567b6ccd41ad312451b948a7413f0a142fd40d49347,0x042d11630522ac86aa1801c088160f796119b989800269098c7fa0b85528c720500ef710a08882c34089cf0d5f1201c387010c019aa2f085d648211118be6cb17998d1087002a81bea6572cdc5b0c9f5c08e2c411f449e5d00219bad8f637e11924946025aeae35e23a3810556603c7ef610910b815caf05425749d75ebe1e6ce3338d4f6666116fe4446c75881042a464b216872ba6cae8650588ea60911af69f1b05839d2266088c8245a0cd2baec136c486b89411b192a1700f066a2c6c10714843332f12c6c80040859b108760a04cd48e6399aae817050e39927a0864150954740995c0c440c1257ca60144b8e880f3104187fb8649495d287cf9c4e496,0xc08f2f5cf2d79399447d3a2deff5bf945ded711ae16e84f0c5fe9054f90d9fad,0xe5efc6fd51eee6ba88e1d882d2c381f9b79506349997481bf05e6219cb389e09,0x66a75e28ca3a929041ea3e7df26b340b80d3dab6761bcbd8116f328dc7d30c18,0xdafea492d9c6733ae3d56b7ed1adb60692c98bc5,0,58750003716598352816469,186628,0x496c6c756d696e61746520446d6f63726174697a6520447374726962757465,30000000,12986023,1674977099,135,14205655005
16511144,0x60ad47447e97969883e2741b17d38f5eeb9efb65c7fcc44ae8d919ccb8b922b1,0xc01b04afd0003f314ac7c1f5dcec636aabfd1b7b1b97ed708601e0e996e9bcdf,0x0000000000000000,0x1dcc4de8dec75d7aab85b567b6ccd41ad312451b948a7413f0a142fd40d49347,0x1a25c081c081802c2c501048c0141370024ad4080280245c4901a8c0c2845556f0172a2892011900502a03385e5845240391c2549b302160a10146099cea2ab45b0214900109786eeb0a60ca5a81306140800122114a5e5004c2b88a8c48197b160201808a52d5978098106800080a71ba06095851ce04629308805018cec280060020ca36026bcd00482729998205356c004d1321428828a0006448813250ea9fd8075ba5a461020273c3c016b2b44ca4d629500081a04255530a821050528003129202951128d2000306528007b6b5d04346515cad201153b039a3a82c2260203ab89800a84702228402c623451120c0235f41100883660a010c04b0134581,0xa4cde9230abc6c0b604b5d648d58d62a0c41a4735bce235df421c7b9121b957b,0x58f4c36c7ef3efe6451f25816be18060bdfae18a7a4dca7bc3f3ed0e7ef7f709,0x7588026e251179b5cf2d523e03a99fa35843ccfc75d45ca7008acb9150b2968e,0xfeebabe6b0418ec13b30aadf129f5dcdd4f70cea,0,58750003716598352816469,41562,0x68747470733a2f2f6574682d6275696c6465722e636f6d,30000000,9023061,1674979199,100,15147963610
16511345,0x28f9ce6c0c22d831ddcca7ff0ed0ef5725ac7c66b89f63fd56d2af23db15c57f,0xf92b27d20a50b30bc192e23b4bcc41f45735e6b0f58bb1cb60b8cd48589f2e8a,0x0000000000000000,0x1dcc4de8dec75d7aab85b567b6ccd41ad312451b948a7413f0a142fd40d49347,0x14211d0946c0b84fa3a80f9886828f7ccd3960104c000a43049996809432443087054b80c49022a400433a001c1201378a033560ca4969aa23040699db2ce00004c0e059c040d7ed6a0059bc6254c068beac0b510fc09cc24d206223882c2803820d582002330dae20f40cd2182068e5c0c9cb2090104c0180043f50000b1385119830c6124a31d5d7784590204696a7f1000081edaac8cc102a7061083671308f8c2121d0a2eac598145d9f04649942c580c00d04b848c620404a10328050628712bc4b099868ba2821928fc0041c2a42ed20ee14ed0e592d04c8226491a6505cb8e44d38951f08601963240041107487714dc4208b21ca902d0c4490f59405,0xeca0b9dd4837effcf40adeb7ed21830713fbd20de1bab8308807660c311ff18b,0x91fd0f2f8dcdcb3f2289a95be3099435a4dda3b9b32a889544c08b07c452897e,0x909349e02858a3afcdc810ffe5c809c6a781d2daed4ad7fc61c0855fbe60ffe9,0xfeebabe6b0418ec13b30aadf129f5dcdd4f70cea,0,58750003716598352816469,45123,0x68747470733a2f2f6574682d6275696c6465722e636f6d,30000000,9401701,1674981659,97,15414642819
16511099,0x7ef708747bd2d81e85ca4aa763f5426ab1595cbac9c885b6f87441439e5b5bdb,0xd2e66bac2a840be96534ba13ee37576598aecfae845fe9fe65a41ea885906436,0x0000000000000000,0x1dcc4de8dec75d7aab85b567b6ccd41ad312451b948a7413f0a142fd40d49347,0x06e54571d402098424e8522082802ee89625c0d29b108014a499339004ac1e35dc074704783b3623c8120b00691fc53743211446882363b0960c021190fa2d263a600590d040ce6da92949c85c1c2c2882b4289919da1881d48088548cccc023170410b42ed64d4d8324940418200ce9e33859200b7544999200e073829e8c460e0aa57ceb2a500450690de900028224f00e94432fc0851a000e11fad0bb12b49f5a41c9718d6214c7b147e40cbacdc07c79c21002e8e9cad1631c3249800c00c71b104a07e158a126044c25b2a4724a42db424118eb84551b1c09fa83a8e8481e93ae89819f01883b0fa6b20c09d8089030814002c9014212442930fc855dc3,0xa57408dcfc1b46ed70753901df3857fdcf4994d334add52f5531b1b589bfdb6d,0xf0182f6db8358cc470c4ea5e114dba3b8921a790e7e953fa780575776041130e,0x0062e46b72fdbbee2e6fa749a5b9326dc102e21638225cbe627dd147938a46b0,0x5f927395213ee6b95de97bddcb1b2b1c0f16844f,0,58750003716598352816469,61636,0x6d616e74612d6275696c646572,30000000,12139735,1674978659,131,13704582802
16511145,0x9112ebcbdbea84ecfa2d59bc7ae8f91250aba86f1f278ed01cc8e04ff1b29a3e,0x60ad47447e97969883e2741b17d38f5eeb9efb65c7fcc44ae8d919ccb8b922b1,0x0000000000000000,0x1dcc4de8dec75d7aab85b567b6ccd41ad312451b948a7413f0a142fd40d49347,0x3d3cb1a33717f1deb861537ce6fd163cc80b791fd88718053fd57820fdf59661dedc5521e22b718812243d507ec3876193007acef9beea33631952309c21fb3d7a1a863afe72c93bf9f3eade774cf0218ede388aa64c2f4586443ec187177d8d924b04190b36e22fc1fc264e73020ffda7f329f9e659a785d2371edbe4dabd85b7b02351e3621f651ced34910fb4977e9e846d91c5671d5cce2ca47b0f345694bf6819c9af036a12a65ec2f41f6495f46a812a725585b673d0ed3e6615dc475f6512f6f21d8989c2c408c332c25c862549191aeb9488275963292ffebd242fd2e138a89e08b345f956ae9edceaa71fa9d3200f3f7238c45ace5de9f7b7a25ca2,0x81fd7429d174348d4116d6f69e459f54699d26c049c521f7bf32baa5164942e0,0x984d6f8b22b70830597f268dfc11792decf211c785aef82556f7c36cc7561a1c,0x47adb093e0dd9732c6a2bd3d26862811d878f41aac28698321926dae6eb4ecdd,0x95222290dd7278aa3ddd389cc1e1d165cc4bafe5,0,58750003716598352816469,143288,0x6265617665726275696c642e6f7267,30000000,20373717,1674979211,262,14393476490
16511346,0xee65a4483d5bb72a688de3d80d30bafc65b0ddfca804007c890962d9080b18e1,0x28f9ce6c0c22d831ddcca7ff0ed0ef5725ac7c66b89f63fd56d2af23db15c57f,0x0000000000000000,0x1dcc4de8dec75d7aab85b567b6ccd41ad312451b948a7413f0a142fd40d49347,0x142943bfa2b0bc6fec7c030280111323395d3601445d0c3001930084f606110c160a0360a018cbc31649e5082a0011ac6a9938689a82b1924f188626f03a6990458cd330408896f9793253ccd3525a62d4c2a1ec0e465c1904b038c9880da82682c04a850e1744806688101120f8e8f18be80ad0413614c4860478f2aa491e170380b3442aeb6466966bad10d203677c34062c373374225da42a0178407489dabbd8c19398c6650689ebc7c28da2a8454d44fa27246a220240408a573480d500167cec0690944bbe14149480245475aec050005351f9899914349d22b939b07800b8a499292cb944080b2f111fd71ba8e9106b6043cad8f6a0c45dc0cb2b6c03,0x78fa93f3ff67770375777472f89ec8753233b2e9857bdf7e4b3af70e6aa30030,0xf76845db2d98cee90a20908e72db65aca4425f7fafe6b7cb4313a31beb9a38ab,0x8f34d910d69ee9e9ad2be4d9d210c3fb61f557b1507177d092dbf6bd0df32afa,0x95222290dd7278aa3ddd389cc1e1d165cc4bafe5,0,58750003716598352816469,86127,0x6265617665726275696c642e6f7267,30000000,14171517,1674981671,138,14695511324
16510971,0xa3963dcec205eb0bb6317929065e307274d50eaa3eea5417648a38dce59ee377,0x77d6506441f79112f1c34a9874ac8d787e3248c92a998c209c77a0baf2d21f46,0x0000000000000000,0x1dcc4de8dec75d7aab85b567b6ccd41ad312451b948a7413f0a142fd40d49347,0x1e254541655d4127f848c0808d963931408629870898422092900140e4228c7708d393060430120040327a0d003041304bc17128dba828136f18a252d4acb4112ed2801978c8494828c2626d6d742178908800147a44280114840d4299c91cab0e48c08082028ae340c85080f9a0eb152312a070e1f03400007040115c1862162ae9b359fc325a2c8161e142670301b60618938181460eb8c22820e2627010049f882f6be8c16a42243e80fd013b049b85510010201424420023600012bc00a0871110220c2008d81c46204400a421e06a0d9bc1a4888c1c09a438d6a810e91675382449a9818b46928cd694a60707a12579bc8242a82c724e050844f02c5681,0xf7bf2f0166a6972cd5f82928a4eafb5d10f745e72d5420e0b687952ce91b16af,0xcfaa123d93cf9edfdd66aa8940d436fee0f3fe5871669ef9affef0b42c1665a7,0x8e08893af11550cf456928112e04406fbf3fcd7195b4cedb2cb8f346fca9eee7,0x95222290dd7278aa3ddd389cc1e1d165cc4bafe5,0,58750003716598352816469,69120,0x6265617665726275696c642e6f7267,30000000,10511184,1674977111,99,13967239485
16511100,0xa10ed36e7298eb01ca6b6fbeb5bf33b4630234bc59aadf9ae4ea4f9b9bca0b14,0x7ef708747bd2d81e85ca4aa763f5426ab1595cbac9c885b6f87441439e5b5bdb,0x0000000000000000,0x1dcc4de8dec75d7aab85b567b6ccd41ad312451b948a7413f0a142fd40d49347,0x882c821498e3db6971507483cd5913ba10e57033c948086c11818148669e9730ea8e7301cdc30ae76c317a0c5e0d69e60b085deb9a03bb682a7bd4793cbfa86058187557df41bccc7f9ec7f8cdf29cfaa04ab0255d560d7368f33fd6f254eaf4d7cc17a12e87e40a4c9e0b900205e97bb816c2e9f0d1a428c6001ddf9e9ac4dd8f80a31aba3a0505d6d5b6823330f3b7f55098c7adec2ec8ef21c8719bb3d6459f0ec74f8d69e64b047596e164babcca1f5426452e40a9d219cb0fc6c01091754ed09576c10b4cdec44aa76e3c96f1f7506d925e949f09f108a9bc034ec8e2ac897bbdadc1186212778cf7f685c35de0ce1445715a5832491bedaa7ae1bb7129,0x0f729571534167e1fc2d6a7546249d5af73bca8c49ec11b42acd216abbfcd552,0xd899c9daf273c3234c081ec6ae6f37cba81c2b766ae7baf3fcd710ee5b8b4180,0x0e24d1e70e91d531e7cee94099151a349d5e46d92fbca7b1527f8d6de664b12c,0x690b9a9e9aa1c9db991c7721a92d351db4fac990,0,58750003716598352816469,49150,0x406275696c64657230783639,30000000,15889726,1674978671,127,13377926648
16510972,0x077ee05d0bf94897ba4507d3129df30c8bf6d30ed32e511df0d207a3d44a6557,0xa3963dcec205eb0bb6317929065e307274d50eaa3eea5417648a38dce59ee377,0x0000000000000000,0x1dcc4de8dec75d7aab85b567b6ccd41ad312451b948a7413f0a142fd40d49347,0x5029e63763589326322886c0ef3594ab9417b964f41ec02240530025fc59940c60129345d109572b0400cf4cde8d1931c7610986ba1265116409e10025f869292920c0735056d05e7a0143fb4321816aa050b08a13510a590c8dd172b82d083ee309c4e81293430280bc1489c160abb6ce0eec3c8754360892e256914c8bde2d04a82d49a4e63b14b66bcea38f0250271c7404890152121a1e082ceb033892259b8f253330e062c3d6c1c08dcd60d68c2fd381608a8894af000f3f5e9b95805247a478462c0594f5ad60988364cf16aac36298ea34eaeb13836cd99b89d1fc0050beb3898548084201c13e1794151d22ac2ae505592c0a527a0d7856e4d046ef,0xdc389ce9eb40df5981866f85f8a2f0d593ab008e81d4667f30ab7f28627258a8,0x5e9fc7f5ff6bc9865447a5f11c025fed081cb040529defcce728c624a1b0e032,0x5f67698091ebe0a11f5a029d46491bd9a2905ac06642cfbf886334df562564bd,0x95222290dd7278aa3ddd389cc1e1d165cc4bafe5,0,58750003716598352816469,78511,0x6265617665726275696c642e6f7267,30000000,13416170,1674977123,130,13444769752
16511347,0x941d2f7dfafd9f10365450df3115dcf6258243211b0e0a83d5b9e92ed92bfe96,0xee65a4483d5bb72a688de3d80d30bafc65b0ddfca804007c890962d9080b18e1,0x0000000000000000,0x1dcc4de8dec75d7aab85b567b6ccd41ad312451b948a7413f0a142fd40d49347,0xc8b9213b4290883a78300004bd0452252d2f44894e01201570439214152445a25c190712a0a00108a24132aa4a0889e406a02400c922a9000210e20312a631918a80c140c009599c6ab276babd1069b19a802498a5459a4114010c888802a913063889a6029b08061a7810002834ab63a000a4c0a911a5acfc00d75b81b933a40aa5e6928202890400ee0869811508a7208109f9cd428a196933995580d020238aca8391da806049dc1844e1c502bc022008425cd03ac33340dd1aaa3682229347408203a51a0e401b0088bb081854c76d7781689188811817d5ab821cf0e14621b3a81b2a146241081d27a642191899951c4902d08802c861891c099b01b607,0x35b2419bedcaa9bd06e0bde12e405ce751eee3944607cc8d433ad2e0a4814b63,0x4e3ca9009a47cf4b46060fad204f2d80b490092fb83c568f7ea450630e6fcfdc,0x77b89cd66623a3efc355cd0d422f11c324b04ace7ce17f60c7cf8b8754351d83,0x95222290dd7278aa3ddd389cc1e1d165cc4bafe5,0,58750003716598352816469,62319,0x6265617665726275696c642e6f7267,30000000,10329134,1674981683,112,14594053147
16511101,0xafae979a0910824eb5859c1b17cc3e6cfa7d7cafdd33f7efb5aa55994fe228d5,0xa10ed36e7298eb01ca6b6fbeb5bf33b4630234bc59aadf9ae4ea4f9b9bca0b14,0x0000000000000000,0x1dcc4de8dec75d7aab85b567b6ccd41ad312451b948a7413f0a142fd40d49347,0x20291902c400c044a0318312c0c0232900d2340aa0001811000d804466002060100b0002a082c78071419180ca048995830700219b013512504078b9127ce00a8e21401881010f2d6bc362ab471a602000802000026c084002801a1498000c250a809414428a411202c409110000c96880000860859026a982380290088b4004861001525842100703404c481032a670e030a1412501040e448900c8011084029e3c61a70081f833fa20c0a10c3280200cf028011804c15228ac1e2200a340641104080204b558c860040206220620a244c884c6d8aa4a1101ac9e2a092821400a30210882000408030c92e8901392608428010f008e1246800ac890c1c1c448,0x7e4cc56a74cc3a54e0b95a423a8b78e3edc5a0cf1d566add246a6aeb5f767f29,0x2478b98b229837d395c3da55f44a9ec0e5bd4316a72c3e6546de2399021164d2,0x162209d514ca7af290cc96a5d398a3aac91e69ebfa7f0f7494ac681960431f9c,0xfeebabe6b0418ec13b30aadf129f5dcdd4f70cea,0,58750003716598352816469,42702,0x68747470733a2f2f6574682d6275696c6465722e636f6d,30000000,7419058,1674978683,88,13477115724
16511146,0xe465858f6731b58d3fc4a33b3d74c851e6fe1e62ee0459aa8b60e11b726eec67,0x9112ebcbdbea84ecfa2d59bc7ae8f91250aba86f1f278ed01cc8e04ff1b29a3e,0x0000000000000000,0x1dcc4de8dec75d7aab85b567b6ccd41ad312451b948a7413f0a142fd40d49347,0x20e3248424809d2a2388004c8d342630709234dd090d101c000322163c0c85212c46363042ab4d004600834f0e0401108a051204a852683126e8510119286062d012ae506168101c280557cf453409a8c090500243a83e0e003f7355845054c116c28a200a034df8225e4826710649f2dc0240972ad860fb820e2a922288112609b08955820b120d95615f448e03102762282485097200582570446834910aa48aaca73274b862760ea8d1a5153080020402ca02a2084906cde01c5760101035a340220204012891006002acc95c56d940540ac058aa4a1301691cb40012ea081572390c804629f0408956c42ab71009dcb023680a0a144609084d32b79564ae,0x914abe772caf6ea697dc003788a260bbbd33d97df80e331b3b99dc851b0f6f76,0xdd7e917c71d8dba7357a268839f26d3e77f8fbc4aca63eb30351ef4472ebb914,0xa5d79e2430f1a5646ed14d2ecb787307731bcd847c8b950cc5f60ef61d00b61a,0xebec795c9c8bbd61ffc14a6662944748f299cacf,0,58750003716598352816469,45776,0x506f776572656420627920626c6f58726f757465,30000000,9150691,1674979223,133,15038030400
16510973,0x912ff103f07e228a597894e8533a2b7ed45ac07a8beacb998645e2933c6b7efc,0x077ee05d0bf94897ba4507d3129df30c8bf6d30ed32e511df0d207a3d44a6557,0x0000000000000000,0x1dcc4de8dec75d7aab85b567b6ccd41ad312451b948a7413f0a142fd40d49347,0x082980009142dc62297c0400d0001139040332648cb21c08c451a03a0c321040129a4311a1085a0102089e505b018100ab0388288b98f8494008c1118ceeb1d03042e11452024b1cfa4068ded431852582800100126c8a0189068824d005aa25174d60000213c21220c84e0069c428a9ca10074881408458502c1018128f188a8a308b63eb02893c04c8c5023b1040c4240c240999009c4a4840c978015013209f080133612c6d6c145990b43cc3a40166a5aae05881940299e3be1e000a44108811e182e410284aa40890121c567925406406d0b28c083e01c329930608e020a01b308908050059a83cdd08010319aa0464c1069418016080140948d3230421,0x61a8f1003742c6b1315d58403edc0c34c02dd6ad242fea735b16463024bb9355,0xdb653a9c54d3ff1a513f338ac5bbb87ba0c6d5047c9ec6f332f1662844b023f5,0xf769827c5439b499ccd910f025ea10d8ffc57c8fc5b1001a45f4ca14e4b28753,0xdafea492d9c6733ae3d56b7ed1adb60692c98bc5,0,58750003716598352816469,53685,0x496c6c756d696e61746520446d6f63726174697a6520447374726962757465,30000000,9567685,1674977135,105,13267317839
16511348,0x9effba81dfbd7f62925b4300d3fdaf0e11e5a509ce42c959aca5ae3e584d5644,0x941d2f7dfafd9f10365450df3115dcf6258243211b0e0a83d5b9e92ed92bfe96,0x0000000000000000,0x1dcc4de8dec75d7aab85b567b6ccd41ad312451b948a7413f0a142fd40d49347,0x2c611348b3083c0a7978b2909d11b32a188f6280a931ca14273508107b7892ff58c5a504e117f8ea4141b4f12a1825e43a4119d2a8c2b98f33c22ac256be23e140e2f4f001c2d988e8a3f9f9cda8fea870ead05454453b937d835c4fb9c2b8f1ce460c38934b60938186c48d066828fdec3cccb3e289dd51c558bc9b8c489b268ccdbbdd2726fa4cd1686b55e4b282f5efbe8b83ff0c088a5427f8d4601afa078e6c8364ca8a6789abc155e52d369e6cf72ec91421b0a36640f92c9c5460ca328325da2a1d153a9ec9894c4a888cf0864c61f0c0b8ab86194bc54d020107e74a5439f19a48010a440cdf86db91851a79e7476100ec88c15818cdded0a9a9b662,0xcd73f18a23863aaf4c2ac939eebab04cd178b87357f06cb61ac9a44390e2f279,0x80306791e627e2a9ddee176ce0d45eb5c167540272e90bef30b9bad252c69dbf,0xd4049383995223a4cbdb544b9599d752962fce6b78a58611db44f6deea03324c,0x4675c7e5baafbffbca748158becba61ef3b0a263,0,58750003716598352816469,39465,0x506f776572656420627920626c6f58726f757465,30000000,15783336,1674981695,121,14025995925
16511102,0x21c4c873953ecb4c58ae2d2c26e6541cc39756ce4beccc0c6638926ccff114ce,0xafae979a0910824eb5859c1b17cc3e6cfa7d7cafdd33f7efb5aa55994fe228d5,0x0000000000000000,0x1dcc4de8dec75d7aab85b567b6ccd41ad312451b948a7413f0a142fd40d49347,0x2eb88318a9c1930e20c01144b0300ca50f42180088d98883024501189ca20a40402440203050400d22013d0819408304020744820a28a05a0c01520912a4a0001601241946a0992e28012088c450002c809ca0089150121450208830b8e62159cec248a0265643952181803881104c730e01870188a8072c86221c5280ca60beb0616e12090e014c4061154021c292b5c42250816503946c186602c7411108788b59918ac59f74202a014aa00822a00223929c0a14e002db00723a3e10496334d6c2898a5430c0d14801cb9188da54b310b900c0b5a8663581dcae0a0500f8403036b129a94186085a081b17c4533421e1b51b60002a08d0f9051d00700108a3,0xae593acc9f282b73c35341df69e5f58b841171335c2734e400615d0fb1aa6852,0xc3c958e0a7afec949dd2efbea64cd295be8c2b82ad73a375d132ec5d41d5c27e,0x1a6ef59ab558db67185e875683a661d353aa2d9ff91157e41f5f31805cb8d76b,0xd2090025857b9c7b24387741f120538e928a3a59,0,58750003716598352816469,30199,0x6c6967687473706565646275696c6465722e696e666f,30000000,29986514,1674978695,68,12625705453
16511103,0x5451ae8fb0b69b0ae01dc5616d5ed794e8dad29757ff37c52dd14686f88cae55,0x21c4c873953ecb4c58ae2d2c26e6541cc39756ce4beccc0c6638926ccff114ce,0x0000000000000000,0x1dcc4de8dec75d7aab85b567b6ccd41ad312451b948a7413f0a142fd40d49347,0x286939d5019bd5a5281304a284b313e14066943085526a21061d904004216328532b4300c5d70cb9494abe304e54a5cd47410600c980a99336c893a2dd286b0228035ef86565f92ce908c5f864f018b693da34ab1c4a1a45365278b08b03511b1e3129c6422f47958903d3b2c964a96d2496d254011114449108379220aaed8406ec4b5c642a505c0550b561b503107e1131b0e1f10887bc8f49884c003c93038ecc256fe592e1aa30a4c7f03aa3a7c617b002a02d10818a4de87ed3089cc45fd3304626542a0ace99ec9010e65e1146473962d535bec959d91c186e1448a89c1496312b90a374e4301e56d03481b608861021a033082054022dc819810d4542,0xeabafa6cc208792bae32010810a768b4a8839616c6a3118eae3d5ae8fa1d6af8,0x8e1b87750e84ce03056151f556ddae98eb03bee979fb73983e03c1df428d4fed,0x5f96e9b097983361407e875c5b323344a63dada2f5233f9cda0efdf59b49c258,0xbaf6dc2e647aeb6f510f9e318856a1bcd66c5e19,0,58750003716598352816469,99789,0x4d616465206f6e20746865206d6f6f6e20627920426c6f636b6e6174697665,30000000,15757907,1674978707,160,14202499715
16510974,0x4b6f45c789be0d392deeaa5f59ee0a71933dccb5c8b9b7945ae42a76eef6a655,0x912ff103f07e228a597894e8533a2b7ed45ac07a8beacb998645e2933c6b7efc,0x0000000000000000,0x1dcc4de8dec75d7aab85b567b6ccd41ad312451b948a7413f0a142fd40d49347,0x142102a4802979090c4c44eac4050560181c30001400702300a9856c0c0c30620955c6c7c20f80305000f4bce2800103f300a1c248401020000006090ca82680aa84881602c0914524c5402ee428896221c0200009c2324040b20e71821308010e424110024242caf28e04d00034a801877004410014a5114020055590c6a9c4020d8042a066004348408420800a0263b69304071058c05d440c43438230b0849b000359410049e6880219a8716723b0850000d00204225e320062908920604680a9003200847083a00444340246906f15700cca3908c01001274803d2552ac0085164e9c727014ac8c449e0200100210884052083880c0a40a00aa4025005b3,0x5f47ac957abb09bb4dca9bb763c4286ca361d1bf3948c2a70c2444958af886d7,0x9c5cb15d776c3f53723a4c7f82d1a37db0cdc348c9809c784b0df6d4b1586177,0xe9ff68e89becbfd3fda1bd5f9b2d974d3587f07b7fcfdedca55ac52c81209915,0xb69f8e3f4a4eef5d929de86653ab9768af093a34,0,58750003716598352816469,22387,0x,30000000,27464966,1674977147,28,12666715759
16511349,0xa7eef64a080002d4b75d3471f85658af6ee18a7e009c72b88c404607a2bdade3,0x9effba81dfbd7f62925b4300d3fdaf0e11e5a509ce42c959aca5ae3e584d5644,0x0000000000000000,0x1dcc4de8dec75d7aab85b567b6ccd41ad312451b948a7413f0a142fd40d49347,0x42efd71d571594a8f879159ae68c66a1dd59b8207c1b91da388959188e4e356264565455a581ca4964c5ab9f48a2817d63d158c2aacce23f9e4f46c691ab2c652949d9dda4087faaf921d5aa54922b70d0d1ea30d94e2f222490714389c1ec391a08607607038cea3a72a6d86a0609e9f60a902d5167cdc0be811d733dafdad4da7d9140178713e486494a952304a91f158a18410f4693b8e663766c67db627a9fb8550b9a4deee94b36e7e3005ee488bd80e8e6a0e233b323fc4ed395a849682e51908335820b64406a4407a8945c52d6a11bcb529c957dc2d419fea540a868e2b0b31d89c15249fae55d880965599c9738e1413868234448854e40d14d0d9f,0xe69a999f7e7934b81a3255695651427e88d4e9715e2260466e814e52eaa68182,0x7e860818d5272b0cb0197c6a892b1a0cd7fa1ef986375599c8542406e751ee31,0x9e2b3e85e8de28c84252396a4958c72526479203f524340b43e8bdcaf3d053de,0xdafea492d9c6733ae3d56b7ed1adb60692c98bc5,0,58750003716598352816469,91017,0x496c6c756d696e61746520446d6f63726174697a6520447374726962757465,30000000,28346366,1674981707,115,14117554821
16511147,0x421a3da07d5e73ce885de01fc0bad065eb393a22752f428d7f98d6ca733e400f,0xe465858f6731b58d3fc4a33b3d74c851e6fe1e62ee0459aa8b60e11b726eec67,0x0000000000000000,0x1dcc4de8dec75d7aab85b567b6ccd41ad312451b948a7413f0a142fd40d49347,0x2b29015965d696696004218880204028ae6370d80262828101e11c04bd029d00510e1d2190180e0110a09112eeca8d96a6032018ca4a70152b090216103ee4b02868d010c21418ac6b81f1db4ba02064a4511201c34cfa40802208199a259a0c1a2290b22aa3c4ab90d82c0859000c6204d1d08d0c722c09aab46d7006da00c602501163320a011d0442fe009143226561302f91430aa0895018e44a44d042b5bee8111d18886c094d16c6853a2e9ad1179468617216a1ee5cf63c4e9002a05247002a12451a04c9404019128024f86252481ac214bd00db312e1d32d3e0e46814337b89104a00a0aa3197c2030114a8a0188b0641f80fe12003e8a090c54645,0x3016a57ef8b4a429eef7b1b5176b1f5d1476b4bad5d9d621f822ed883f4671cd,0x40c04fbcdfd154b4968aa74153c40baa1a542327d7c2e36f980c298091e89ff2,0xf96e8d867131801cefb5e4c5824dc8b98e56900d2288daebc676778171b6fda9,0xdafea492d9c6733ae3d56b7ed1adb60692c98bc5,0,58750003716598352816469,55889,0x496c6c756d696e61746520446d6f63726174697a6520447374726962757465,30000000,10780373,1674979235,115,14305013012
16510975,0xfd2a76e659f42ad6401f9bcc96f8730ee675019a1ae6ac6623173623e0114555,0x4b6f45c789be0d392deeaa5f59ee0a71933dccb5c8b9b7945ae42a76eef6a655,0x0000000000000000,0x1dcc4de8dec75d7aab85b567b6ccd41ad312451b948a7413f0a142fd40d49347,0x9cf950f7d1099ba6ba113070e6153a31b5db3516dd86cf3f30f9a242fea47531458dc7c8b46f320912dbdf1e7e491b3f86f13022cb44ff4326da267d5cbc7540a47acc58f7fefc2df9f7cfc94c12ede0c2c15bf1976d0a11ba1b7c369a337db3f68f43380317ffd6e1e3ff8adbc9aa7dae9554c9e93d9663d363d1f1348a4024b3a223562f5bd53ea4ed066701060aa12575d0a5e9ba740e6fbbd95de05f17ccbffb1f6953a6634b5a6cd5f0d2aec7d10e63ca3378b921ba7dfb3efe321a536dd53d5042041d04bf0740db1642fad93cccceaad87deb879b7f332b3f398868b594bc6cdfa9573eec7c145f9197a31fe0e130c19025ec2270f6b9b83cf1e1bf31,0x113001e4d8d99f188c2ce747acc4624985dfae1329077b1178167f076bf11269,0xbc1d0985c8e21617db8a995bda9bbdc65fae05a4487dff6c0b9adfb2d628fb41,0x5cb336bde4220c5cb4a914791bda7feaac1b2c752bedc59fc1ff170028c2ad04,0x5f927395213ee6b95de97bddcb1b2b1c0f16844f,0,58750003716598352816469,131768,0x6d616e74612d6275696c646572,30000000,22139194,1674977159,197,13982467269
16511350,0xb28d67546147ed3c6b85db73acc017d500db18741a9e53be038e689dba87f350,0xa7eef64a080002d4b75d3471f85658af6ee18a7e009c72b88c404607a2bdade3,0x0000000000000000,0x1dcc4de8dec75d7aab85b567b6ccd41ad312451b948a7413f0a142fd40d49347,0x006b050ce000887c524a2000c198292f81213c504000810308c50233952401001808472184825009000296611140016f936b46208a017d005a046012303aa6e10049102045089e8ced16400ee251c02180a500c1464c1a0024106c5188053908aa0818180286c56220843c011025794352c148fc0112050256802d10184b268402908353429a81598549c80013180a20a400002180c05a0c60201e49503432248e88015100024c4b5a8040c00d0034880744782b301aca320141023404a00a000302901ac01102392000280800147222cd5113cb044b181402111b622080a04d0732b049042a32c0020597a30129002400534a000fc818460cc01c0a93933c43,0x8b5a39b8377574de4defed25353affdda294e05d090d8b7c7a224cecd685b075,0x131a1fec5bd85c66dccc5c7550e199365dd8a8a9d51a8b73578e8a9beb005fbd,0xd65cb76e918b7c61bbb47e412ffada842be1f1fbba4e0b33d41252f5a53cd77f,0x690b9a9e9aa1c9db991c7721a92d351db4fac990,0,58750003716598352816469,53639,0x6279206275696c64657230783639,30000000,7494501,1674981719,90,15687705268
16511148,0xa66fbb8ce8a0b4c1eed9501529af7cd300615a5d8478560deb92cab8debc4e30,0x421a3da07d5e73ce885de01fc0bad065eb393a22752f428d7f98d6ca733e400f,0x0000000000000000,0x1dcc4de8dec75d7aab85b567b6ccd41ad312451b948a7413f0a142fd40d49347,0xa6b1180cb334390c3c401b81a6d413e150023b8921367288649b825ef6d09721501f1560b48886bc008cbdf8ecd0e1e58bb3c46cfa4e7af46edad5d344bff024a632f83259dcfd6c7b4b66cb6524b52282d17b42c7431e4927045ed9a8d1dc031e8a08314242c7170edb8ae390290c698e9a42b5825635989f2fced90ec8a8744e39c3d72eaa35779559e653bd2102b764a08dd1d743895ac92426455a1857ee9fcced6bf1437572a8c1d1e087bcad890cac888029a3fa2e5e631b1e8c0e5444c96eca6a558b08db01a9c588a16dd55d66c01a44b5a84995a34cbacb439cb720c4b6bb988684a729c58573b0030f5129c1228fc783ea08ca6468da3ae6097f8f,0x07f923df0e1219a6c4fcb69879745e242842da067471cbf03500a85debb0907e,0xa1b950429e4e33b81759e948cbfa6f5118c5036f968b8b276c20c6350476591e,0x8b99127b5466a3b98b3668dc5b9424d53eae43f432517207af8eb03f27828907,0x95222290dd7278aa3ddd389cc1e1d165cc4bafe5,0,58750003716598352816469,75281,0x6265617665726275696c642e6f7267,30000000,15727559,1674979247,150,13801997853
16511104,0xd78e1f31ce65326278b12de5855d9b9113a0501ac7a59efe33dabda6f86b2262,0x5451ae8fb0b69b0ae01dc5616d5ed794e8dad29757ff37c52dd14686f88cae55,0x0000000000000000,0x1dcc4de8dec75d7aab85b567b6ccd41ad312451b948a7413f0a142fd40d49347,0x4a28060040059282a08002c1b2157a341a220c1018408ad4dd3810b41c1985b29214708ae0db905484000680cbb08132226804408a88bd2e021bc00912e42020c00452d504172868ef1e52ee472d09be0a9040a148460b4115223840ec2478271604143886030a820181ba80024a287ba608d05101181c40b70405d724fe2654a318c108228a101c1d604c0821a04c372d8009236944020d4048086040919304af1b21531a2161361ab7e0ed2232a401436598007304c4c2e9e40818908c011041327612841104d224200462002220744a0002d01c8d20fd4d864aa24484e84a2498303b0074448010052bbe3051107095288102981c3340a22c0ecaf097a00b,0xa94b096feb478807ace907b4a7c04b858e21b46c584edd89f439aa0efc098427,0xebbf942571007001a5e332555a27b161534c861a83189a0447e0ef4a20245a99,0xcd17e6fccee063a983a775373b9bbc8cbe664828c58c49cc53a7171b26b5d0c0,0x473780deaf4a2ac070bbba936b0cdefe7f267dfc,0,58750003716598352816469,61893,0xd883010b00846765746888676f312e31392e31856c696e7578,30000000,10405471,1674978719,100,14292201164
16511351,0x6f3d78e2d5a2b8d760a8de71ff5df78cb7276702a5daba844c753e5ef844ca66,0xb28d67546147ed3c6b85db73acc017d500db18741a9e53be038e689dba87f350,0x0000000000000000,0x1dcc4de8dec75d7aab85b567b6ccd41ad312451b948a7413f0a142fd40d49347,0xf4a4992e6a2a7328ef084880a2a732b34c31692b394c030ed1c51a0b644e4d88398650e8920218490c48670c4f32d1be6be52788db00a114da40461117347a8150855c94c28adfefbb6e53aa7307a5aa981e80d600448a5f04d138dcac5e9d3432d94a2827a3079246c8b0808908bcf12a001ac058d4e653c943bc16894f024457300241a282316601ca8c5593e862e7d4009d1157c1345e600010f4a0100a05bbca0926c04766a85b3b6af48100eec628c8e05060a294ae490b1d89540e0021535b049e85548fdb08509e60ea1e147ee143964151c831540424fdbecc0afb4660f2fb184447832103ccae996da018e8c97c440181a8b652a82c3c008715c0bf,0xe9e777ed3ef80d6250f1cb1733fd4a87ce4e3c4be4394014a3adb87e79807db7,0x973266392ca34e9414ba8f5eecece91b50ea4dc8625d6d6981df87a43f9f03e3,0xc8e82b1c9687fad4a3103c3fb6438512b00805a6b60b6ca331decd8e1534442c,0xdafea492d9c6733ae3d56b7ed1adb60692c98bc5,0,58750003716598352816469,174888,0x496c6c756d696e61746520446d6f63726174697a6520447374726962757465,30000000,21172554,1674981731,177,14706504800
16510976,0x18cf66e38133dd19b15aac9f6b68d4a33d17c71c93caefeada93a7e4c677baa7,0xfd2a76e659f42ad6401f9bcc96f8730ee675019a1ae6ac6623173623e0114555,0x0000000000000000,0x1dcc4de8dec75d7aab85b567b6ccd41ad312451b948a7413f0a142fd40d49347,0xe6a100999d0dac36b80010a4aafd5a25072335115dc70a24601544002ca015a601aa2180cc64920a65b99d8c6e4903032b2b4059ea10a804a20f04330ae828e1e00ac251d3460b293a1357e8c2c949a48310100314ca0e47d455055581c8192a824c20101227462a8594100c82122a7dd678287541542408121b8659b0ba2450dbe1827a2bfa212c804f4e401330111c36201099b329994b4020a86e5a345a30df8b01021b037a88821249ed0d39c6f474c4d017ea02e04a326627aa31881a70550842522c82607a310001000cd908e2e163904815ab081605002b8ee00ae96640bcb088a8801e80065d3d8200b108b805b0c8a2a3ba06490a493861a1379c23,0xe46767514bd6cb32ae4c175dc7af2e6110483902ff0ab7d51d9d18aee405461a,0x2cf18566d8bb4902b9bdf6b31da4cf26c8e21cc1cbb799ff6dc6b46497928dae,0xe67dcdb0ef0d440bbe4e64451be69fe8fb2838e9a41a015da74349b56b0d0300,0x95222290dd7278aa3ddd389cc1e1d165cc4bafe5,0,58750003716598352816469,74083,0x6265617665726275696c642e6f7267,30000000,12949311,1674977171,133,14814330155
16511105,0x20c05a1c9d1985d42319de01b157f924d1c68d0d109717aeefcd63f695c072f5,0xd78e1f31ce65326278b12de5855d9b9113a0501ac7a59efe33dabda6f86b2262,0x0000000000000000,0x1dcc4de8dec75d7aab85b567b6ccd41ad312451b948a7413f0a142fd40d49347,0x802d0005840092402000c000010400288000080800000000408100000c00000000290000800004002020040008020440820010008c020008000100102020a4001850081000000c002000c088400004009881448002020a00000442000c00080012010c000302824a10400c000241082000002000004000008801001104001066200000000012020c0000108000100020030002000800800008000000000030408a0101804000480000100080002484100182000005000002008009100080000000000002008000800084000400140082244822c03088001100042a8000002000a01021280040002080040768000d1021800009000008000000a0480220084000,0xc145d04724d6149b42845f5c1c208374817ffbf70305d8ff18022894ed8367e4,0xc6abe2e64596d69dd2bedebb2daa0be06d1f165b9a1835ba4c9f7fc5ce6c5383,0xe75922d705e8fa37999b52af14ef2ff136b673e28d15e3be9868361dfba75ddc,0x6ead79c8a48374a697f3d22f165d428f7491677d,0,58750003716598352816469,19558,0x,30000000,4128546,1674978731,37,13744985058
16511149,0x2bddfc0483243e90487a623b4862ad18837f0d3cc9ca0afaa30add4bbeb1fabb,0xa66fbb8ce8a0b4c1eed9501529af7cd300615a5d8478560deb92cab8debc4e30,0x0000000000000000,0x1dcc4de8dec75d7aab85b567b6ccd41ad312451b948a7413f0a142fd40d49347,0x342954c000018f02b90800448400c029d402184809042909888540030780608668088521d509080240006f284821018902893c448e00b088100844908ca860e18010403220240c1dea1541dea48c0660289200927d43484128297840d864081d928708604a06486e22891000380028700a040010198005c081011453c5da12144a82c14028c2100501400420438080a684618201015000c882000848003412418f4c211b8282e53b929162a221a29060040144002003040209f31cc281001a70a140f1b3002000c000608040080010b0442d824d128a1491001f1c0e00316420101ab0480224204820983f0005101022856625801c1a117804041a4183085480,0x407f8305d539941bbfb6d3d1b063c7b0fd8a3438a0c9799bdeca1388ae3469ef,0x3336874ca74c3b217909966390dde2d33eaad072310690ba2f7609f3446e91c1,0x2a3a94e19af374e328667580177997ed952693e494964ec96e690cf34c438628,0x10324bcf9d983f03223bc711a691f0bd28ba9c0b,0,58750003716598352816469,42361,0x,30000000,8202413,1674979259,92,13885679250
16511106,0x1700abe5f075f40dea8d8db4fab04c071a90e0845e4883c9d83055b22050c385,0x20c05a1c9d1985d42319de01b157f924d1c68d0d109717aeefcd63f695c072f5,0x0000000000000000,0x1dcc4de8dec75d7aab85b567b6ccd41ad312451b948a7413f0a142fd40d49347,0x23bfd2dc73b97ba92df91d9f8c17f7f5e73fefc5cff5763b75abf99f7e2db7f1edfb5a12c6077b436713a7e23bb41bbfefef4d68fe9eb99de764165fbefe6be1bfd531b842179f5cec7db7dd5f71dee8e8b2a84e5dfcb7df7af88be7ab2af82f7b350104ae07febc159c1b655b2a2ba324ded25bfbfe353987bfa877adbf439f97bd6f527f3799b72345f4cd91fa36354c54ed994dcaaf7c9b4bda67d294fd369f6c9ddff8e37ef05eb2e3f7dd27a4cdc7ff52d87b328faa53f86d6790eca3fbff1f6a26c9c6bbc9dc7cedb27a6ffda654506fd19eebac7d7d90bcf7e868ecfac6f7bffb8116a34bd6bc3ef141b57ca7b2d7afdaffdce6dd62ede972bf55ecf7,0xa39a9291cc4b0632f743a19b53eb6e8080177d2a412ed53d714ba5a53d573d76,0xd076ef537ad14d8c33a99112769433dc4ab1f1ab1f125f24efadc4305084d87b,0xa4ab1e291a1d41e5b470e33b8d0b384f1b6d4bd3256e4ac2fa1e6e2686a1ef9a,0x473780deaf4a2ac070bbba936b0cdefe7f267dfc,0,58750003716598352816469,151846,0xd883010b00846765746888676f312e31392e31856c696e7578,30000000,29982620,1674978743,317,12499751952
16510977,0x315b8b8b191c505eecb1cd2ed8eca591a35a0b865cdac618252f034556222902,0x18cf66e38133dd19b15aac9f6b68d4a33d17c71c93caefeada93a7e4c677baa7,0x0000000000000000,0x1dcc4de8dec75d7aab85b567b6ccd41ad312451b948a7413f0a142fd40d49347,0x94e9062292135e20680210c4867646b090929d2d00494886f15dc0b79e8e06480291440806a292a2c025a61c65306d41220518021a2060582659d12c45a8ab120032803a0261dc2a69847168468808304891c404104803105d2719f0ac1879631e128210328323069090002402049db506913823ca400d07580041d3020a0827b10111cd3a425001215c0121412150a085e222338b4a6508ff4e45564f7036448e1b6f029000f981323ac1e0014c44c425601002c0244502224074a8701a10536700b0028444035e0d00cdb01c49ab2c5d37926209181512035e689e30313d434110b528a0802904438c0deb03a113329800400c0aa8045882a8a9f196782ee7,0x475c044efc85a55cba19b5818cdeac8d7285a16eca4aec0ad1b75714b2248256,0xa04dd6d0a7cccefd74b13012ca1937fda4af2f3a78229317166e855f68e8079a,0x0ac2668763289934d0b0fb5a75d8f61f3c4ea92291bc81dd4c77b984d440fef3,0x690b9a9e9aa1c9db991c7721a92d351db4fac990,0,58750003716598352816469,58314,0x406275696c64657230783639,30000000,9695644,1674977183,151,14561166956
16511150,0x681bf7f177075b81d5a1f5d8b0c28b3e82796c04ec1fc25490e3b09e34a755f1,0x2bddfc0483243e90487a623b4862ad18837f0d3cc9ca0afaa30add4bbeb1fabb,0x0000000000000000,0x1dcc4de8dec75d7aab85b567b6ccd41ad312451b948a7413f0a142fd40d49347,0x5429ccf109c1d228a25a08979e8d7c6b844d52cbcd5d753878a9441efd44f527351a2f00508a04122172b313efdd09b437e9ad288b89f0f5124918ea143870186db5d838e88877ac6bc056cb6c10187595e0cd0b765c5b588401c028992b327552660944ee96e8a29e19107c2640eef918683a4046732695aac2ff3154db61f43636a165ebca01449ce0bd10896327278812818395440098b0056c68c33003218bfdd34ee1b0624ad45066ee5229eaac9d5066291c40a21a98cdecea14a5443011148692030018d8204408a036e63096ea717a6134acd03de6a498760998a0068c9fe2c98f4c41011c2c8e9125435184827781287bcc1d407184afd8d1d5e4af,0xc79153307f59cee6bef51d51156329b41999f5da1438c5819fe0dcc6780512ad,0xd242f226f799e8633de85ecd9ffa2ac23128a91d3be75a87936aadec5c35f484,0x251628a6a4b93058f5b93ea54dfd3ce829a21b9c4a2aeb94e3d1f449813fda21,0x690b9a9e9aa1c9db991c7721a92d351db4fac990,0,58750003716598352816469,80674,0x6275696c64657230783639,30000000,14943728,1674979271,122,13099103311
16511352,0xd51e585d28192fae6fb2be0ccbfc272f633901af6b859faa2792ea6b729c9bfc,0x6f3d78e2d5a2b8d760a8de71ff5df78cb7276702a5daba844c753e5ef844ca66,0x0000000000000000,0x1dcc4de8dec75d7aab85b567b6ccd41ad312451b948a7413f0a142fd40d49347,0x40ab0d314549a96c108001d580000b38a1034684488215a0c90980221604874090081111a0607282e4411aa820410175c6018c000a622948f2066e11006aa5000c0400e0a1081cb8a90310c99725e97a040079d10354071064607c51f84c9a058a54881a0243402282be10421a400963800108008306a5a120004c9031d90b2ccc82a35f17a60444054d00402026824220804481894014487c6228c0a83692598eb8090019827a15820060e12970a495555c4c40a0a8257208704612008ed0104b5190064482016040844c1608141278ebe903ca12f8d0140304083704012408c5b4a209486c22cc22479481840002a59d0250481058834812895c14913d7482,0x49f6f37c020e8a9966d09bd32b92e368005cb22c43e5802e95b4155280863ab7,0xf1c3b62350af9bb454453033701982e02f4f086a1ff7a3828fdbfd1d01e98828,0x3d22dac7c8d95884f5bd0b031bb045cfd3f91205fe0e8a758fa9b8cc915cd78e,0x388c818ca8b9251b393131c08a736a67ccb19297,0,58750003716598352816469,39271,0x506f776572656420627920626c6f58726f757465,30000000,6975026,1674981743,90,15462977258
16511353,0x038f589486c7ed19331513cb0a9870612e8e4ae7a7ccc5be3ba5d506b723369a,0xd51e585d28192fae6fb2be0ccbfc272f633901af6b859faa2792ea6b729c9bfc,0x0000000000000000,0x1dcc4de8dec75d7aab85b567b6ccd41ad312451b948a7413f0a142fd40d49347,0xbc3bc36514319c7091aa1200cc753328132b4918bb19479e30d186135f864c1258196b3dd38440194050597a7879012682cb9ce49b94f9341280eabd10baae80fcd1c1b95b83589ceb03558c4454b569a0c478b016611a0e2cc05401890c5aa39ae64a4e16424d2b80e0e4c008622b71cf83501030594685d2c825d59c4b631f2997637748da3116a44fa1ea27158a48f51b948badc44d5d463d08c1ca32c6bcdba84902780a6603d8b9e0e7d504fc89a475611041b6a8da58440e6e199501230350304e32241c4849580afde0b4da36f16d32581bd91d3842049be22eebbcca34fbe00ad9a966e8ba57d58a81855d3144166442b06b0df2e0f93890cb117482,0xef3280e8eda56130dc97694515ebb389eb4f60e4443f8f11650432f0fa8a592c,0x605f2692e28d40ae1b657d5c647816de8efa57facfdf0791160e17ddf9609e9f,0x6db3f46d6215afc52f492ba5d5349e7446130b32e37bd7ab16f9b56ab2756944,0x690b9a9e9aa1c9db991c7721a92d351db4fac990,0,58750003716598352816469,56036,0x406275696c64657230783639,30000000,10852328,1674981755,127,14428894005
16511151,0x9abe06a2ec781883779b0d6b4a235f2bbf83e1c3ef78b89cfa07568c6c65a5a2,0x681bf7f177075b81d5a1f5d8b0c28b3e82796c04ec1fc25490e3b09e34a755f1,0x0000000000000000,0x1dcc4de8dec75d7aab85b567b6ccd41ad312451b948a7413f0a142fd40d49347,0x12218810cf0504aab110870a8c1006e982292c59da4016028695492015043524c0e255009619068914603b4118938b2983b104468e5339a02108441128af28c244aa01f4410a982f29134fcbc8611a6ac0810a0109445d000222dd89a840490f122a1248222f454e04a0002c042c8bb1ca6428888cc924c9a410089060cb84540240875762db10c451450628c9492127a29224e3a5c001386460316049b07e8a9a6a9389d11072813460e2e102a286c78480b08280f0421709694eb800be4002c34310c604a109d0002c441d644497a34244474416ef2e9145a5086a0088651b59bee19d11128b48098c1ea4008f90a495270301a75805d280898d9aae8d3c03,0x134ce3ea4422e92fe8ed698624edb93deb955a1e627966613abf8710231492ca,0xd788a9ac669eea57797e6ef15bc49701cc58ecb02d5f12f4aefcbe7ec6f8883e,0xc49097269a1d9e19ae94b4738eb81e3e43545794dedd60a95a86191aa97f4da2,0xce0babc8398144aa98d9210d595e3a9714910748,0,58750003716598352816469,58029,0x7061796c6f61642e6465,30000000,11486752,1674979283,106,13092960705
16510978,0xb19c55251d0bf862637ebe51fe818cc88cdc9962a724b90df5f49461b0e39b4d,0x315b8b8b191c505eecb1cd2ed8eca591a35a0b865cdac618252f034556222902,0x0000000000000000,0x1dcc4de8dec75d7aab85b567b6ccd41ad312451b948a7413f0a142fd40d49347,0x8c3104d105000ed138282301a76e98a13101a8004e28958453d150803d11d1041a3c3b0981042c88a2015d149e1043001f49c8ab9ff2a9b103200c3f557c2f611d10d4984c06cd2d6943e48cdc1248a1c0b00850466c0b002c223f628f6c19c507444800131f586711c42680180dee77c012c87b00702c4cca970c91908b693c8b20025a638a4d2fd5cd04002102829cecb08c8399c80008c420ee7862b12717dfb83d8103a5634642c94df29920c4c907204804509620cb026d0e1e52bd406005505242040002e6a40c8d040424b6764448824215ea88962e04782a6880e00075b2f1ae8955800908345cf0a00554388b50863ba98904f3c00968f0a6825796,0x9d07c107020ead1526a9b6e97e974972392fd1a30811989f91a4daca32c01d4c,0xed92ea758a3797c831cb86076b4f9047519eacee13fd634e18b8c0f2b6acd7b3,0x6cf76edc54e9cd893d2c7c86a7ad0a8bcad0146c10be1e9b556b2b131df72a9b,0x388c818ca8b9251b393131c08a736a67ccb19297,0,58750003716598352816469,75208,0x506f776572656420627920626c6f58726f757465,30000000,11180460,1674977195,138,13917520179
16511107,0xfff445f0557c73d28488fb4e43bbdf7197aebb103f2289ef871ee9ec268cfbcc,0x1700abe5f075f40dea8d8db4fab04c071a90e0845e4883c9d83055b22050c385,0x0000000000000000,0x1dcc4de8dec75d7aab85b567b6ccd41ad312451b948a7413f0a142fd40d49347,0xc22b2065e003c06922b0f39b850517209ef597098c785834cc79c13a4607bf674c96cf28058600838c2c3f0a3f1d2b8612231ca98827f99c87687368d5eb610a2d4c8819e6d4182c683458f844ded9a08c0225096ec09c451d4b5a44fd304b19920885d43b926988828a9dc6cc0c086d5b03847859d484a4cac11db38fab700fa2f41040a243196438e2c695e1764029d9a2caad9560447ba181a64963168aa3cfa949afa8a9e7903d5cc0fa1c228e010d140a4b8930c1db2ad2094e09f329bc80a504e357609acc6494022a0aa7872a44946b41b5e800134b10be4a8033b040227420a8602d717a825dcbda69011921e65201a3482e2061410d78308341ec91,0x2379051c39754eb482ebd917558572a27d6f39e874e8ec3d902d0bd0a7f41568,0x93128526d8656a95d15024406481d017ccc58166aab381748e9db4102743cf28,0x0fb8bc6609bbc64cba85ae016e1c6da8f68489e1314f8d0eb6b0cfb42dd29c40,0xbd3afb0bb76683ecb4225f9dbc91f998713c3b01,0,58750003716598352816469,55232,0x4275696c644149202868747470733a2f2f6275696c6461692e6e657429,30000000,14218482,1674978755,119,14060410565
16511152,0x1af53bbe6b9ac072d283ea1fb3b33c856242edeb8945d5e066401d8a8ecbcccf,0x9abe06a2ec781883779b0d6b4a235f2bbf83e1c3ef78b89cfa07568c6c65a5a2,0x0000000000000000,0x1dcc4de8dec75d7aab85b567b6ccd41ad312451b948a7413f0a142fd40d49347,0x5c21f98a49649a7b3b729c10f5f67f799cdb8fcb4c7e2e14f39eedbf7e94f7036616512bd101fa9956d12e946220e104e2a356a58c8ab1b4a7fd547db6bafe39561bf5d242ded80deeb4764b5b301ce730c738969748da7ea48a780bd37a7f10beaa486e170e56cb32d5fc84dbf94a0df6066e219f980e831a082af31a5afc593dba01d6f5cad99a9d03de7f23ce4107247a3da3997b0cdd3c49d448c67172a08f6c97c4f186ffeb9c95c1dfa57f26fdce1c42c88a38e1dae0773714278d276e4c3416f74e8e20da29449824819a58ae617b96df1cfe1c3e8e662ae2ae1833607f7eb09ca96a4c4f711fdca08fc71e2d652d1caaf9cb45ebe8dfaf3eac313ccf,0xdf9f17b2e6a6d28f6d7773683c09a96e3fe319c856159c1c612f5d18c334c566,0xec38d41b6af740397902153b644d5dea6b50d6181c98d831383e1e339f057c03,0xc7ae69d07bd0f9be2954ee0fc62f28f7d8518cd4d7fae8def7efafd0f41f0211,0xdafea492d9c6733ae3d56b7ed1adb60692c98bc5,0,58750003716598352816469,53543,0x496c6c756d696e61746520446d6f63726174697a6520447374726962757465,30000000,29830493,1674979295,120,12709637222
16511354,0xbad82ffe7d5e6e6e8026316f81c8380f09b19fe00020cb65b8c997ec0d0b1043,0x038f589486c7ed19331513cb0a9870612e8e4ae7a7ccc5be3ba5d506b723369a,0x0000000000000000,0x1dcc4de8dec75d7aab85b567b6ccd41ad312451b948a7413f0a142fd40d49347,0x32a841487804f01178c2905be0c0106b842b4004a886a440021d845abd921c24124cf380e4c400693a5075dae000ebc002a90cf8ca0aecc502804e133c6028449848e641c020083da9ead6a90ef105b7fcc420205b608e8903008c08b840089996584528130a41628288109010603861c25080264078640d52c218d280af108404410212118266d50040002124c64e406480768989680448c0393845097821308a01e184d086e78005b041e304908ca0f024088801b865670252830200a24002133410038120d21264504952100615ac28c59bc85ca80413064048230492a14c03b0a509acc10264732c488024033020015c2298a08854446811dab00383b140,0x29b2d5089ab32511f1815db0f28b3d7632ec3c47bf6cbece06932be26856cc10,0xa73dab7b5984b370190f231371431b0a8c411a352e0f27ddf1a7132452c41588,0xe35f12467d163e4b57ae5f28fd1a138008095e1266874a59720dfdc9f9a986c7,0x690b9a9e9aa1c9db991c7721a92d351db4fac990,0,58750003716598352816469,42140,0x406275696c64657230783639,30000000,7736304,1674981767,97,13930174675
16510979,0x185a9e658c3c3ae2bf2cc0e14e2d0988610d80c1f90dffd6d90d336871ff28a1,0xb19c55251d0bf862637ebe51fe818cc88cdc9962a724b90df5f49461b0e39b4d,0x0000000000000000,0x1dcc4de8dec75d7aab85b567b6ccd41ad312451b948a7413f0a142fd40d49347,0xd96b94c042c5900d1438436cad9952f411e978127c0a481263954c60ebdc9532d450832c4840cf28c341be28e75a3d2727a30478ae003d166269500093f8246043eec2b0e6111b6e79225448419000bc9058a0a106d1a835582e0d41b9c11a12568d12809ba2405b81d59828ea0a0cebca32494224505c6754900ad0d4ede84c2a35eedc2a8a01011c6d4e43c08008a22585a041ed69c819e22c71d8743276b3ce5a056163a16a10a40a45d7dc5746404fe1fc618bb95713cb47225a2198420a2f51fcb6b8080b622144c2ba08dc2ea3e964e26513492a14100488260bb0f46331b4a0fda086880935155fc406e3097165386a40f34f11423097295ba8b49680,0x00fe8a67072eaf14de11eb72e99841875c5a541cd486c237472eec70c907d088,0x84700c303f16ef05a14b3e247752b179c7ce12bceb9a14e2339d6a3c1badad67,0x3fa360de0573b2420678164a9eac6958c3b53d76c6bc1f2c696b6cc69d2c589f,0xdafea492d9c6733ae3d56b7ed1adb60692c98bc5,0,58750003716598352816469,69847,0x496c6c756d696e61746520446d6f63726174697a6520447374726962757465,30000000,12077455,1674977207,120,13474532471
16511355,0x4af7e175aaa5d6336c1a228fc5afd561c52066fc25f9a3958efb9d199e071b12,0xbad82ffe7d5e6e6e8026316f81c8380f09b19fe00020cb65b8c997ec0d0b1043,0x0000000000000000,0x1dcc4de8dec75d7aab85b567b6ccd41ad312451b948a7413f0a142fd40d49347,0x34380984a1a393c333b92708ee1ce02f3d45aa83dd9be604b4ca8213ad2e8102115fd5128818a00819501f6c4a05cd4cdf086e808c47685130e5872180a0a229d092c4b8c083ddaeaa8271da7f1370b8b183480c18601a4005429d03a9212973face200c172adea603fe928184aea8edccd16831d87624408e3527b19e8a565ca03baa16221a05244488ec15e2421c61ef504b518340c6cf462a587147305326eae8d94331a3ee089e6052d2593eecad15d1420ca32ba0ea02f10f13589e1271e21a604bf811b42c4049476622a714ecddca82dfdee91a35822c89021544a76308b0e918ad580a70e11518c28a215fb18558fc9387c882404849a819f065b2dd,0x398e64d2dcd396abc463745aa2194a5db8f27e74d12a3a8f92d07c9a323bd909,0xe48bea79ea9f03bd5e397d06f7a11efe755f7d90c87ec36aaaf9284ce68e1f40,0x1cdb6421f950e2d2e44295674d7c417ea5c9059d08e1b289d35cf5305e516b73,0x95222290dd7278aa3ddd389cc1e1d165cc4bafe5,0,58750003716598352816469,72298,0x6265617665726275696c642e6f7267,30000000,15168954,1674981779,125,13086970058
16511108,0xee8a2faa2abdc42b1c46964e296018affdbf6a227876448b3c650f9216c30931,0xfff445f0557c73d28488fb4e43bbdf7197aebb103f2289ef871ee9ec268cfbcc,0x0000000000000000,0x1dcc4de8dec75d7aab85b567b6ccd41ad312451b948a7413f0a142fd40d49347,0x012303140162904c68c10b018797283d9e03873b4898b08110cfc00dc445f0b53a0dc400813869c403704ff64a689949bae184409a0425b500da84186efcac28e004493842115abcfb9140d9c701187000c040201e450ee714ed1138ad111d3156a0600ae3ca49c280a5142c50f948e566031971a3150786c20400b98bea4174060302cd22a20205b0506e52054100b60cb2a4271bc09c3c8612056302315b109e9a39b729846b48a2014de34e3286590cc1a3488be2bc3a00e43e2a90ddc576749016160d3068c3000420c249103b34e48942d31eca88d3256c98ee98266e0120b6a59c18708da9100e5aa5b4275029a41223a0a0c8c04b3348bc7ebc425482,0x81edfe3baae84795f031ff69ad2e098f29353ce973e6419e5c004eb1ed91b64a,0xacecd091bcd6d0def50c2f2c722b70a81291def6e70518979a0390200e1f4fe3,0xd82973364979b66dd9f3e520d88263f2e7e63123ea61a73145eeb24f6170966b,0x690b9a9e9aa1c9db991c7721a92d351db4fac990,0,58750003716598352816469,77836,0x406275696c64657230783639,30000000,12601297,1674978767,155,13968840033
16511153,0x5933e90d5d8ab8559f012ef95635d3fe4be74f876a17979b6fc05787c338b25a,0x1af53bbe6b9ac072d283ea1fb3b33c856242edeb8945d5e066401d8a8ecbcccf,0x0000000000000000,0x1dcc4de8dec75d7aab85b567b6ccd41ad312451b948a7413f0a142fd40d49347,0x2c212ae00bc57825b9503066800c9aea1427033cc9400214d2982100dfa2d50ed02a8030102fcba8212859146ebe97864a31a1d4bfac619102e81e822c78e8142462c2305a800a2d69ac428a659002a04bab08a19a548b4f3890dc12c8480075179b1253420a7295019080b91249da72830e5c6462570584912615da8dccc1540f201141c2cf100545e141498aaaa26470608be97f4291082d01ad511431751c9fe8230797da7904045563ba43a2f48aa4f32004d8f0809201ed1d0e98c80011039ac1e6a5d5aa9a81a341a2120e1834e29d7260f4fb415d216c7d6e08a06050803fe92b8d84e3c8bf041270462b11a6ac234340021aa9540899999193bfee22,0xcec3c2472eb43a17ca1470a977c0f0038f8aa06522d6e89aa8cf893ce83282d2,0xf39db6463469e623c520d5962970ce6fab1f03cbbeb6ae5037c6c0c95eb925ac,0x6ddce0cad41494cc43cb3ae3c50e0fd304c344145a135cbdb1f4d81482a2091e,0xdafea492d9c6733ae3d56b7ed1adb60692c98bc5,0,58750003716598352816469,57248,0x496c6c756d696e61746520446d6f63726174697a6520447374726962757465,30000000,11026623,1674979307,126,14280388770
16510980,0x3c4d16313b4fd1ce828c1067ed955fe5c6f79de34f5ce92dc6b7c1cec5292492,0x185a9e658c3c3ae2bf2cc0e14e2d0988610d80c1f90dffd6d90d336871ff28a1,0x0000000000000000,0x1dcc4de8dec75d7aab85b567b6ccd41ad312451b948a7413f0a142fd40d49347,0xdd7f40cb2584d40c21206349f81800302a1d78dc428a312802d981fa0636b3520cae43daa2872a8102209b2c4f208151020145009d91204802e30255047a3fc82d0cdf94d20996ccea09604fd7a18066a005c0724a600840430431118f4518131f6958900256642227bd1a90183a8c97b4bc0851815964008428099780af51d6d10040ea2af26b608d551e3835c102142d2489b10710905ccfb80a6aa6b3d9378f0881005b00726c894615e29ab56468c401f0246010a27281858f2828a50084c351477a29561cd8641879ca23c675a26066625f0aca0850040c29938094202180f6b0dd00d0638f19a496e14003f4389051e52344d930e8804139a1fd870601,0x5094fbbb4faf773fcb5822ccb44cfebf5898348ea9730d63cf6a109448a72ef3,0x6ecf7b553165f346c0e0408f434a4d70c18bf5b6b96f34f7cd2f34bdc28b158c,0xb398e30c53db4e2416d5647c1c970d9c2951124175fe8a9fa42da4e241d97b62,0xfeebabe6b0418ec13b30aadf129f5dcdd4f70cea,0,58750003716598352816469,72924,0x68747470733a2f2f6574682d6275696c6465722e636f6d,30000000,12048268,1674977219,104,13146366409
16511356,0x9cf90102c9d2b83f9c8765dd2b121c0fff4819e95529c51642e2f1ec6578c460,0x4af7e175aaa5d6336c1a228fc5afd561c52066fc25f9a3958efb9d199e071b12,0x0000000000000000,0x1dcc4de8dec75d7aab85b567b6ccd41ad312451b948a7413f0a142fd40d49347,0x006307a875829a9a3c0a17e8ac6519b1ccb42819609368724a0542b85c948717f890dd87cd88728da1d0b29c8c5b01851a21d1be8a3e6a8650229287147fae5850b950b805ea4cbc7fbb58b964627ea9ac9232f1e5c70b470e2198c18c021a109f61306d525b468a907e050d06a04cffd40c64296870c676b35201d3940af295b6721257b88a088d9966ea52910294f536443799adc0a6d8080886fc023c12749bdc2974993ee1499db063e42428ae81649cd36120a252e218559a5356446275c7393102d00243c2bc44df981c1cb31e74e916c517bf8afd9c05e96f57c660791990af0b85eb922383add396e4913c79ccc28710407a01c0a603888180c33469,0x764d42fb686342c0b3926af5970dc34b530ccd55c77b76ea078868dbc3341344,0x4ffdad4cd0bede4cc874792ec64dcbeb3c9f01a59b1260fc738e899d4e61082f,0x353d23ff3e8751660587d2290aa3f6db9f63dc5d100a6b9a298849ddc0ace9f9,0x5f927395213ee6b95de97bddcb1b2b1c0f16844f,0,58750003716598352816469,46893,0x6d616e74612d6275696c646572,30000000,27774845,1674981791,107,13105395857
16511154,0x10f624287ff82730c3245033d44021771180315bad2bf3e23a8061fedec68c94,0x5933e90d5d8ab8559f012ef95635d3fe4be74f876a17979b6fc05787c338b25a,0x0000000000000000,0x1dcc4de8dec75d7aab85b567b6ccd41ad312451b948a7413f0a142fd40d49347,0x667bcd948198d962b050169a8b86592ac1053c986c18200201053078cd023dd01002550363028cfd04b8b9700ac401c5676740489b513d921a285000b47ce521008414918013042de993c0fb462211a18008602c445d885088011f60884138cc3a076b8c428f61a0058d4264321019e9710e38d011422412c214219918c8e070d3208a55e066018595c9544929f00224b513d20b210806e847efe1e892f5d710aee983cf8106e327000356d1c128878a16765034eb16c19e84a23d5292cc007280888706c0a31fc8a0002802800fd0f3546197f496ab1b552455186a88807e28d0b4f29995480182030d1f9051035aa0b92183038868c4426008a9d8a130d758,0x315988e2a8c1f43aa486396b765a949cb0bf0a1704131ee612919d24d5c162c4,0xdd576f7c7d9e463c28758b81cba83e114ab288303b2815466d7dfdea50b73fad,0xe28ca9e507d7b3efa70ac7a8fc8ca39db39fa71294e9620ee5d45330a231bd5d,0xfeebabe6b0418ec13b30aadf129f5dcdd4f70cea,0,58750003716598352816469,162336,0x68747470733a2f2f6574682d6275696c6465722e636f6d,30000000,12222993,1674979319,115,13807544035
16510981,0x9215fedacef32ca793d41b87cccb126e4badd001b90633c74192e176a8ac7b53,0x3c4d16313b4fd1ce828c1067ed955fe5c6f79de34f5ce92dc6b7c1cec5292492,0x0000000000000000,0x1dcc4de8dec75d7aab85b567b6ccd41ad312451b948a7413f0a142fd40d49347,0x946d4b98a3059294d06b300ab2299b31335234004902038021892a506c0077105300e148824cca618e91d60c6919c92107210800a990a885471a240100b1b8a26831211500a5780eed5724d8cd19b8e0c00000025044862c02020706883d2981de1440520a0a018305d4bb1445218b25ac00954b08b194a23561b0f8030a80d0861087daca2b91943ec5819504087ae93e204d459100eb48422e9d6850760e01fe22118208546326ca12a4e63822a58000454aa121c888aa03420b6f1822e011030c63828699604aaca213020238d32405c0b2c135aa4eb8011c192fb044ac58417a3d39141109c410843c82a08311a60528a260133842528065aa5831f03200,0x023c63fb5fea248a85852eb1c13265707a5faa4478a52581ff45c8d4d99018e0,0x4b7227d90cc73c0c4e67059b4b1fbfeff2e469c05c60f6bc467d66c089d8b992,0xdeae22167a12a0b76a9116d76f7c44689ad0a89c576b3f3456002239e4cccba5,0xbd3afb0bb76683ecb4225f9dbc91f998713c3b01,0,58750003716598352816469,32991,0x4275696c644149202868747470733a2f2f6275696c6461692e6e657429,30000000,29939526,1674977231,68,12822995156
16511109,0x282f72ed7eabfff857142b98fd636d62197827fcc7234f2fc83579bb36ff1ab2,0xee8a2faa2abdc42b1c46964e296018affdbf6a227876448b3c650f9216c30931,0x0000000000000000,0x1dcc4de8dec75d7aab85b567b6ccd41ad312451b948a7413f0a142fd40d49347,0x202b0011050dd6282c38804280100475401a0401c82c47884801cc0066341532404a4828c022ad2bc1824b004ec401fc062304809ab82122188891180228ac0039b20010481cda2ce80b4c8ecc00002841024061894308c46188de209828583d161211000282c4c24081a08800241971a1270070606c0c83a6062836083ac614820080442002001510cb0401018000327780b0213144052c6a8500c100b81004faf81b8e130060597040e5e01228a691475041850842808a01f02ec244091125c6910402c469089900003c0580a6903a60c88a49bcc80c5501045fa7090026ac90d2b08804500101100516a40105182084408321852a00563129af84a251cc08,0xfedc9e50099b1cbef59a3eeb13edef332903be04a19b17b7880df4b3eb54171a,0x54fb663e568a6ac5927165d6a5b05c2dad1baf394d56c76d7c46881288701bc5,0x3cb0ffe9d2d42649a6958ab04426b931007522a43d8d833367d07d119cf59442,0xb8921c382c8936644f12f09df29bc26084bd5c5d,0,58750003716598352816469,42589,0x,30000000,8259412,1674978779,115,13689614213
16511357,0xde3757857a025c43d7524b90ec7638c0ae73f0154f2586948c4d1a04812d574c,0x9cf90102c9d2b83f9c8765dd2b121c0fff4819e95529c51642e2f1ec6578c460,0x0000000000000000,0x1dcc4de8dec75d7aab85b567b6ccd41ad312451b948a7413f0a142fd40d49347,0x90a055005784bc66300911c0a89593e958c82022c02140231c090c067d820c8a198ac935800d5c4870512c17887005a5820044108be8b02124d006941176a800618800504c10f82ae984d0ee4443616590b4180c8e2f3a6c08788b49881808e10a8928834b0347428bc450c0302c0af10061804803616004d115145f8288f28486000129019790c604438400037a0cfd4401b4890101105e10453cf263318934af88470a838afe029ab7f0e20524f502a07e40306027102605640a4e940a6018c17d0806041d25c805815212a219d4ec658142c053a82913e20738230440e24cd098a60829d48242068cba81a1555db1a5305107020863e4c04d9840f1036322,0xef99fe610ff8e1d6ee4d1e45d3823100cc634d4de34e589af89128752a7e02b4,0xc31adda4c94505c746a45fe8ac0364ba6727638bdcce584f06979e3be7201cfe,0x8d30413483872abbdb460720efa4bd3ec196a939a9be3d883609222c678c4a7d,0x95222290dd7278aa3ddd389cc1e1d165cc4bafe5,0,58750003716598352816469,41278,0x6265617665726275696c642e6f7267,30000000,8080987,1674981803,107,14500557529
16510982,0x1d2df0899e0c10683def2f7d646110cb095bf18f33eca40dd7c2e1448c07537a,0x9215fedacef32ca793d41b87cccb126e4badd001b90633c74192e176a8ac7b53,0x0000000000000000,0x1dcc4de8dec75d7aab85b567b6ccd41ad312451b948a7413f0a142fd40d49347,0x943946157604d282f8b31205a8590a2b0b13f7834c40a94200932071eac14f08798c7b908c810246480196f4d2423952ea79362aacd26d4023cc0615357d7c09edd0aa3854209c286d92725d4cb1c06195c0082335d81a0105ed3cc0ac7d2b475ec8c10a4213c69b9584a41a70b02ad1bef08ab12478851758da40d1188b44a54f249b720342709234d90cc6c180540764d68c8995520008d522fd491472d3a19f48014590e87952ba7443e5583484ce64694dbe1019294ad05e57c91214000047125462819000d22038109c030e302ccc7926c1040be85e56150a320285a4e10c382d69999a0a00124c0da1452103a54130522440c888403a498c90c9847610,0x9ce9131c2a8be08314bd0014912c0f84f22249896c33d37d0648bf448bc4cac5,0x012e6e84f16af9d386e1ecd9f297c34f0a47cbc93a636209284a9aee8fb5d6b3,0x4a368920c67c171ac75e3a9ca074b59e4df2ec5dfcbda91cadd3ff6bd2c10eef,0x95222290dd7278aa3ddd389cc1e1d165cc4bafe5,0,58750003716598352816469,82355,0x6265617665726275696c642e6f7267,30000000,12804744,1674977243,126,14419407402
16511155,0xb732396eabe30603b7a48e892fac3de5e80a2ea43028902945308c245eccf7ee,0x10f624287ff82730c3245033d44021771180315bad2bf3e23a8061fedec68c94,0x0000000000000000,0x1dcc4de8dec75d7aab85b567b6ccd41ad312451b948a7413f0a142fd40d49347,0x402a0401c604d03fa05000c7980089b1d0411c89e400009c408d791a9215d106048a080c4d8b10164052a0304f0441b54341085a8901200120387311c9a2a6a54824d314618b9a2c6aa35ceac609572a8cb1ca0478405a4084425852ac619d15524712c4028650f042ec30a4088069b00451c8f071120e81a6c1a89009f860d78b2484276aea009716510d0403800064141285290b4190182601e8d840b15a849ecc0105ba20e6e4a242eea42d2c860042f862202861c30353804e42129a947800014c23218008c840237082280615b078918660169f8c59a0c5a8831a28e8102412b08b0d800009298c2660d95354a38a0003610b2e044415cb8e92d5473684,0x1c4afbf6caaf2cebd6738b1a38aafe8b7567686c78a38b92f1b9ad685739d34f,0xba887f2ff1713fca9a8dbfd8c7eaaeb7412be6083af5e9b49041ae717576ed42,0x3c74a2150984456abf56e10ea7a7b31d3e7cc0c5be7afdb69ae26454c94f5c8c,0x95222290dd7278aa3ddd389cc1e1d165cc4bafe5,0,58750003716598352816469,60667,0x6265617665726275696c642e6f7267,30000000,10070660,1674979331,116,13488013649
16511110,0x067ba5858f7674396ae04ab0d9868321d5b1f37da7e622d3d5db9e77a4d17b06,0x282f72ed7eabfff857142b98fd636d62197827fcc7234f2fc83579bb36ff1ab2,0x0000000000000000,0x1dcc4de8dec75d7aab85b567b6ccd41ad312451b948a7413f0a142fd40d49347,0xe7bfb1c5f566596cf9259e7abcb57fbe4923341def4b397c24fda04c1e96b5be2e3f1b05e00acf47c0329f4828b81943b223bc298b7bb82f569a33109ffff758fc8b90d0cdb91e2c7c435efbe4b8462e888842059d6f9a88755c9ee5a978dc311ba8f954969b75334afbd0c5e0b58c79ec0479704350ed7487260e371b8fb505ce9aef577e6ff2568ed7dc9b73ba5436fe103fc70564fb9b62a549dd5afeabbe9a2a81927faaef4cbcbb61e4477fc7c974854d5de6f26f93e7738a4601984a7d5371d32b74a28dd2052e06af0e65593effe936d252ed475d7b27ad573784f4d4013bad8f1928d482101f5fa6a17d37ac9311d1229388b24420631df7d3d97cfa,0xe4abeba782b52efc762540fdb1495705b77ea4509800e0c670e6f116d5d6a753,0x25b8d4510527f69f60e60dfdbb4b761d56fc36e7be8798371f7b59a41dfa91ed,0xaea12b3208868b48dde023ee4b10b0de3ebceafe1fd19ce88041d353452a708c,0x95222290dd7278aa3ddd389cc1e1d165cc4bafe5,0,58750003716598352816469,61427,0x6265617665726275696c642e6f7267,30000000,16802956,1674978791,148,12920647136
16511358,0xaa8542ddc992da908e0d009d0dc9b31e579e443c55e633c4b5f0a44bd23389d7,0xde3757857a025c43d7524b90ec7638c0ae73f0154f2586948c4d1a04812d574c,0x0000000000000000,0x1dcc4de8dec75d7aab85b567b6ccd41ad312451b948a7413f0a142fd40d49347,0x0c7557ba424684ac6880600c8454cf2998c300c04851404c318b800a441e932e08043302a0a92ee105d5230454904d5d2229088c9a07312d2f01c620b8ff211111d3502049c857ac6a84542f1418b1b09195065414670c9d54c04da298414c250b49458042d3423dc4d454842a8c284f641a8940901004840e10695f8e0911c42242734233c2503037e1c061e0e42a6b1442e60d97d8e758aa026df8b670e6bada082193fd8a6673f2f385a4ec063c0455d4cc8429aa324ac0c1c017b2bc45119311a4120d4091020700aa00ee4cfaa0dc6a6249c41b521c1147b813ce71e1709bb2a20900551441681e858e051b202c80d0609848d892542281ecab80404e81,0x0d2bf6bc52eb55a55e5a3d1ed7284c286f0363fdba2e88a7dc195e9db89dbef6,0x0597090e6467a297e7427a684e8a7c0409317ab710370fafcf51e6eca300e0fb,0xe90a7b728a0a007c13dabd94cc19cf9310da360b71907b0850741dd8097e6ab0,0xdafea492d9c6733ae3d56b7ed1adb60692c98bc5,0,58750003716598352816469,54709,0x496c6c756d696e61746520446d6f63726174697a6520447374726962757465,30000000,11192610,1674981815,123,13664477979
16510983,0xef358964983a2cf767fcb979602f4a38124aba69899e184b8895b82a5f3564ea,0x1d2df0899e0c10683def2f7d646110cb095bf18f33eca40dd7c2e1448c07537a,0x0000000000000000,0x1dcc4de8dec75d7aab85b567b6ccd41ad312451b948a7413f0a142fd40d49347,0x092b9c1882c09400b4800203a44d3b21215995025c8c0124525d0970dc2a2039178d05a0044a88c040909f346b1da941661140638a00ac19020cc240063c28566024c6d810c4cc2ebafb66fb4c4462a0e208180d48641e4194414cd68d01404190c951200322464a64c1d010a8207c7d22010a4140105443d3314013418c5834832919c47b5ad54c84fc0c8100945c220732b483c1c008ec00f00178abb033eb9b1a1f631d096200a80568eaa1a486c8264080b090048c820d200b5a0184043c0130628601092082084201128c57b8a0c08cab40148a105554ac3c0207066040303ae0238c886a088ad40e814081d4a884a047390568914864c9bd80c1407483,0xd81de713b0788bc9b7cee29e1f1931171b73f52956036b5f2a3b3bc5cb1b47b5,0x92323b59a0b7ece196869a70647ee95c865f5b81b1f13fb4e4fd38eb056cbb64,0x623e3daa7cdd75f28ad94aff16fc67878374b7213003e63af19d0817ce0387e4,0x95222290dd7278aa3ddd389cc1e1d165cc4bafe5,0,58750003716598352816469,84191,0x6265617665726275696c642e6f7267,30000000,11493637,1674977255,107,14155621647
16511156,0x290fcbd6037100a0560905f5e6ee690db68da01c95334a00084f6acf94d0e0d3,0xb732396eabe30603b7a48e892fac3de5e80a2ea43028902945308c245eccf7ee,0x0000000000000000,0x1dcc4de8dec75d7aab85b567b6ccd41ad312451b948a7413f0a142fd40d49347,0x6a2183b29f11df46380012508f9407f30402b56338a8058508115483fdf49440264f1740a42840906932f2d0de7c81010641830bdb82b8383a59a820343ae6c8af80081469004d487917dcdd7d58106080d2c040d7403bd6a5a97ff380f4ecf81f8c9818038e60c220863c500925dc656764b813a679a631e0218abb08cb06029a5bc378332689b64444ce241753022545200235d7c121f8c5b08de84e1442b09ae9d9d336827719ce8158c09d669588854454492012136a8161bca6148404610b2c9e07ad1104cd024aa900003af8a37cf952c494e80a193b58f952ad6d286009beb18e18854480011d56c3230798249b18e98a8948844608fdec71f141fcc3,0x1ac3d5a70700eb2ffdb1a7ba1595c75d9ea496d60c1a510d4c11407bf5457564,0x107274b2b26bdaad1eef57c30dd51cab473d4c861ddca9f7af2d918feb76f827,0x30f2bcd5a4a70419581d04e815340a3e9f08bce38b1023aa87913ca26b905158,0xae08c571e771f360c35f5715e36407ecc89d91ed,0,58750003716598352816469,65751,0x7330653374,30000000,13486215,1674979343,134,12933955273
16511111,0x452117d6aa1841fb1ecf57b700d785d1f8dc06800c45006a9771c3abc424635a,0x067ba5858f7674396ae04ab0d9868321d5b1f37da7e622d3d5db9e77a4d17b06,0x0000000000000000,0x1dcc4de8dec75d7aab85b567b6ccd41ad312451b948a7413f0a142fd40d49347,0x2f299dc45bc0c4cbbe8c40738c17f0af17f236420808a9a3f62fec940618fc63107f42158d02e21b9fe29fc458020b5dee233dfc9e8bac52db3c5519556cb4389b52801ae24a4deee99952ec549409a1fdc048edba682b309401390999aff8153a29294523a6cffa3c93900007884efb3862d47c445c6420ff37d4bb85cbc636929ae54da2ca811615dc4ce42183c1365310886bc9e0060e0f48cf681a94162c8f0b9f6b09006e1d1aa043e60f21a4ca0c038325a2e7ebab1de50c2768ec2a6470b8d58245580ed92b3c453304ce11b644f8f2ff18de1c3d91f40fba1728f8d4acd724bbaed6b31d206f3f8000d158e6a39bf11581ae7056c71ce81cf52a0489,0x0b016f8b9159403e399a5db3a29184918a41bb7acd421660d578ce0dcc4043d9,0xff0381c1c7e25ee74ce70aec7ee2a0ef080303b31f7d58235b3e90d988376584,0xe70f9cef96972b728b14c4b5591b60a01e4273044c111abb9bfe48c93e7f55db,0x1f9090aae28b8a3dceadf281b0f12828e676c326,0,58750003716598352816469,66227,0x7273796e632d6275696c6465722e78797a,30000000,15141097,1674978803,151,13114775121
16511359,0x6533adb554af662a1ac3a34a987ed7f6b316bd3361129f1dd47066da37bd659a,0xaa8542ddc992da908e0d009d0dc9b31e579e443c55e633c4b5f0a44bd23389d7,0x0000000000000000,0x1dcc4de8dec75d7aab85b567b6ccd41ad312451b948a7413f0a142fd40d49347,0xb425c14795639f4069cb8a87e115f12c00a95b927d0bea51c1e195807c70bbe1bc0b2a75e617708420f1bb12880c093fca5140848a61b10c171193b17d3fe401a97c45b153142caee96053a8c410106c928e0f5107f0daf085626ecdca199c40762f5e8492026e3202a5f2ba206c09716204980090192780960495f72adaa074c3bac351b74a36148644e61e5d2644f3b6c44e011b10c81aa1048e645136cf248bad8501bb8a6d220cb7e3c49d308494a43c02c09caa5582cc632a4fa0bc0530497382d686b2c6f604204039489ed927635132f752ed8bb913260a336080f2452a9eef995171086093f99756e5ed52fa8537516389cb7a5e8a616849d1e725f6,0x92fc70489018dc6860a450f832c28bacb96f19a1936c10ea6420ac3fd5b45112,0xb51dcd941928cd268348cb823f5e709a413bbe6ee0f04dce14a1db5cb7eaaa5b,0x03621955518204d9dca97c2eb511421942088a590cefc4a27c29452380cb6f94,0xd2090025857b9c7b24387741f120538e928a3a59,0,58750003716598352816469,53292,0x6c6967687473706565646275696c6465722e696e666f,30000000,17086310,1674981827,110,13230928006
16510984,0x1ced1c0725e9937623247f3dcd659f1ad95fd2f6045e9143e78bc53c01ee0fdf,0xef358964983a2cf767fcb979602f4a38124aba69899e184b8895b82a5f3564ea,0x0000000000000000,0x1dcc4de8dec75d7aab85b567b6ccd41ad312451b948a7413f0a142fd40d49347,0x033101031146002af52d749ba5710a6db09b75186c1282a6b2b9a12892ae15201041e38c82a822bc20427d066a0901c30a620040cf88bc831258b013143c2c1228029bf2118a1d2c6b2253c8523262b282004a7403540c010052bd40d9141836821ac8502bc6cb420a88588000262ced92003c401afa05e2900a0bd980992c6c1b21475a204e193c014b860109925a3474541c91ad4c88acee344269c4f83e739fd999d7a100627c013052c781aaece1b4602a03e05402d208010a6720d3041057c38ad70c5882c40508210256b35174634fd1d011cba0554f064822b049f8c20a33a49a28880813e24c5ece8c69113180726136eb8b9854c6a50c6080029085,0xee08c70ebd064775b61fd6bb3e32d19c65d1b66c03c90b40645298fa5343520a,0xc7a8da6735c3ed86a21a6c1b8e29542b04927dce7a7ae5c462dae54c68bb97ea,0x3da1bc39f9363df500de53cea95d0dc41bef8f3938ba2290908890570e084dc7,0x95222290dd7278aa3ddd389cc1e1d165cc4bafe5,0,58750003716598352816469,100337,0x6265617665726275696c642e6f7267,30000000,11277248,1674977267,99,13741998748
16511157,0x0f12e287158f42b2bf7a94e228902a0dfe5ef51d4332fde447b015920e9ac4fa,0x290fcbd6037100a0560905f5e6ee690db68da01c95334a00084f6acf94d0e0d3,0x0000000000000000,0x1dcc4de8dec75d7aab85b567b6ccd41ad312451b948a7413f0a142fd40d49347,0xbf3942c66e2ebd1c38483075c69c89fc9b25b8c9640087b6b2dff8b44fd0d50d16fe969eb4a25412e1b0a50a0af24d2fd7777c40bafeb0b2357df01d4f6b79939e6e1d98f2401e3fad01f8df77a050688948382809c4ae3500a7cd338a89383b2e87543022e6484c41cc982d3e7d0ab9786ac82c01075534a28451701bdc314eb20838dc63ab04561463468293da5d2c768d2595891a301d16a45feb003372b4beefffc3bac6651a8c1491e4a160ae69e7c118a4c78a4267c1f53a2658840aab69420fb7e029e9c2712ad10a70ccb664c0f2b77fbeea165b0c2cdcc74a2b257b96feea8f9161254c290f9ed4e8c1b7f993c18bc2bc8b85d0238c4be7b539469b,0xba8ad97845d29ef956ba9c9333ad835074ac1d0b97b66c0dc067e3632472dd2d,0x469d8698dab4678e4362fbc4026de1ac1c9f010609555a7f017289c400397abb,0x2fcbd40744c689e0df6ed84fc1b95977cfcd175793b20ac9b2546317e752ab5c,0xf573d99385c05c23b24ed33de616ad16a43a0919,0,58750003716598352816469,86301,0x506f776572656420627920626c6f58726f757465,30000000,29277917,1674979355,122,12770795044
16510985,0xfc5f3034251ee72a914039b0252f503f5dcd56eddd8bb1eeb3f4762708132068,0x1ced1c0725e9937623247f3dcd659f1ad95fd2f6045e9143e78bc53c01ee0fdf,0x0000000000000000,0x1dcc4de8dec75d7aab85b567b6ccd41ad312451b948a7413f0a142fd40d49347,0x766115105124825ab8200cb6855d30690f700b134d48148691138100a4321084021015d28342101034467bc428e933328e451e5199a22c30300d45f900e2e9216794e5a8f202594938a252c99d34c06184bee88103ca3901ad0c4d97e9380913da6f11d1070b9bc73890983750c228a3cb9210050432c50cd22955799a3ad41c023112122a6e813c04c172f641854074219886cfd34620386824366142363e609f68196bb8c06a081a9201f05026c7f9cf64f21101046a5a03c50f1a39348430d27852b7590c1be41142504081e43835c46072c416a980191d34686e0994b402e135660d9b000b42a0a58ea280801e20a0e8e90ee598c0454a953f52888333b1,0xe4133e3347fe963018c37b91e8c5ecc121fa53eaf9f0abd605de84959c16c8ac,0x10ffb06f1d2c1cc973faa6d3767114835927de55d49102cb12020409b8ac2ab5,0x38559490c7db0812367facaf5dba4b3fe8cfd204241ebd9c88ce60da713c1b76,0x95222290dd7278aa3ddd389cc1e1d165cc4bafe5,0,58750003716598352816469,69709,0x6265617665726275696c642e6f7267,30000000,10990067,1674977279,98,13315681637
16511360,0xb8e25439d6b5888c5f42b50f62006360e6fdc7296ed2ea231a866fd716126bff,0x6533adb554af662a1ac3a34a987ed7f6b316bd3361129f1dd47066da37bd659a,0x0000000000000000,0x1dcc4de8dec75d7aab85b567b6ccd41ad312451b948a7413f0a142fd40d49347,0xfa215597cf99da8d181ba92aa100abaf080b0ec641150890a859c1aaac422d461d2a1f088451410b40583b1a4b00094b870121309e62689a1e5083db302e2d200b4ac29840004c2e3f23dc09ccb44462b870478d51c4ba6c0751a444d968b89556cb0a7043435fc2b3901006b567a851150d50c90b700c52c3011071887a0a3e5a46b3544ea2155910510828503102e71206d6850d80828a50210f58485223b58e29d9f59d206b038c3b67e998200cc835904f20e03eaa8aca743a72980c90c0fd20e0028411070020c099524475f2637b5b04f0a4c8271827442a22c482f8200cba7388cd9572690c5c149120a120358099f043694832c061d43980bb0417e1,0xaadb0436686d8f1f5f69f0f8a579c7dc8f8030da7946fd53d1862b85889cd254,0x63e0b43d7afb2902d350aea7847de5c8b5f0b65d9ebfef203bbb6c55268fd14e,0x33a6e12219786235c3c65c4b54e5c0f8d8b5c35cd3f0ae206d22c876e887303a,0x95222290dd7278aa3ddd389cc1e1d165cc4bafe5,0,58750003716598352816469,85003,0x6265617665726275696c642e6f7267,30000000,12952408,1674981839,105,13460959817
16511112,0xd8c31c678e6c3882d130cb649c50ea7bbc15af9648894ab5e23c3097a5df6159,0x452117d6aa1841fb1ecf57b700d785d1f8dc06800c45006a9771c3abc424635a,0x0000000000000000,0x1dcc4de8dec75d7aab85b567b6ccd41ad312451b948a7413f0a142fd40d49347,0x806334154549da0836872009801835251004058030c648004101111879a089861125c1a28ed80ae44082b5924a004150466289638a063a4a10088551343625914f8048d80802cc28eb1b50c84e410020468048400e451a4120000e3184aa9909324c0294220264030cb41840a4298c71b00a0539143aa418b2031072600e0404528501260a0200a714e01852854a9825748058a50148d48c43200040ca1012009a1c9145b1a26c444a8043e0df748594292c41111030e06a40e00e4e42080012c13772431214e0e82841340b6226572045e0227394aa8851040008e2129460028430a008c420af21114d0a941905102480208709010800424855b9028c05b4a2,0x9d0ad815d4cf1619b2ba542bce60c997e095152d7c75352b7accdf322341f3e3,0xe8b4d870911ef76c39b3f737d212313185489beba4434e32a5e812c07223bbea,0x0efd85025cd26263d81c1b6444bed692ad456ca8c0a1aa265048fd83e8b44390,0xf2f5c73fa04406b1995e397b55c24ab1f3ea726c,0,58750003716598352816469,56819,0x506f776572656420627920626c6f58726f757465,30000000,7872815,1674978815,83,13130195582
16511158,0x75747a652aaf4d23f50bdf1833461eddbe38343c004dd5f91e725605357a188b,0x0f12e287158f42b2bf7a94e228902a0dfe5ef51d4332fde447b015920e9ac4fa,0x0000000000000000,0x1dcc4de8dec75d7aab85b567b6ccd41ad312451b948a7413f0a142fd40d49347,0x39294108a354f8103066800acb14e13b84213d11c102004ca023a386df00a70003c74701900848800e02ff1a7ac9192873004018db08380830090503ba32abd3a822d921186080a8fb03e3c8200638e7e0d411ebc444185904039d2d9c09b8083e98115d128ac33e00088b101bad486b9231286921573c40c2be24d1435c000e966303b9229a01860c405c3d11d60834740839a39d4a00694ce2f1684e703b109bc8436381b36703a880c4c60764818c114490606132c06219e50dce61aa44424100c1f3088104c13022c0d0081563eb5a41026230af4a316824b90700cc22184cb8b06dd8de98405d2d3ebd0d4799008027498053088450325d8a10b085f082,0xf9e8f57f57d85199bef8c2b0ef746c7c0dae382d7eee7b45c695deb40fe0bf54,0x143c636348590f4be61e9b9ad8a92ac830934f0a46ae1aadd8bddbb25e773b13,0x3be59e6ec86b466e170183a3be307f741dbba0721fcefd96b9e0b42b2d93c367,0x5f927395213ee6b95de97bddcb1b2b1c0f16844f,0,58750003716598352816469,65862,0x6d616e74612d6275696c646572,30000000,9420063,1674979367,98,14290297974
16511113,0x1147f8c74e36b74235bf37dd78242c4122c161dec12eda90f50e40f1cba54dbb,0xd8c31c678e6c3882d130cb649c50ea7bbc15af9648894ab5e23c3097a5df6159,0x0000000000000000,0x1dcc4de8dec75d7aab85b567b6ccd41ad312451b948a7413f0a142fd40d49347,0x55fd6f67f531ffea7afc6577df9c7fb709c19e07ee7ef5293ecdf656ec72ddf2473ff3038fd85d1b26f53e769d7fd3f202b3527d9ff97bdfbe7fb2f0dcfefe88370edcff595cdf7efcaff6fe5ef266f6a4a9c9739fdd9ef8dce2f75fbbcd7bf51eb16d9faf9678a4eded7e92fca36d798b26d57a95b977ebea357d7bdafbdf3773e36f75aa36934cfcd36fdcfdfed2f7ffefddddc7cb4ebfcf2256fe26105bff9ec9e147f38bffefbe9ad7f7db7baefddfffbb24680b692a23af5afeb8fd70775fd2b3a24fab3bfbc25b39117e4653775a55f6d3b6ebc27ff9a7bdcabd4bb63b2ebfbaaccd0e159ccf1c7ab5f7a917afcf3a354f93dd985be3fb9ea9f6d27ee3,0x36298cb02b5b94d74f8b9bddc3624364787022576bc36a4aa34608375f46240b,0x7a40d2d7d3860091f18c32aaad823dd8bb84686f2007fb7b66c2ad5c9f2ccfc2,0xbe8f28377ae0effff2d429199828e48047afd474bc43733f3a5fd1e1eb4a4668,0x6d2e03b7effeae98bd302a9f836d0d6ab0002766,0,58750003716598352816469,66768,0x506f776572656420627920626c6f58726f757465,30000000,29883797,1674978827,144,12350351141
16510986,0xcfa5e8b434357516486c101230da8748c8e6f384413238a463eff4f1b01a3da7,0xfc5f3034251ee72a914039b0252f503f5dcd56eddd8bb1eeb3f4762708132068,0x0000000000000000,0x1dcc4de8dec75d7aab85b567b6ccd41ad312451b948a7413f0a142fd40d49347,0xee620347c6f8bfd5fa0d17d78f5d1679a8d62a334f506f72f5958a96bfc715a0c1174f00a032298294d65efd4e101582a3c789698b76bbe18f9ea51f8f23e8e620f5ce3c75c40c7cee33d5e941a52cf5bc96c4fd96e11a4d29337f55df866e577fcac296ae2b5cd7268940c713222a7bb657b225495fb57a5c107adba2fae675432b4e4b2e83bafd7dce6ca009bb32c737e38ae5df46403c6c2fd3e38ebb33b3bf68255d5bea6b5c2a3d47a85a27c6d927626442c3c3af564dd4cfbab7d2402fd7d08193bd23485a3c041328d6768ff6795db2e871ea08fe0b877c325c54b065a1f136e930da43de36c4385969ad95689e285d2e7cdea96d16f73dc7aeda33ab,0xdab638025b2fac26d5187c11737a83ec24bab7f6687e47068f139e49396c8f5d,0xaf5f63934c4fc24c89d5e87bd2a93050d21a9b46e7a7c0e30e4919e9a4d689dd,0x8e6cf7137c630f19c616dda123ac2d77cf4e1213b1919a6b11820eb2c6f13df7,0x95222290dd7278aa3ddd389cc1e1d165cc4bafe5,0,58750003716598352816469,74501,0x6265617665726275696c642e6f7267,30000000,29841548,1674977291,130,12870723377
16511361,0x48f1487b12418e1381311ea581367c63fc3c3e938f5e16174adcbb8aa59f4016,0xb8e25439d6b5888c5f42b50f62006360e6fdc7296ed2ea231a866fd716126bff,0x0000000000000000,0x1dcc4de8dec75d7aab85b567b6ccd41ad312451b948a7413f0a142fd40d49347,0x22ed1901becb977011843097a50ef62ebc633b7130103830da39c020cd4c1049882c93528838c3aa5351bbde1b1891a1ca210adea883f9c70718d25155efe719012471100142dbaeb8c672f9f47078fd937422115f456e1fd3012c61cc43bd13b24470e5b3874cc20fdbb286cb4be9798720f0215b51ed11f2307d5d83ab859c1e808e576ecf990c64c6855d013203377062fe914745030b6a24b25fc21a0205baae436fbb627b21b974eef18449e6ae8d3c6b3260a253ea65782aeab9f0205268c9d0320e99d2700c508822fb9bd366f5c536eab6eb853c3da53a2a04c6681549fbbcbba0b42bc4ad8f46f246c5f03476145848095cbdd1bd15e9c6c8b99e80,0x0f8200349b1476a1bd188013d3cb946fc261f18129f84967fee01f8e72c46bd8,0x0e97831d88ed0994551cb8040bbb2104344a68a443ec3a48d49950e22f07bd72,0xa50b13b4bb4b8bac48f98e6d494f22da9845ce272108def4c52449af14d3d039,0x690b9a9e9aa1c9db991c7721a92d351db4fac990,0,58750003716598352816469,66242,0x6275696c64657230783639,30000000,29218375,1674981851,119,13231271871
16511159,0x9957cd3136a522ad6f77dad6a9b0ac3e69c4f6f84f76e1d2d1a1ef65c8d4eb45,0x75747a652aaf4d23f50bdf1833461eddbe38343c004dd5f91e725605357a188b,0x0000000000000000,0x1dcc4de8dec75d7aab85b567b6ccd41ad312451b948a7413f0a142fd40d49347,0x156bc1596f489ac3b920353da5ad3339551e1d8b0fe85421b68781035c12147043f92160c04cc880d2443a0578b2917083751c3ccf592910a158515048e9a6028e53b0b9c19a498939a3f1eec42446f25e933e04db427f089c696c73b16068c99382e8f32f9b4cfb030d21f00dcd2ca1d64b5ae189015d1dc886109109b8ed541b0497587743720ef4e0555285d3a66dc8b09105ab5df35fd02a8974129182138bdc8933a680ed330b121ef21ca6878f258d40606922a26398f10eef38cd546f19b83c7725d050d031e448c000de0cea62d882d397ba0a3b23260ac37a00a626353ebb8c290ebcc0540d7e8400abd036e7640720462f4c4a6961ed808305bfad,0xcb386b14d1b71774712a952937a93a60fd7f8b92d818a38f8a2e432dc28684b3,0xfd3707c7b1c36c2614fc12bd61a65192d65c3a3b8c7568616f62a68d22867274,0xeb83ab812fcd880398c63a303eec9ed191954a5d23ad68bb9a8b2f9ed2e3b71f,0x95222290dd7278aa3ddd389cc1e1d165cc4bafe5,0,58750003716598352816469,46058,0x6265617665726275696c642e6f7267,30000000,29664057,1674979379,101,13625806621
16511362,0x3553862b1bbd672accf6bb5beecfcdfbcb57edaeeeb14b8bbdd86a9ee2f1811a,0x48f1487b12418e1381311ea581367c63fc3c3e938f5e16174adcbb8aa59f4016,0x0000000000000000,0x1dcc4de8dec75d7aab85b567b6ccd41ad312451b948a7413f0a142fd40d49347,0x1023415212c6987d20b901088c24292a2d61788b9c5a52a03853c5fadc25053084fd121884a0007080402b89ea0e4500ab0900009b642d0631085254002ea0301b0ec0b8869ed51dab8179cddc8420611b807104d664d8c62cb39824a820383313a8390013d39486ab9954a88044c8210a40d41384184d00b2520695f96860041e0d00c051aac90f88480c0ca123a8a649924d01894600293c00d55087d200609a0801831824e802210144c0813c888597616257dfa4a01a48680dba540740383309269204081ac6c121c88175827a73c3f042d0bc99785742241832dc0165d104ba68b8122406c48c3642c0230152b085548332e9c88f60e0c81c1b9002e783,0x756c5db62e8b3b3d053ebbbfa072ae3223a21869327945684a2344e45085a58f,0x701bb5a1a9aad6d8cd6c28843a8356225dd53e864027645cab9fb688ab7551c9,0xab7f2128a6b2da98e40a64fe505152e122d559b6875da0199bcdcbbcf98c6cb6,0x690b9a9e9aa1c9db991c7721a92d351db4fac990,0,58750003716598352816469,44473,0x6275696c64657230783639,30000000,9206877,1674981863,90,14798998414
16510987,0x614f828a0ec7068e86f18f3a65215ab668b14e751b6c3c91cb0bfa9f9913a185,0xcfa5e8b434357516486c101230da8748c8e6f384413238a463eff4f1b01a3da7,0x0000000000000000,0x1dcc4de8dec75d7aab85b567b6ccd41ad312451b948a7413f0a142fd40d49347,0x1621c10005c0081638c810009a1400251014710108c0100548ab000aa5a025e0502a0b30a000040ec4405604a805e18b4a63a0108980ab001b1841811038a840a8d2da1050411d3a2987d3e804d0006485142121464808bb2418b544c0c08a73164850000202c2ba00c2008110202b618a82323010f82c06d04070d108d860500820875ac4a2080610641501219025e636443081bd0884884624886069b316809b0a154204016a26821143e60060c495740a0200200008c210122e09b20005604d30008b84100982b491006b098309a4d1c10242108848b5240648629194a8c00838b04c008f8c0482052f81801214a0e4700725009881c0a4898954a9009413,0x7a3d80fb4b18af266f14a80e092be2427660bfd712b7933108b9bac5aea333dc,0x4471249c63baba116b0201203d01b3c383696f80bfaeac6c0ac48246e1423741,0xf81d7936d17c7d931c3e39cf36344710675c1e6eec98519fbeb3cd0a003fe7e9,0x95222290dd7278aa3ddd389cc1e1d165cc4bafe5,0,58750003716598352816469,46195,0x6265617665726275696c642e6f7267,30000000,7574065,1674977303,72,14462568866
16511114,0x338f58954dc9a2c415944ff250f4b56f1b1bc0b60791d57ea294a8a6879c745b,0x1147f8c74e36b74235bf37dd78242c4122c161dec12eda90f50e40f1cba54dbb,0x0000000000000000,0x1dcc4de8dec75d7aab85b567b6ccd41ad312451b948a7413f0a142fd40d49347,0x066d51219541e8643a91d03681495029418350810eb44240565d509244902526c08e4554c5c25d994600ba100a640b9c8301144a9a00e8041589581154adece10836b240c0218c3ae90e62c905403f308c8a014142460b50159d741c81213c131624440836a36a221d80109010e22a6142434772495a4670b6318352489b6a2806400a5dae26181404c484442118d16eaa06d067c9b0508e65e1084c8234ba1c8fa98b0e489d79224012d2e1a972a4c4a4504c3468908e8a42e14812126c890493580a228422a9fe85606224c6c600a4567146cb12cf151995501817ea907a680070303903c041e2120d9686a2011621edb80178496998524851f8299701f4c0,0x96dd6d54d5759ff7c064e4ec261dcb3ee9bdeea6235411c09fe7ca04f3a019b5,0x273f20ba6a0bb0af519161a47feb0a2c539044925b54065ca8a6a4f5105b5b31,0xc52db9195c39c74788d09dd972c21265abb909f37b806d86b43377834d235d7a,0xf573d99385c05c23b24ed33de616ad16a43a0919,0,58750003716598352816469,149766,0x506f776572656420627920626c6f58726f757465,30000000,12597020,1674978839,96,13882185468
16511160,0x3974f06ea6bf32d82659154a27db6e42efaa993c0153d8dfc22d43678156cac7,0x9957cd3136a522ad6f77dad6a9b0ac3e69c4f6f84f76e1d2d1a1ef65c8d4eb45,0x0000000000000000,0x1dcc4de8dec75d7aab85b567b6ccd41ad312451b948a7413f0a142fd40d49347,0x583be1884988d9c7b4940c81a5e4a02e094f4740560400066009505fcd2283000004213e933303a986392e060822353c8aa04a34cba02b082201c80301216858c6028e15398c48a9286173ebce88c17b400420a010484a4002259c629864108102cee0018b6302804c860ec9046ba8701f9048c5d900044480860e7410ca608792aa2948501aa434a8eb9125214200b7b0f4842935090cda8035746011b475e18fce8943e410f08308e15aa0a06283c0808a1584c660901268704ca88a8842604350a372004036d0580c872d42402c905d6a20e89a888053a004186a1422ac210479a80956a6042a604d168c76a191a8c5acc144816a005408c87904c2199406,0xd18542439718549205836fc8cac7be3e64df92c548cb5076933a6039a41a8f68,0x206fce506823c562188f983d56b1baeb4e64475d05e60a5e98be99220a0b12b1,0xff5b7d17e4023adf792a2c6fbc6c6aac4a8ec19012cf688dcd474c4792c7457e,0xdafea492d9c6733ae3d56b7ed1adb60692c98bc5,0,58750003716598352816469,27989,0x496c6c756d696e61746520446d6f63726174697a6520447374726962757465,30000000,29989574,1674979391,99,15290886662
16510988,0x574b30fb1de2f4ed4ab5426d26f0cbf426ef7ec70efbf23f667d53757162343b,0x614f828a0ec7068e86f18f3a65215ab668b14e751b6c3c91cb0bfa9f9913a185,0x0000000000000000,0x1dcc4de8dec75d7aab85b567b6ccd41ad312451b948a7413f0a142fd40d49347,0xcefdf3bfdde7ffffe4fdf166f7edd67ffed0e7e2ff9efcbd7a7df7bddfff9f7b7dfefec7fee6cfb93bf6efdbfdbb7f7bff3f3dfbebe3ff3bbbef67d9bdbffffeadefffbfc679fdf9fabedffcffb5f7e9f9334871fbfe5eb35ff3b4ccefa6db7ffad593bbefdbfd76f6eeb76fdf63cfbf97fd75f3f5f7f58ff52e47dbbbdffd358d227fff6f2ef70d8befffbf637afffff76b3abfddfbc7fbc72feff7fb7bb7cecfedf75bb3dfeafffd79beff4f2baf6facbbeffbeffe637b594fefdf47bdfefbb3ba66cfb71df9fbbebbbfdd5ddd9dedef7df6cbffefdb5df77aaf7f99f7efc9dffffaeffddaaad9f7bdfffcd4d75ff9bf36edf7d7fbd4d774fdfdfee7bb6fb6,0x723f9da0734d2aee74ab36c848f563f7f4fbe0147b62f5bb661dd3f34fe6495f,0xbd9c5172e4557232b8058678c29dff37748cdd0152bfba4788f06a6d0836906c,0xb6c7a089713dd0fadd2ade871ce54d2fa26473ce29f10f210aa4cbb4a91385a7,0xfeebabe6b0418ec13b30aadf129f5dcdd4f70cea,0,58750003716598352816469,110560,0x68747470733a2f2f6574682d6275696c6465722e636f6d,30000000,13629638,1674977315,116,13567584730
16511363,0xa8ee6c377167472e517c99a0bf1507b45d19437949c83a111fa4959266e93cf5,0x3553862b1bbd672accf6bb5beecfcdfbcb57edaeeeb14b8bbdd86a9ee2f1811a,0x0000000000000000,0x1dcc4de8dec75d7aab85b567b6ccd41ad312451b948a7413f0a142fd40d49347,0x487e85024289d86b68eb1266ae18c12848a88519329248a743b10dca9800a92ebfa5530282481a494b61311acc06c18183ac29949a0eb40d0295bb585e6aa8b71102c191c0182c68f83212fdecb0a8b2d4a300815fca8b1314220c5fd89d59f23e09b140c29f0296e9e2df00b8bccc105160ecf0a059ae6310181570981a926502140b1b829f0384ce4922ca29c644bc201804c1ef00002fe620507c203219d1deef0109bba6fd51d8158492c400dc940406e83005a0153269c1040e9284439047f1522348a38c7a1310b5b2c92b704c766916c07ca9b27952144f561cd8b0c9c4d8738d2250d660520d90f41109689550187268f91a40740582190280833372,0x392cbb3724cf12153e27c6236ad92389128f34ef53d6f22f2fd1597c3dbfe0ed,0xc5a17c360255b31ff93d4dd93ad9db06083f4a1c04ce8b01f4376691eacfe554,0xcf5a672b9a492d2ba9365f8de59e08256565e75c7e86b61614fa2e4b06a7458a,0xdafea492d9c6733ae3d56b7ed1adb60692c98bc5,0,58750003716598352816469,60107,0x496c6c756d696e61746520446d6f63726174697a6520447374726962757465,30000000,11581615,1674981875,104,14084561597
16511115,0x30c89438f2697029c552ee9fe1a925aff39e5362ca00408c24438d0acf8d9f17,0x338f58954dc9a2c415944ff250f4b56f1b1bc0b60791d57ea294a8a6879c745b,0x0000000000000000,0x1dcc4de8dec75d7aab85b567b6ccd41ad312451b948a7413f0a142fd40d49347,0x09e918049509060833ec405081ebcb3372bb9a0e6d3c700c3051e489f623a0aa531843f0c089265902a7bacc4f020b5626b724009ca839a107784a2318ae34004438f792c6425aaaf94b76cefc1060f18bcc709254548891da053661c8747eb91e5a50c4b2aafb3a50b518b0810e6df9801d086979f026a5d00019b7108f845612648bd2826ac85c844ddfd03b50482631c132c1ef04a1186c7c00c143f6daa5cacbb169acf7e7210b597ae09c2e9dc92dfcc0406222088ac9e59e14229a4074676bed0a021b20d20d3866c808b0f2244de522675cc820590e34bd468214f2401330b02c8c85000816ad36a4cf9a58acc610c7fee53aa842088da8f2fae3d523,0x4f821ba4805e2b606da7600c86d6bdee12152b52a8f61880990e2d5dad96eff6,0x6071ee9f9ded568640974843117662c2bbd37e495cb460311c9e21ff95f4d0e7,0x3312e264ccaebd788f43722ef4cf0b95e244231f2161c9be321844560e18865f,0x690b9a9e9aa1c9db991c7721a92d351db4fac990,0,58750003716598352816469,62362,0x406275696c64657230783639,30000000,13829656,1674978851,150,13604197018
16511161,0xc733f0918201823785a5cc395799f5d17f5b6da53a2958bb578035d8c9a32c68,0x3974f06ea6bf32d82659154a27db6e42efaa993c0153d8dfc22d43678156cac7,0x0000000000000000,0x1dcc4de8dec75d7aab85b567b6ccd41ad312451b948a7413f0a142fd40d49347,0x002120181010a160a0082340d4a42829400828012b0810a08c1180520622254092101c1ec0240000814803090d400109c221000a0862a0220150401021bca0040000808b68c38008280800882410742082c0464002d005180c0048808978090118210b400642d883008c210021000839800014b0208a84208220003118894104c2218140422291652061250017000024a90001a5a140d028104118d20210a568caa8630321406ec0604040e0002ab0811c0800000300281201680e0a81a4416125218012000010d4108010042202f020c00001c0918ba031008408020000a1206010a08408200000806a0284012010b080c00b04a008804044cdc816c0018481,0xe2266608cde98ce2037239a3f3bc3c69dd8f18d84bc77503500ed12111f7381e,0xd2450be6c6081be126c09b14059fdf36cc253adbbc240ecbaf9f8463712fe869,0x12e2f15c91778de963ec9707d4efd600a27cd42d112ec46871a88d21771f906f,0x0c10bba91de02fe16de5d4a5d34ea4b228fdf9c4,0,58750003716598352816469,45119,0x,30000000,6246824,1674979403,47,17200918971
16511162,0x9efdd1018e9046f57747582e163a8c85cef070161639870b5eed66b61c1a42ad,0xc733f0918201823785a5cc395799f5d17f5b6da53a2958bb578035d8c9a32c68,0x0000000000000000,0x1dcc4de8dec75d7aab85b567b6ccd41ad312451b948a7413f0a142fd40d49347,0x3c2942a0d31e9a58f0082843bf15432b940b3728181002a0d891f99096228489d99b990984c8d16c8085dd54188c5167aaa161609a6879aa02188c1019baa0004241d05d5a121c2c694f62fc6436efe485948ca4c640194167401d51e8056ea15288cea28ac2c22300e4198d086049e9925a487c41472401c20105d584b834441268975c72c20554f449cd400113366dd585a70571c01258642140f8d3557a2b8f480149288f6e638be666e26de2ecc915450023621069434167ae3e501d4043c151b616a59144f095208da17299daa86a2902e210a80e3d0fcc28ab1219e43025baf90b884a0086810d5ee1bff55c69842c01a1624b81c688ea3e90f471b4a2,0x2ff1c851d807e8dae7c71c883833ca4d6bbd51f427dbbfe5f331ce01ca1bb096,0x2570bd385f028fc09ecb5995d70382300ed1a07ba95a8bbc67c2b6ac88844260,0x9b7a5fc227f415722692c1bb4be7722560db23039a268411d281a271a7ade8da,0x690b9a9e9aa1c9db991c7721a92d351db4fac990,0,58750003716598352816469,77117,0x6279206275696c64657230783639,30000000,15259434,1674979415,188,15946230046
16511364,0xc0dd969dfd567101be6327cc4f1abc14091e0486cc7137932f506eb8b5dadf8c,0xa8ee6c377167472e517c99a0bf1507b45d19437949c83a111fa4959266e93cf5,0x0000000000000000,0x1dcc4de8dec75d7aab85b567b6ccd41ad312451b948a7413f0a142fd40d49347,0x7f2d41042403986d33a214c1e44352afd4a5ab057030cc1cc82b0641fc84b7aefd1d5293d00402c801da850d8e9021a3b321a1909a0fa144725123f2156ea881188d56d942302dee690b78bbc075156c986096700be49a3d2e132872cc049a06374c291803860db22e68a0818986cdfb1bf28d4332513cd0d2aecc7a2bcd40e686280f64326e92ec5040c25b110a0e257497b6811345f2583081e869a8365e15af5885735f80e892a39cd395c960e48277608235052613cf05d00dde60861b37ade55023800b07c8ab4150036f953a16c6590cd2d6ee8b1bbc9df8ea5db2f0c446b8b4d981e682e08a6d2ae635053d0680710320c12aa750b4063aa2a104c401,0x640542ca2ba7bd14f77b62185b0c6e2c0cb86542d69dbc5f05a9f6879fee7de7,0xcc83957130c6ebf299a1fd7508656aa77048c30c2c9a517211f1ffa4f100e8f8,0x6d3ac4581c84b1c2be6956b167d660c7dd824e9f66e96d46f00b60f481311abb,0xbaf6dc2e647aeb6f510f9e318856a1bcd66c5e19,0,58750003716598352816469,145983,0x4d616465206f6e20746865206d6f6f6e20627920426c6f636b6e6174697665,30000000,11993855,1674981887,132,13683341147
16510989,0xe5b0ace338423d0907b7afd5abacdbaf811e8e40fc116f999653e666d9619363,0x574b30fb1de2f4ed4ab5426d26f0cbf426ef7ec70efbf23f667d53757162343b,0x0000000000000000,0x1dcc4de8dec75d7aab85b567b6ccd41ad312451b948a7413f0a142fd40d49347,0x0000000010000004020000000012102400000800000040000000810000b100000000001000000004000064000000010a020080008800a00000000000012020000000808040000008e800400880004004000000000050080200001001a00000000200000002128400010280a0000008028000000000000400000000900008802010000100000280000000104000400000040004010100121904000200001000088a0801028000704000010280200802010400000c00000003040004402000000000000002000008000000000000c4200440300040000800020020080220002000401020080004000080090c2004000080004000008428004000080b1080800000,0xdf74397a2e77da237fe49f19b9e22b135d30c31a77ce6d1eb483d7c6676cffb6,0x663e0e7fd4504d5f0453900105c49dd4dcf7866d7a953eab2985dcd6990be0d4,0x63c8fb15f9ef8eb03b5cb15943727c0e306a5975def7b0bbec15abf661e5d54d,0xfe1e4447f5b124227fe45c5e7f0b9c878cf782c3,0,58750003716598352816469,10692,0x,30000000,1486724,1674977327,19,13412647209
16510990,0x1f25e6a928c3c26a0f85e264d78f338fc4af2b64af149e3020552a58210475da,0xe5b0ace338423d0907b7afd5abacdbaf811e8e40fc116f999653e666d9619363,0x0000000000000000,0x1dcc4de8dec75d7aab85b567b6ccd41ad312451b948a7413f0a142fd40d49347,0x9ffd4415dd4cfeb07b6e3ef1fc7f223f9c7d74577b2a5c087d05af273d66956e95177ed197c5bbb894faafd88e3b59d3de75b7aa8a12b4703f5bf697cdbeae0bade9e816f966ca697b09d7fffd82f1e6deca29b1954d1ef92ea3b9d78ab9799b1e625574afb7f4f79fb0b89d545d7c79f24d91be866deccce7028bf3bfebd8b4570919feae7ec955de6b5e2203d256e67cd486b7915902fdb516727d52109ba6df7dfd9b93f07ffd82f7f7f03abaaee755dcd43079373c1fc95abef75aa9427633b4f2c6bf13b8e7194ae883a4e6f4a66e47fbdb34bb095d5419a97ea9f0f54b737ab1c92534a1d5d96c1ef565a1d8b4a77ea752bbcaaa4be0c9797df193b799,0xe0e8f747e7c9c8668c4b0ae091176d65245d366bbafd6f504b4d5095877c80a7,0x50617e66ac8a79fd6aa3a7975e415f5a7d57d67ba4df0297999e9ae17e26d5c4,0x709a9ceb0fb86a8903dc5a920958c765801be33ef7430a92bb4804b0c3d3a984,0xdafea492d9c6733ae3d56b7ed1adb60692c98bc5,0,58750003716598352816469,145595,0x496c6c756d696e61746520446d6f63726174697a6520447374726962757465,30000000,29998004,1674977339,305,11902240513
16511116,0x0bb8a4d89e0420dad74622c798bfc79de82c49c990806624725d7c7867dd2b07,0x30c89438f2697029c552ee9fe1a925aff39e5362ca00408c24438d0acf8d9f17,0x0000000000000000,0x1dcc4de8dec75d7aab85b567b6ccd41ad312451b948a7413f0a142fd40d49347,0x8129e8b04509c3a9a8010b6eecae8029d08944107cd885032c1911646f269fe7c110fa0344c11a85108e8edbda7911ed8723b4f79a4430f120d804f310ae64738988c0b844031888ab10f6c86f9118e38ff25141d466284465d0ba08ab30e1f317881e8042536e2d0dc20c41962a6d6557a8c8f86c38ce71ad113df70a9a618c215223c7386b931610f04e049506137595ad62c1bd58159d150c64c7033e1b2adfab318e2bf9e902f85902e0362ad4a484f868153008a98ea2658d48959c59667537fc6a50a2f3d2e20112b0a8a678126543027bd48ec819242e3c160833e06a4031b0aa8c20828b4604bf92c4495d0db472e3c103cf94c6ef0ba990f591f7a3,0x281225dbbdb72a728201ac5076a1b55fa1547034c484b4aaa20e83254f604c9b,0x084181ddc5de9607067f868e2dd6f656d9042567528943d065f978bf4ea529f5,0xb007b92fe9ea9f7e35567722406d1e4433ccff9568660b9dd139e430e252a2dd,0xdafea492d9c6733ae3d56b7ed1adb60692c98bc5,0,58750003716598352816469,50535,0x496c6c756d696e61746520446d6f63726174697a6520447374726962757465,30000000,13350054,1674978863,94,13471517099
16511365,0x4df2f34cf45d30ac9a61f3742897c9f6b7074d95662f9c49303a5dd8a8144525,0xc0dd969dfd567101be6327cc4f1abc14091e0486cc7137932f506eb8b5dadf8c,0x0000000000000000,0x1dcc4de8dec75d7aab85b567b6ccd41ad312451b948a7413f0a142fd40d49347,0x4a31199e93873e44284a07de9c7706390b9144d88513f085705b80513e014c0a5387e2d0c090894ac95686468d8d190b866f278f0e1121440350d23438e22e401244121a42128e287fc351eb4d7216249050ed704057861f524a2e6a8b651c41463caf0b628b8c82878430e098851d61c45fc2036332062496141a99e11fe035ca429143522a3d7494e6035a230bca2fada2104943c0ac2e2464a95b06da10abeaacdb11e881606c8b1d65e739aaf643878c560482a61a564944ea2bb600c1131ff85036d04d60d080032a6907711623c6747ac017ec1159955448aa463cb44440bd21882003834594858ecd059931b8e132e341e91a02c124983b20ca1103a1,0xccfe996c79d34ce4855a910792af5edd0868fa0714f4044b4dffc4a080c76780,0xcb4b581ca7ec9cc5b4711bd9b73475be3f5c08147722f92257c7477895846f7f,0x642744553bb86f5d9aecb1e0efba668ada5b08542f1bc8334c0210469a264017,0xdafea492d9c6733ae3d56b7ed1adb60692c98bc5,0,58750003716598352816469,86193,0x496c6c756d696e61746520446d6f63726174697a6520447374726962757465,30000000,13391434,1674981899,104,13340556918
16511163,0xc5182afc09c881b180c34912a0de56c8ba657b3342ccb2993290ca0c86d8aee8,0x9efdd1018e9046f57747582e163a8c85cef070161639870b5eed66b61c1a42ad,0x0000000000000000,0x1dcc4de8dec75d7aab85b567b6ccd41ad312451b948a7413f0a142fd40d49347,0x3029e0145349926938082890f08d027838069c200f2a45cd8519204a45460d2480060f0190a0d00566409d03cb8163d8930dd2103921a9c22218ac101aacaa28c0b04123874a19ff6a2a5accaa1025f082c04000eac440423480cdc48c63181c52494300e222083231928d4a30ca08695906a34a7d188d24be100912046d0cc40e84925016424954d458080465831e2415020845ad4a2059e42441fc0c355aa08bb811795120fb328290e9c2047085400700c8316002a88689eb0942442c1424421a8086460141f2b7404100820a13d1506922c89acc0315a114a8220c05a874183ef01b860210011107bea010c0968c81174760848ac0632c810d2c816054b1,0x3428a6d092e2c85457ee58182c0669a7df8a7f9997396140a727a237489cc453,0xa8719122d6413810737e8250b91a2282233ebc4095ab9c60bd8dd5e1df67dcf6,0xb71f88161c09a23517037e25cce9af1482566143cc8195ebd3bd8a60957aac1d,0x690b9a9e9aa1c9db991c7721a92d351db4fac990,0,58750003716598352816469,85887,0x406275696c64657230783639,30000000,16403354,1674979427,170,15980704998
16511366,0x12eaa3f9d512493331a2ef1907afd8db1f0b4c75dbf8094405cea60d3d12c286,0x4df2f34cf45d30ac9a61f3742897c9f6b7074d95662f9c49303a5dd8a8144525,0x0000000000000000,0x1dcc4de8dec75d7aab85b567b6ccd41ad312451b948a7413f0a142fd40d49347,0x76ba5d0110849c293ab921c894adbf3320bc3a4b4b38182cf50931125c0e014aff51561465d093199c79941ccaf4b300226200aa9b2be29a02f2f306d5fde1444ca0cc944a4bd6ec6fd7fdef48788ea9958c5c4085643ad04fe43cc3e3abf323df4898888767c58107ae0880a1d48d776c4180410c392fb4c2100d33ddae6924cf0b21c4739a1804c6474b9ad12b04a184363e8185f06c2b3000b5ec121192aabfdc5bb75b6165102c0545df107b9145f24004247d2fe07fd969487828078c69d5d6de07547108923c2714134846deb5c4e303e4968ba01d9e31f877fd21e4316abaed8905431242d5c54fc3800551bdcd1e9378a0ba6ae1641dde208093f8bc,0x8945126ee51858c17f5f46bdd9c2d82f138413f1bba3f70a9b3deaf1acdc9bb1,0xd034af1199ea80615e763bc180623ce77c25f28a2218d7ac1f489de37546a9e7,0x8bb172610b5ee16e4ab9936cd94365ec1bbab5098e261d01d58a6f2c1f867f59,0xdafea492d9c6733ae3d56b7ed1adb60692c98bc5,0,58750003716598352816469,107744,0x496c6c756d696e61746520446d6f63726174697a6520447374726962757465,30000000,15698746,1674981911,157,13161730533
16510991,0x907ffdd1c641da53d779613521046a71c6a0906af0a47c09cc1611f083d29626,0x1f25e6a928c3c26a0f85e264d78f338fc4af2b64af149e3020552a58210475da,0x0000000000000000,0x1dcc4de8dec75d7aab85b567b6ccd41ad312451b948a7413f0a142fd40d49347,0x14bb15da530dd253ede8610ba5d691fecff419cb2dcaa91211a722a26ebb9c0b12794202817c237fca41a60c6b01bb32ef4578589bc0f089b7d84817913cbfca4e04d816d00804e8ea8051ce5a53f2f29683bcb5e2473950372a7afea2299bb99348e08de2975aca1794fcc162ccabf5f89a6b09603da6a59abe43130aeea0402392d973a91ac23cb4ee2d8a5331013c266231b14946a2fca939c5ea7279be7f9bfb9bff0e9fec0e3dc251ef97e493bba5f0403c6257f1ca13c53a950261db384273323b0a4b57ed167deacaacacd5f6c95de6e854ce83558c6d38929cb8e411861e21cbe1d6050091dc5ec1c5413dfce19bc761c1b9c24a661b79cca04bf6bd,0x2be2f2ba28832d1b69b66413d52efbc7851bd469fd868356700674d915453882,0xba24ee0ed18c06e936ae5fa762be90008c39298735b01c7a27028450542724be,0xd62f4568407987be38665a8b00a85a7243b563421a014c7a4229938bf02030a5,0x5f927395213ee6b95de97bddcb1b2b1c0f16844f,0,58750003716598352816469,193076,0x6d616e74612d6275696c646572,30000000,18273963,1674977351,162,13389822603
16511164,0x067885c1bec1143ba2c46a5474da17c1340169c3eb5dc22022c1caa67f412a0b,0xc5182afc09c881b180c34912a0de56c8ba657b3342ccb2993290ca0c86d8aee8,0x0000000000000000,0x1dcc4de8dec75d7aab85b567b6ccd41ad312451b948a7413f0a142fd40d49347,0x0aa9580220061f28e8c90192a0113d2845411473650b04c16481744b7124b518200c3007d018bc080a0006d868f025c482e10440dac0b13d3541101312fe300d01180130825e143a681ae1884c404220a4c530a08e54b92088bdd201899138234601001592826026018a003e80eb3a7a981262f26602a4148e4e10920d79224610113546e06201ec00e1cd2540522720764040a1816cc29c2f2488c1419412f79aeab10e48da6c008e8bdfb41fec912885542804f000628302570fe4b04c40b30b3756a2088804d85848a21600075026c646004016eb44dbb50618ff9c586ada1432389c924d0d0054034bc201471020e51b4995c028a44090cd7d73a90b6467,0xaaace99dc279b3322c96afb8588c0918da3bfea0e6c8aaa317a58bef98b3e621,0xa0a9f00d9dd2db14bbb96ee4563c5de4ccb28f567eee30c8e74721ceff5cef75,0x88748152444a93ba39c8e17f5c0fff9fb51bc859d9365214b5501e55a584b554,0x690b9a9e9aa1c9db991c7721a92d351db4fac990,0,58750003716598352816469,108273,0x406275696c64657230783639,30000000,13282418,1674979439,122,16167593217
16511367,0x0292bbb1dc88938f644ad7d4678575f7a3c3161440ce992a1a1fd8d950a44134,0x12eaa3f9d512493331a2ef1907afd8db1f0b4c75dbf8094405cea60d3d12c286,0x0000000000000000,0x1dcc4de8dec75d7aab85b567b6ccd41ad312451b948a7413f0a142fd40d49347,0xd6fdc136804318d8fe59004dc1b27777c4a06c1bd099248968f9209e7a0adb6c70e24733c4d9de4f7e64339d291985e07e2bb9d7dff5fb85068492dc112f6f9452c7edb5c73da4acb92fd8885c926fbf94368e024fc48ab007c17c4489e4783b7a4c53b803a74aaf3bdef486b277fdfdd51713b14a98c7e64b9251d219aa603402904f7dfaef0b15944960e4ba90018340ab0e896766d1d86ca8b76800323107df2b81e3102d6c0b6e4158d40826f00ad762a7512a304292d05a1ffcce2d8254d81de10af4138ce1be1c080f875f983bf9ad5ae61f984557b8759ab2eec0e9d0ceb2349a3a5493cb028141a422f534a104394693ae0a576668486e17da50fd88,0xeb0929907e2659ed4dbbbdd0a8f79365191ff03105fc5ae27b68e85d31927502,0xfd12825c56f35a6a8ac359e569ce6a2c08ceee00cf865c8de3bd32186356f480,0xb38479abe1ec5621a3c9cdb5260ddf498c5867f3b058f485387f85e5a979e0a5,0xdafea492d9c6733ae3d56b7ed1adb60692c98bc5,0,58750003716598352816469,46216,0x496c6c756d696e61746520446d6f63726174697a6520447374726962757465,30000000,28852192,1674981923,117,13238369754
16511165,0x3a2ac8b8abea73a75134039f788ceb06e87e3c85bdd1e893c7fd9c1bbcc407e8,0x067885c1bec1143ba2c46a5474da17c1340169c3eb5dc22022c1caa67f412a0b,0x0000000000000000,0x1dcc4de8dec75d7aab85b567b6ccd41ad312451b948a7413f0a142fd40d49347,0x0cad301681240930281830169438122840d4248190704140471539484300c704043810568081461042c427156a8181e49f018c498a92e00037cb000100ac203040114074552680083b2154c9c6a605ac1800614185e04a4c00929811b841cc23026400904602070701a4814895086839f014402008120c009200a1f0001800b6817929473a037294045acb2a33810866624504f901038b1820405ef4c514da208a3a4181d82278e00292e5e041e08481c4d35244102b810b8ad14e000320834043609782540a09c00400294036cd267842580c40b0c90471045409531130210265b56048c0016c8c22a833f2180510a98000110b2abc26484c0f3941812caf04,0xa188f64bbdfa5c44e3cc2b69cb61ab4da1f57b42b9e094cc5f4dee41ba9b1e7d,0x78f32f9f7da8f785d4f4f9fdf2745b476622e2871681d90a70b5b132231781ea,0x37e3a3ea18e057f0d9dd57ded7be38e91096b8c0ad308b3d7b95f50e61a43568,0x02f4aef8ff73ff6870d41b270195456deb1abcb7,0,58750003716598352816469,106382,0x,30000000,11184484,1674979451,116,15936183492
16510992,0xc00c773f13d3dfee59fb7a82b58f9e1e9ead5bf0155acdc7d50ef1e1e04c780d,0x907ffdd1c641da53d779613521046a71c6a0906af0a47c09cc1611f083d29626,0x0000000000000000,0x1dcc4de8dec75d7aab85b567b6ccd41ad312451b948a7413f0a142fd40d49347,0x8e29090152d8112c7a988a908604f225390b0443d9260388b399c2400c649505841e85a2f282023d0849177e4ee4159d2e819168cea0a9732838104584aaf4b0ef9da11058385d48ee8a70e8dd8470a290808a256a4802c12d4a2db1d813acdb5b13c2510312f5be0ccc3c8d8a2f286bba45e9529c0cad01d61485332eab611453084a73366ad80d0549c6621b281ee531c2a093db52a65c622880c5e3387688bf08931519286438132d0dc16c3bcc0e34d1872abe48a84b7cf52a0a80cc0030e0032d3646411cea43ea7883248a19a647f736e1948988350e3e0fc21810a0e430b4fc9ea8610cc0720c43a4484398ade86081a082d82d456009af0992b53c95,0xecbb88d6a4bd65dee09561e7aabaaa3d1a4f2513065b5172528c95c3cbaa72c1,0xccf3e14916729023032ce600de1839338cb65f98444b8b433ad5392755f446de,0x306a1cf56b0f672acc9b06ccb24bca107dd2f1bb28561c8967e2bdd103409524,0x95222290dd7278aa3ddd389cc1e1d165cc4bafe5,0,58750003716598352816469,69493,0x6265617665726275696c642e6f7267,30000000,11898783,1674977363,139,13755137467
16511368,0xf6756d5d531bd2b0651e43f575ac708a343439c9db2eec2defe79ba97b600f83,0x0292bbb1dc88938f644ad7d4678575f7a3c3161440ce992a1a1fd8d950a44134,0x0000000000000000,0x1dcc4de8dec75d7aab85b567b6ccd41ad312451b948a7413f0a142fd40d49347,0x0d30019e1e83082a5e824290aaa40031102841046a803361020b91204424810c921542d0801b1680080042501ea02122021200e09b6ae5a45705018a5c3221302b884200400a153c3fa0468d441501289090990080424b38098458308a601d391e7878209202ff2604a0060040249c706268093c84988c60104034590d9c404c02040c00c0428185925c8409418284021a0406112558024829222861625118a4bf4da10761f069502cc74b94c09380210058c3d103a69486014008dc07116704e2d0e032b20e04e208608860e48330efc4411e46328c8814142c1d3f48e5a5006117a88880708150cb20812200a4986600711241f8ca23e080b08c0080014241,0x26f8612853d06bd76914d72617812e0ec223ff1f132a98c0fffa2b3d26287798,0x014efe38e80b09d4ec4973cfaf6ada9a492ae8d542c3acb3c4a10c294c9b9deb,0x11d6c801f9ea66454bca153756c54216a366d3d8453d8ed9b1e62b6b5064c8d5,0xaab27b150451726ec7738aa1d0a94505c8729bd1,0,58750003716598352816469,104006,0x,30000000,9884720,1674981935,89,14766540083
16511166,0x0e1a181460ee69d9593c04b6fe00c33c33553ec7ff77711efa729e1ce18cdb97,0x3a2ac8b8abea73a75134039f788ceb06e87e3c85bdd1e893c7fd9c1bbcc407e8,0x0000000000000000,0x1dcc4de8dec75d7aab85b567b6ccd41ad312451b948a7413f0a142fd40d49347,0x0661831a69d61334a54b4664b664d83039f10d1a640465b0820d10f0ed4131188424c988d2103d010e243d00acd845058f3580509a0420923888009a1f6a60002b41a9d098229d8ca80b43c8ef28aa2150a18823844182504540c960a12a0962920a394b039a029a408d1a8c33122c754a5ae1760538046583254952b85a4b124aa00544203a0e4611eb05e86d07602ced42b98163a006e94010716a0b94dee18faa1389ec92e21396c701c9982084c74451d81688a0c10a42610c720a0c530649c30eb2ea5001daf121848290a312cfe040924836eb8071d6022b8a83c6f43122133cb9999416780adc96a805011b0c9022830b018913db48127854a4a5b508,0xa0372c10c269b0d6d83013f9fcfad6690f77bbb9e7527a227c1a0f059042638f,0xe916901a3cc1e2fa1a476493954bb6cc692d5fa26d0bac6e9b8d4ce81dac8826,0xa50d67f988a61df067017202ffdae6c40a379768e34ce21aa98a8686d4d8313a,0xdafea492d9c6733ae3d56b7ed1adb60692c98bc5,0,58750003716598352816469,43514,0x496c6c756d696e61746520446d6f63726174697a6520447374726962757465,30000000,10891851,1674979463,148,15429477133
16511369,0x0cbcd3e0dd007e32a2a3724460ca4524b5420eb2e86cd8d6f157d5a57bb83962,0xf6756d5d531bd2b0651e43f575ac708a343439c9db2eec2defe79ba97b600f83,0x0000000000000000,0x1dcc4de8dec75d7aab85b567b6ccd41ad312451b948a7413f0a142fd40d49347,0x986e618ad1c4d320380502dd800844310d4058492c80401044d70014c61358306ca1db11842694c18061fc994a428d3e23e00281aa09a8e0322c4e0b1421218c0040500446208d3e2b0350ea705868e880b6980100400a52a4498402a80909c81e4a0422abc6a81a088d18921404897489d4f26245168c408012823c014a622d1981018217ae109604774d40e8c8002074003841c928300921a00dd9d0b3579c8e8a49820082e93a1f05468cd820ad0903ed62bc00f9c902e1774ad230284440a34c9003001800ca2128a12649485227446816619b8ec815c0645e0b0510a62a44bba2eb880486cd80d57fc000061034c5544551404aa04008910c209091d584,0xd04acd7d1a1c9782f4fb049ed35915aa206bb98371def980a97c2ec3d663b25f,0xfeff23d6a601eaf76166690bb1f33c1f9d0d9c398aa828a74b0f3c65494a328c,0xc9c02ef3d2bcde3f8990a04f9e4a66bab0d39c1c201b02674f3c2e605dd26c17,0xebec795c9c8bbd61ffc14a6662944748f299cacf,0,58750003716598352816469,68122,0x506f776572656420627920626c6f58726f757465,30000000,9709627,1674981947,139,14137081857
16510993,0xf5f53e44147402a90720149bfa0fa3240bf5f88f8924707403c8fd3cf5ac802a,0xc00c773f13d3dfee59fb7a82b58f9e1e9ead5bf0155acdc7d50ef1e1e04c780d,0x0000000000000000,0x1dcc4de8dec75d7aab85b567b6ccd41ad312451b948a7413f0a142fd40d49347,0x88280183cc018ae034e82083a0bc0a351a033380780a4022014328526470520c520003000148a08a30e1b628e817b938335602a09823a88102382a51b422b4472c18d13059340e6c38b6f2c857120821a40950814154381100022c59ee31b1039f0881164b7b0640f5c1988039602cf46280cc4088140c60a8353cd3041fe7c652226ac0220a515dcce5330a419208a52440518d8d1000181131005a9130776c9b5c0b019490602a12044eb3c230948e18280e30a069110a0863ac7900d112b06121024386e12cca28244801095611b6e435264817a8921d014408012510e0108572b1cb02010808822c3e310015522882f9210002f811428001895cc2059801,0x7cf23cfbf1aa5517901d398c8da58def97a56ba395a5444623e9ec39aecf7db0,0x256d1686760bbfe872c3b6ece1d7dc884e51dd8a96b771260410c2d05b7c986b,0x26410ba658be8bb353779508c3c8ff4d6a0fae0f8c04c97633ab823c48dccdac,0x95222290dd7278aa3ddd389cc1e1d165cc4bafe5,0,58750003716598352816469,54178,0x6265617665726275696c642e6f7267,30000000,10194962,1674977375,107,13399656916
16510994,0xeab4e390f67449a79b773d67412f43fd75684551b7bc736d528cc91f438adc48,0xf5f53e44147402a90720149bfa0fa3240bf5f88f8924707403c8fd3cf5ac802a,0x0000000000000000,0x1dcc4de8dec75d7aab85b567b6ccd41ad312451b948a7413f0a142fd40d49347,0xaceb3586918a9da9fc3d289cb615b5a1eff917325c9e0e4750d1412b9e3b3102cc91253a9ca5ef246c24fe584b77a371db2d35609b26ed32cdcb8406be2aed1368edc53060185b0d6b87fdee742943e48af890b306610e59950c9507e813390b16aa45414212d40778ae96a819480d6d62bda87911151fdad850d0db909cc0d439b31b763c6ff06794fb2f8da39dbab095902eabd7c384dc52221ce933f03f77ef5a6d707d0a632fbc0c3bf6ee698fac545446265139a84b1d752962519d436b110ce75f0d890ee25b85048258df34b6794ef265f68e1f150177aa238941f43ae937bdbddf2405e236e69fc152bdd0e1ef81c54051ca354cf501998aaf0514a8,0xeb42658c0b6eee3e051e9c90e7f7a3c855380b3bf56528b9eed5ed67d1f2455d,0xb4b9cf2fa16dcf41694a747d7d55c9d596ffa5d20a87fd58cfb3dc640b957012,0x7f84acaa3286c1e956f2ef6dc52ad563e39d0ef26239abc7d7c6ede8969f3ec7,0xdafea492d9c6733ae3d56b7ed1adb60692c98bc5,0,58750003716598352816469,96222,0x496c6c756d696e61746520446d6f63726174697a6520447374726962757465,30000000,28186331,1674977387,115,12863108078
16511370,0x3d39cdbb0cff9101a5f5a5985af22fe243ff8a4b9233a674f21d0db70de17367,0x0cbcd3e0dd007e32a2a3724460ca4524b5420eb2e86cd8d6f157d5a57bb83962,0x0000000000000000,0x1dcc4de8dec75d7aab85b567b6ccd41ad312451b948a7413f0a142fd40d49347,0x00eb41061183982c36494101a416b6385561108b7a7e8140db39cd82ac1629afe4fc57b2a0981a4d0c509951c83c2d0d4b2302628a20a03eab810224953aed34b0c4839c611ac94eaaa7738a755001349085cb91cfec2a040725c838a94a51935a4af00817aeacc883c800033036cd6d6e2d185050dc9c6ae611c1b79118fb54c043444c10ba10a5e0c3cb021320cca125d5f29b8dc5a4ec2831884ed2338455eb8c81c4482860488406dde0526684e844e00b61213130939ae028af018e0124f138d526c0180a860ce101f188c31106c0e3067c9cdc2cf154b6a843f787af703091f82e0a05b6e57944538328695c558831bf4189ac4668e2233a66a2b324a2,0xcec65eb2bdcf564124d0af96564962811a76e59816f212b992007772cf0a3018,0xa5927b75da6752d5675d92098767d24b0a58625f89a6c6394e724672479c5801,0xa36b9fb180f8e643c0c5bd82653affa1e3d20a037b73cb2790bb2042fc546c20,0x3b7faec3181114a99c243608bc822c5436441fff,0,58750003716598352816469,81732,0x4643,30000000,16404088,1674981959,111,13513828223
16511167,0xfba6445f9a7eb7d116fc06949ebb582a9224aa26816e3b9edf0b30c9a2a5b48b,0x0e1a181460ee69d9593c04b6fe00c33c33553ec7ff77711efa729e1ce18cdb97,0x0000000000000000,0x1dcc4de8dec75d7aab85b567b6ccd41ad312451b948a7413f0a142fd40d49347,0x022800206d02d22438e52245940c10311908100038061182140b40091d3a184a02882500200848086001f7329a220b00022110048b05a988a0a88612353ce0190c81d4b844004c0dfa8ae0ca4449c820808324c141c40e0204421c429c6540851740047402c200c4020220840253683d66031451800484118020905102785a445a60ba3cab4201a4b4e90fc04da202245440000fc1c00c0a4a2048e91310c2a18b1ae50b839375200ed800e031328e15481264e560900c4681f30aa0a285c02049006ca3811054c202412018a006118456000240908a019f52002c0f1000a020007ebd9989813560818c4ee3314b5199ea2429125438007080058e80c3415c83,0x98a0f1269afa42dfb7616833349a69f49630499e16d96fe7e9dc35906a585316,0xf608308f49c5783bc203a8e8c75e41ef3b5e91f23b179211da90fa3dad06715c,0x43c94ff02f2f98e401c2dfd2e2bd411514dac4f96748ec39a761adce54c09bc9,0x95222290dd7278aa3ddd389cc1e1d165cc4bafe5,0,58750003716598352816469,42147,0x6265617665726275696c642e6f7267,30000000,8855179,1674979475,135,14901255541
16511371,0xd3887bea94bc76c34be389df71dff9bf666a1894100dba02d4dfd8b8441160ee,0x3d39cdbb0cff9101a5f5a5985af22fe243ff8a4b9233a674f21d0db70de17367,0x0000000000000000,0x1dcc4de8dec75d7aab85b567b6ccd41ad312451b948a7413f0a142fd40d49347,0x1a395d0e93008e085cb955c4a80453671e6d1297f898cab141d10a2011d2a51c0805be538190226340c8a29b4a4bab322a6160888ce7f4a03239a25816ecab59e209d06058509c2c7e8170a9587c116cb9991d1985e6ce7a08215d45fd030c300ecae27113d322ca0d90948d02244ab07099ca240b50461e718054d1b318014c22c25b6056823b8dbfc06a3980281a310421fcc34182c2e804ca507ce87402a3ba6eb97138c263221d946489e4668e202db852601a2aeb1221450c401cc70c506174c02677e80272195c0653407c32a4e7632c5e16981055d80eaf234486606cf099a80ba0a60e44c27d07a965431af1d0b0685150082375a90e4c55a0910d59,0x8b77f2772c6b408efc926464706f59d1f6dc47838a47a555adc97090d11900d9,0x18c01cf71fcd07dcae0c7de4c95f44622ddc50de33a6a662df470f7ba3f6576a,0x2a0f018c890cdd1488412aa441b66ad4dc60bf70582cc135c9d4aa59ea4f5061,0x5f927395213ee6b95de97bddcb1b2b1c0f16844f,0,58750003716598352816469,90552,0x6d616e74612d6275696c646572,30000000,17078278,1674981971,125,13671949923
16510995,0xaa657e6db30404ab1c526eb91452e244f40f78c514355ce60e025e244e22c6f4,0xeab4e390f67449a79b773d67412f43fd75684551b7bc736d528cc91f438adc48,0x0000000000000000,0x1dcc4de8dec75d7aab85b567b6ccd41ad312451b948a7413f0a142fd40d49347,0x30fbc0d1e508e229af7211f8ac0450b11952b1c20c18010aac99634064465191001d630c9475224190329f161c0349158b438dc09e9464109678201314eca7102c519010d34a984dfb8362cad41c6067a823c061065c8c0b0fc8b82cd0053a135b6804c08202c306c5443b0098d829679695006248354d2ca2350c953a8a0210102800423c022354666a24609f4a00356c55ad9b57433098a422e4da02527aa4bf8b278008836183946b0ef002328c8e8428883442a4544e50612e229e0d487b410200c2c78942c245060a310524b28644451ad312e9a09b833a8803a284e61a261aa8ad294491a744051ec0a26f1850e1303520036c84f0204c1d59d0078db3,0xcb6ecdb60fa609c525910dd044098a75e6161f5f9626e14cf90d4c38c6ef968f,0x7e91be3f6277498ebb4fec6e7b89a8e9445a7fe3e9aa7f406c2d71d158a62da9,0xe19ff2745cd5a8a4a319946aab03b74a72c1ad28575889c5f09b42a7b0758f41,0x95222290dd7278aa3ddd389cc1e1d165cc4bafe5,0,58750003716598352816469,59215,0x6265617665726275696c642e6f7267,30000000,10874336,1674977399,107,14276584751
16511168,0x0c8ba5220c46814e423a61183bb399fdb46bebcb21e7ee4aeea0544058cdb4a8,0xfba6445f9a7eb7d116fc06949ebb582a9224aa26816e3b9edf0b30c9a2a5b48b,0x0000000000000000,0x1dcc4de8dec75d7aab85b567b6ccd41ad312451b948a7413f0a142fd40d49347,0xb12b215c9ba4d274281f6148841472ea90d8540b1220e040388f22436788503701190c01c20819100ac424046a9291a9a62116449a50a8182aea9b924ebaac1422ecc01c105144ed7be9c69adc4080acc89b1808036048482c0a5a40ba30e8d39707c24312c2148204b92400c0028af0c015044621339568841588b3804a5056c70369a42822578500872cc8032ec62292010091bf40070a46020a505730f7a98eb851034ba0ea07950841a6383190ce0351c0102813880a03412dc224ac70698bd810f24601188082780910803f30f640609aca17a8209104352b4b003071023594e1e881923c870c41c6a1000595a89236852c8348105363086b1695482af1,0x348f40da983caf635f7adaa02286e7275e3de5a6c7580d69c76e92e69aff1e71,0x550f224b0cfb855f2f30e4badf8897e36756950988059db0ad4b360bba8accb2,0xfbd58f4eb4260c7916c17d00799be0d695fd790b713afd61fceadf4f9ff6d581,0xfeebabe6b0418ec13b30aadf129f5dcdd4f70cea,0,58750003716598352816469,66249,0x68747470733a2f2f6574682d6275696c6465722e636f6d,30000000,13066838,1674979487,128,14138209308
16510996,0x4adb8e7674c7af02cc4120ab7cf0e747e2b26a8fbc4498b6ee58f514c042d730,0xaa657e6db30404ab1c526eb91452e244f40f78c514355ce60e025e244e22c6f4,0x0000000000000000,0x1dcc4de8dec75d7aab85b567b6ccd41ad312451b948a7413f0a142fd40d49347,0x37a8cd83715e99deb38e608bb31092398d637be144a4b345151a2da3ef03910a350cb6e2a0c37fe80aa5a510fe591114c3e00d1adba7e1880686ad97713ae1a2630bf0165beb2339eb72d6ad4d7b4cbdb72019702be89e69f4e51e1489553aa0e36d03eb5f8b665254ad36c89c89b9f3fe1c9a7c46721688de6f46f6dbe8092793e30bca33623d6d5ce7afaaf724ab253551259b2142b8ac600aaecea951115dffb8cdc3ff4a6a90f6e4d1f143628cc0b341c8309b168b676c10abfef7b82305d5d0e4360d91b8e45c68b602f0c475bf735019f1b6ec5059b786bf72ea2aa6080a5035ddbec507b0154fdf8fe841bda0f4ba096820eaf9624957ed6de738c2eb,0x7b51054d9a25b59879cc139380c3b1aadddf9e6e2062c121886c74aa129bddc6,0x4ecfd05ac6a8ec9ea1cc9c1012b2d4cf4f0197fcc4d97f57c3b17339af5b4120,0xe4f78cc18ba621c7c726e14e4b134bf829b0fd1f45f4a4f0da349a555c226883,0x95222290dd7278aa3ddd389cc1e1d165cc4bafe5,0,58750003716598352816469,83534,0x6265617665726275696c642e6f7267,30000000,17686645,1674977411,223,13785748154
16511372,0xdbf07c0aef5fba1213a8cbe479ff721eb046cdf685e39856db016c317151a25d,0xd3887bea94bc76c34be389df71dff9bf666a1894100dba02d4dfd8b8441160ee,0x0000000000000000,0x1dcc4de8dec75d7aab85b567b6ccd41ad312451b948a7413f0a142fd40d49347,0x1429ed05d9089f70f0c02618e3ba09b81253dd403e8e0b8049ffc8423c62d5a09e6feb18b450990904d0bdd08602d978972980c2e90ebd4e97204e12d4bfe8fa1ad1941478b18cad69cad5f87ad884e2f0a2c6d3ee45bae8740edca19891484ede1d738547cecf921f08581580757fe50ca2e2712d1357fba0230ad4b87cf8160a581b5cb3d3d2b4bcc2fbc25c486c012e463925e538e15a4d20ca48e2b0c62ece8f87c5a14b6e3e0e84c5c33d38b5cc074597a63ca6b1c241672dec80299368cb3e3097f59c88984068951778ccf31864b6f6f2b6bfbd9a0756cf464d55e52743bbb93fa490ee451414d5c3056553b4741e8002b2a96758a0cd6c5e96ed3c32,0x9e25a703e15fb79b8637267a2e67b5644836a34ffc2f6fdce71ce12d575d4055,0x5247659066fd65af94d2dabf3925fe7d9a7477a2060bb97dfa6b30ede03aa5a7,0x7a90848fefd7e3856ada13b2656730fc1560a9f67c281896884c15bce74a47e3,0xdafea492d9c6733ae3d56b7ed1adb60692c98bc5,0,58750003716598352816469,54650,0x496c6c756d696e61746520446d6f63726174697a6520447374726962757465,30000000,29406109,1674981983,115,13908734195
16511169,0x9252c8526a23f7e00c313198ecc4f259a9aec1b9d4e2e5b0bd744ada06f4be5e,0x0c8ba5220c46814e423a61183bb399fdb46bebcb21e7ee4aeea0544058cdb4a8,0x0000000000000000,0x1dcc4de8dec75d7aab85b567b6ccd41ad312451b948a7413f0a142fd40d49347,0x0c3501142a411802f80e3a818c045621d461ac0a0a0a20141199049515901004927f41052a03003124d813103ea257027201c346bc19bab0332c10004caa6991b683e13000894c0d69a2cccbec5d00219ea5292281cb0a041e023740c2c021a74602820236667470048d0880903068a912044269e1592575da1c1471007a0b568902c6d466ee009d53c9030b45828e2c90106801a1480e994960d96c069147ba8b088b2630a5e308e66149e008a38409548012116423e1c2de5149060c1e0060d41c0882894004fb018843973a0135a461b01cf291aa183b20e389c22340f43b12b6688a0a4bc120c24dee82b391d9248430039c238c455040250808b50114d8,0x1d105068a93cf0aa10d3f993203bb106cec5df33b648e3cc1bd52f121ca92a84,0x3a1fae6f99559a868c19d5792e4c80a2b94e833465239c2ee8066cbc1afcb0b5,0x824d11d5d912616b3e4f07837e21aa8bd2ee0aebd42de894acb68896d446261f,0x690b9a9e9aa1c9db991c7721a92d351db4fac990,0,58750003716598352816469,78431,0x6275696c64657230783639,30000000,12040998,1674979499,152,13910447234
16511373,0xad89a24007b569dbe33c87b3d409c5d7aae1a15a481bc3d2d20186df046ab4b6,0xdbf07c0aef5fba1213a8cbe479ff721eb046cdf685e39856db016c317151a25d,0x0000000000000000,0x1dcc4de8dec75d7aab85b567b6ccd41ad312451b948a7413f0a142fd40d49347,0x583185c18280c2d9bb9784cd8d0736231442331b18bae81cd14f421086840122789ea7742900436e01443dec8923050f9b17de20c99178903e01920a343afe344a43d65cc11a553a6b8274aa9e318070929dcd0141c429978de90d0a9935f093b7c889811bd2fce892d8258829058af1d8aa86c2f85cfd03d0e090b3b1ccc815ad2113d882ff31d52445c450081a866107f4972941d2975a61e0486d0a92323a9f795bf28b03ee1d752c45e19cf1a1aa24c1d2202028618301c928a4b8870c325b8c9b6fc2c918d0896880428193f6a7e8c3c24d94fa08550a7ea8ea240aa261efb5f02a583ce244244aeef0048350fdc8158703c0982b43f00d8ee2a1e01dbf,0xcd3f2facc01a626eeac1d38b9357b44689a0c3da951cf148d1f590543242a24e,0x86cd1d95c0b23aa2018e12881e64daddbb7ca2fa1002d8cf1494391a41f7186a,0xda31a31774eb8cca7a34cd16ccfbceb03e997e595704547ec74ac08e9556c6dc,0x5f927395213ee6b95de97bddcb1b2b1c0f16844f,0,58750003716598352816469,57806,0x6d616e74612d6275696c646572,30000000,10746306,1674981995,121,15578490368
16511170,0x15b019b0f753e521e6690294a6a10f020797fe90ce1755689fd032855384e203,0x9252c8526a23f7e00c313198ecc4f259a9aec1b9d4e2e5b0bd744ada06f4be5e,0x0000000000000000,0x1dcc4de8dec75d7aab85b567b6ccd41ad312451b948a7413f0a142fd40d49347,0xc43b4627d51d9a85710ae0b0e4fd2ba04ea2049b0f798e9a2c9936dc5d7a902cd088032cf80a804e03c81e290e2101e37763504e9bf4b924b30b487b58367c43c94af17c52d00ffcfc1365df7e7764a18afc6eeb74763b3b3005fd17e3fe7bc5f6c2c8623ba26bca27e592af0ded8cfedc03030b74bc85848300eef3add95c3b5bb0f103fbc2b8dc70ed17d1712243b57424dea1af0846195e359a6f61107bdcba8f690f4403f4d4aa8e47f0cde6ae41a85490d4333baac3036d7e06b05b9266e9627ceb8e2102d2096044da68ddf0a26a5206e394ec625f75e659d22caa6d96223e75ca328e8fc903a67aa2916f192aa85101ad57aac55e2c5f39f9b149fc02,0x74d59f0f44dbcda530ff896148a50ad69d1f0bcd84c364a2b885234239d5e09f,0x683c43a67b7cff1fbc1dc4540ef6f4abdd3ba8c5dc5f3cd68b6aeb8ea6d1bdbc,0x6213b7237f25e02e0222b02171a843fefad366c7f13f6cde686cb26d9282113b,0xdafea492d9c6733ae3d56b7ed1adb60692c98bc5,0,58750003716598352816469,155835,0x496c6c756d696e61746520446d6f63726174697a6520447374726962757465,30000000,19271467,1674979511,174,13567438558
16510997,0x108dbffb0554bf2b5b2e70b8b7fec23ba302e6d321ab4a0d1164996635ee3c5d,0x4adb8e7674c7af02cc4120ab7cf0e747e2b26a8fbc4498b6ee58f514c042d730,0x0000000000000000,0x1dcc4de8dec75d7aab85b567b6ccd41ad312451b948a7413f0a142fd40d49347,0x14adc0eb81ae9b7cea18b69395453a3910441533098e63a8384902637c42135b608093bae4b30510336a8f1e082229879feb18e4883ca5f14a4e82b71dbce5b428b3a11471407c6afa17e2f84f9570eca6d6410483ccda05340a950889a13923be8a107eda82aec79094c2c3e0e16b33cae1f209dd3c95b90a6633318e8ada1601f0c14be27209367c49f46285c338b56d556a8971de2ce90348b17aab11de7ebf4bf90210827b66d20703e75a33d78885455478b19935ea3ac2ae26022c5964343a75036c9411746141d27151aebd26c1cc50ea9cacac18861cbc26a054e220213ee68dcc004675968f2f9934811ea0c134a9a219aae06c3911ad0983d10f93,0xe565c41f3ea2e00fdf5dfbc129535a40a3a834e74f5217b839df28a2f060643d,0xd7fad56ff340bf5b99972272eaf7ffa174b467486e42adc58b6f59f9a472ae45,0x61dd2e8823bece1a096897d0449c6cfad5e78a45a64ab7e00d85566cdaeb78ee,0x95222290dd7278aa3ddd389cc1e1d165cc4bafe5,0,58750003716598352816469,90071,0x6265617665726275696c642e6f7267,30000000,14556899,1674977423,242,14094393248
16511374,0x055ba68eedb0c374ae0ec90621c5d4be5a9967e227cfbf405e1f89149f90d6a9,0xad89a24007b569dbe33c87b3d409c5d7aae1a15a481bc3d2d20186df046ab4b6,0x0000000000000000,0x1dcc4de8dec75d7aab85b567b6ccd41ad312451b948a7413f0a142fd40d49347,0xc22917aa00a8886bb81a4060ac385328016f174844060081081300043cf7356c11893162944234486150f2dcce6217308a0980b1aa30b920021c5294157ba309001b4db640083d2e6943d2b8560026e48cb76aa016429a6c67127c058c3d29131e508530d2824c0601a6938d2820486024041860d8219744c210361da8a9b41c176019401f02410cddc98266310b58a24408a79141c204d8b2286848583223278fce4161c0826d584a8344a19d3289c61f25b0a4cea8d2b2a3110e2cc189401702207556058804db115080616c1870a6d724a2d054a80091025c0ca68410a8d845b8a04b0a2082e1809b0741810d9aa1850c4109e17c024880dcdc018b8774a3,0x87660b5328f46d715e39e37683ee5562a8378c65bc6e9ee8c8c56dd31a4744cc,0x692914c5f443ba144c239f71bc37174529789e76f92f26783e904da3784c6a1e,0x2545f19a58c3b4527806bcf87bcf938c3b30cc15b91e47336b78fdefaefe582f,0x690b9a9e9aa1c9db991c7721a92d351db4fac990,0,58750003716598352816469,49798,0x6279206275696c64657230783639,30000000,8905652,1674982007,104,15026272610
16511375,0x0377dd3761e9a84cc3579aca4afd6d25232ae86ac140de75528a9edec9832616,0x055ba68eedb0c374ae0ec90621c5d4be5a9967e227cfbf405e1f89149f90d6a9,0x0000000000000000,0x1dcc4de8dec75d7aab85b567b6ccd41ad312451b948a7413f0a142fd40d49347,0x502509000000000020802408841400210400000220102000000500000408888480070100908102c0004c20024a0009000280000008009704010403000070600000144090092100826a801008000040221001000004c0004414020a00840018000240002002c2010200c00004000008014000000001140cc4000280110002302002004340000290040061080000c000000400010101440088000000400250020086290101800264008481028000800400000402000020c223228b00040008000040100002400ac002000020001a0071624a000050048a089004289802004020000011a00ac0000000000800b003800024090490026004004000000850c0820084,0xbdd80f9cf8fbf4417a15c2233ae1d1eed9d31f04f18495e8c78f170381b6c2a4,0x7878e94e7629a0df4885dbb9a12ea758d1b41e3db2cea1cb53af88284911352b,0x8da2a61c14f08f6a038656f45160c9c59f123957803a2a54777da86f12bcb235,0xbcd600ded9e1c848ffaf6c92e63afd32f6277b24,0,58750003716598352816469,22762,0x,30000000,2394071,1674982019,33,14263144824
16511171,0x5f3fd63a11a1d0958d56e021c533d56e96d9cdb8cea39b6f60ce3c3730b9fec3,0x15b019b0f753e521e6690294a6a10f020797fe90ce1755689fd032855384e203,0x0000000000000000,0x1dcc4de8dec75d7aab85b567b6ccd41ad312451b948a7413f0a142fd40d49347,0x36a32025041e6830ad8f00a0a62442299806508b19155e009f4310c78529226ad28902a0f88148a942c6acf05bc4fd3502f1e010a8142090a38190b39de8a401680842954342cc6beb0df48b9c30202c88b90a0c814a2a681403795c986028115e0381121a0acbd211e8010600586e60c2295aa182360c09983928f90e8801940b008dc446621dbc60c35d0860a291b245e4c501c3440619170aa86342124879be2d41818262eb61ac0547f060b497291508a4807cb2b9aa01671c30e6150560531838aaad104883200030b182a522ee7529424a94daac37d1ac6c6ac864fc28441cb98800360086549d8e96e5659229843c590540aa2c62500aa93083150f83,0xebc21544850f1915b3e8dc17fa29ea133d23c75c70110e8a32206ce0e9a0fbbe,0xb686cd5cc5592d56c996c71b7ec070dd7f0550d65ca4fb9f55d7e1198c3f52d3,0x461a51d1170e152790844057350e983fbda953d37be62943b83a8c7553ac9881,0x535b918f3724001fd6fb52fcc6cbc220592990a3,0,58750003716598352816469,71096,0xd883010b00846765746888676f312e31392e35856c696e7578,30000000,12060535,1674979523,151,14050379108
16511376,0xd2c6cd6539ced12ee8b31334dfd2f1b38abdeea90c8c68022876f62824fa96f4,0x0377dd3761e9a84cc3579aca4afd6d25232ae86ac140de75528a9edec9832616,0x0000000000000000,0x1dcc4de8dec75d7aab85b567b6ccd41ad312451b948a7413f0a142fd40d49347,0x5bfd933b0ffbbf7c3e09526aed7dffad3ff7170ffc36e358ddaf938eff9c65efe87fbff58fd4f6f9bbd0ffff9bc3d7b6ee5bd79fba57bc74c371ae7375bfeff057dbd79c62b8fdfc78d357a97fbc66b2bea5809c774e3b43de975eabbd217dff5fcccb5857a7fef623cd320514feed7ae66e7ae1027b4661539636fb2f4fcf7cfe5f8956128b579c74f6ca51c3beab3ffd4bbc8905c548baababd958ce71f5a7ff7899d374b76f66fabdf6fefd77a4cf3f6d678739a3eaafe9772bbe1786774d96fd9727ee9b167e9713b8368abf7e2fe7e7fefa97ac56b75dee7d92ce5df44e36f7fbfa9b87f742a6979d7585dd1be8c739fc4989cadb6477d17d31c7a17cc3,0xb1455b5b36733a7ec1d686601589672f2c008b652281c96be7aa3e4dc00809a8,0xf90c6ef1039019ce937479a1b15a41097d92c947470397e461abb1acdcc35157,0x784207e72b8330a1bc53bf31977e51969a8d4d7a929b1aa18d3acfdfe660467f,0xdafea492d9c6733ae3d56b7ed1adb60692c98bc5,0,58750003716598352816469,95297,0x496c6c756d696e61746520446d6f63726174697a6520447374726962757465,30000000,29999067,1674982031,196,12764809900
16510998,0x816e4b84d2de5708ef718f3af287d25afa3213701bf57fa1d14537c473f7a61f,0x108dbffb0554bf2b5b2e70b8b7fec23ba302e6d321ab4a0d1164996635ee3c5d,0x0000000000000000,0x1dcc4de8dec75d7aab85b567b6ccd41ad312451b948a7413f0a142fd40d49347,0x99231100002bb4e5f6714030947c46e94087a781c90cf072040d84209e221d80c011510c90218d9a452a17041946932782e307b1da82b9503b68c41781fbe365f19ccbf4d249ae296a8353aae7e067360948b6040e418a9302bb8d15e25c8893d31c162f8e4276df41cc932808087bef06d61d23d0812c3cc204d4972a3a7b74132d43db63a250361561164003c7a2356c61a7e58f1824396ea06a6481bc32139b8a035720ba68b18a2342f3ec3ea6ac0664104041e883a22c02ae0e54e84c640d494223171628c4fb44075215541e33458a86ce5a882a590d221e1a1b45e5131232e93eea00498620d42bb46149bc2185f52729017a10501af5dd5fc3f61e27,0x4cfe9f81f5af2546d5ea2b6ccb5c6204fe1e08c4bcd62a280d37e71eb2d18f3a,0xa8500aa7d746b671b56f2f5653c250d6835622dceda2fccb66b7ac087b35b3c5,0x63360947229df5ab9f486df9cc05da04692ffa61d37955a5cc55df93a4ce6f1d,0x95222290dd7278aa3ddd389cc1e1d165cc4bafe5,0,58750003716598352816469,80842,0x6265617665726275696c642e6f7267,30000000,12221445,1674977435,176,14042349584
16511172,0x59c7b7e4deada9f4d124d29c79a036886c39f371aa84b0ad79891796c71e8597,0x5f3fd63a11a1d0958d56e021c533d56e96d9cdb8cea39b6f60ce3c3730b9fec3,0x0000000000000000,0x1dcc4de8dec75d7aab85b567b6ccd41ad312451b948a7413f0a142fd40d49347,0xc8f1851fc6459a61e5f971efca94032c9a28629bb59722482ca1bc549da29e6616108315b1e70f3978b06d207caedf960e123a8ca969f3bda368157c5bba7d23cf1e9ab96d187d1de7a642efdcf72937d0d948110dc39f02c4657ec19f65a92f2f009453161edbebc1d4b7618c627c236ab5843d52d60fbdbefe1f52cd68eafdce65ffc16e8e555ec0689e4c9566cda4e682980345c83efe9c87a0f645f9fabb8a9a638df06be6339a9de7eacdec955fa16d7227ef47f202c8f98a360608d52fe55ae6d2c1468ae653611442cede77c27cc9f4557aaf353d69cc6bc629b8e3ea773622b92cb328ab871f07d1c1f55fe5fb1239725be855f21a469da792e0e2cf,0xc22a4f496e6c4ce868d6e0061227a2b3d862b477afa7b5b553f192914518e580,0xdd588df3642e44578f37d43d1e0a3e97cb565f94e406d47bd4f98c63a9c5dd5e,0xd1e46e30ae269d1f32cc9c598c53f33e3a56f06e5347b4ba3ba158238acd5a91,0x690b9a9e9aa1c9db991c7721a92d351db4fac990,0,58750003716598352816469,51277,0x6275696c64657230783639,30000000,13140191,1674979535,145,13706207462
16511377,0x1de24d500c435e5784602f6fa14e5db1a860708913ac4ea417222de6eb1ec9ce,0xd2c6cd6539ced12ee8b31334dfd2f1b38abdeea90c8c68022876f62824fa96f4,0x0000000000000000,0x1dcc4de8dec75d7aab85b567b6ccd41ad312451b948a7413f0a142fd40d49347,0x1e6c557b59a0c168783275cd8704173924089d075a1a8de010136b46c48759b65d7a47008fcb04424641fd9d4e3081e1a222dc64daa8bbf1b348a21c1a22a52045ced5dfcd095ebe6fc777ac489861f4c193b0329278386406d1945ccd719bb13a0a596402c33c838596d1b588746beb604c820005988c01c080b071b819a43c4a008b99229b01b52c48cd88635c18124450b84189f1350866620869d274e282df98599288506c0f9202ece08870c4fcce4c82e09423a58614f70eac879c4a705666150348aa1191461003521883567247be20cf9cbc8154c42459636a02acc807fa269f8a8c02c900dcdd8a139118b41458da0d115a084e598ddcce83855087,0x2916c9a39183227727dc6b134b3b7824225402597ba2315cef1566839bfba403,0x1b13683b56ba1ce91020b96226f40cf0d15c3d022b62b58242a4be97c4053182,0x108d2f17b6f5663d60124690bbd59e1e78b001bc09713ddc104ff0cccd2ad5d5,0x95222290dd7278aa3ddd389cc1e1d165cc4bafe5,0,58750003716598352816469,80097,0x6265617665726275696c642e6f7267,30000000,11758973,1674982043,166,14360311891
16510999,0x892aeb4a8e55cc083781bf7c3de7344c88d406fd2d47bdd27b969390f0517ac2,0x816e4b84d2de5708ef718f3af287d25afa3213701bf57fa1d14537c473f7a61f,0x0000000000000000,0x1dcc4de8dec75d7aab85b567b6ccd41ad312451b948a7413f0a142fd40d49347,0x44200161253500a6a074c0c0855f692d92400f46772292009c290b066430954210bc7021e0a02df833110f8cce6981c703504918da236700806d0031ac70ec4c6f11c418d210c8886fb3dfea47303064969c10c2c1453c61d4b811bbd918d82716490810820a7eca80910b8800a0b8f1c67080d00c348548829351fd28bdc69e01a4c4cf227a816e814a4e02498a00ad746a19b10b48e0399502094886d01e309f6c0b8207c46bbc8314edd1e022ada05cc0040c3548f97a0128be12982a241265e00072c0c458c0870286338d4d0030e9c80ae014aa801d86e01d469901a320641034c8900034d984dd7eb21c0177a88735051982cda25e46cb9df2a101e085,0xc54f0bfc82d9389b9ab06d0daad45340007286c7d7ea0ea9d1023d3b77bd114b,0xb44def1cb2deb6ea0d548301ba24d071432e554b790d0e4671dfc3f109c5a217,0x4072578d6503377a972978046b9433925b638e3df94cab8771bf288d7927e13e,0x95222290dd7278aa3ddd389cc1e1d165cc4bafe5,0,58750003716598352816469,61069,0x6265617665726275696c642e6f7267,30000000,9887101,1674977447,134,13717204246
16511173,0x0b1b4cb03463ad244557d934954c54a98bddad6599f32b23f1a812b6cb6cfec2,0x59c7b7e4deada9f4d124d29c79a036886c39f371aa84b0ad79891796c71e8597,0x0000000000000000,0x1dcc4de8dec75d7aab85b567b6ccd41ad312451b948a7413f0a142fd40d49347,0x4ce7971e134eca2ca8d8311ab78407e193590434328b248110a9585ba1b054050e175189b8730c624ee42e326f126f45366100fea915e38f26460a694c3caec06b1204985200882c6241419fcf0321b0f1d609240b541e0c1a20b820acf10b218e0b434212520f5a11e017ab0ca058208b284aa1ac74040c941483f1081a1b3d951ca0e2f32aa0661b4811e8c24a1dac3c20e6e3238302994470804a11327908aa2ab1c4fac3658abd920df11ce2a4902fb9e4000c66547f557f8bf449880616471239a6e208479b0243c4142020d224d2715e5a3caabc91c5678ad23700e3432510288c148eaa830b0ccf8000131d6db0d0c3c4079ec2434c012940d4a14683,0xd6a659ef8119fc08781cc7bc1b92ae3a3ee1193144a50ea81f62adba71d696c7,0xc0ebc23aa0ce598091134cae18ee50659802451c1b8ae5c58737a4748970fad9,0xc1f225acd353ff7f630a2bcd5f6198dac21ede11893ea8e400af210552d06026,0xebec795c9c8bbd61ffc14a6662944748f299cacf,0,58750003716598352816469,57409,0x506f776572656420627920626c6f58726f757465,30000000,13896242,1674979547,124,13493783063
16511378,0x41b337e9f73da644f7db2526713e56cf36bc49e2f7558bbfcd17f4809f4fe4be,0x1de24d500c435e5784602f6fa14e5db1a860708913ac4ea417222de6eb1ec9ce,0x0000000000000000,0x1dcc4de8dec75d7aab85b567b6ccd41ad312451b948a7413f0a142fd40d49347,0x3ca04307a815d87cbaf69d899d577a6bd08328ead84a0880981927405c0d1f26d2562930ac000e64b2f0177582b96d09a37309e0da80ba5497c5361954a7ed752b22d65952dcdb692992d229cf1540e4968200a3cbe4be1925229f11c9143c13574a8134177adce332c88997599608ef9e798a484c7c2d72528530b16898c11c07200b3a3ebed38dd6cc970e203aa630ecb4f20b014c51bc76aae06846103084fe0d4de384937f2b22a448f0e96ecc2a5048005ab2b4f2c2e24abf2e14e5c06976708542650d912a44c84a62d60e78f560c116d0a02c3a3f4f6cbd722806ec183038f99a4860f440740d6ec067215cf8e585e242b9aeaff078cc6e54e188f8d8,0x490eccf6a764a2f372585dbbe939bf208d7753d5afa67f03c9bddd32b2e8be52,0x1e693e163ac0bfb6cceba2ff79be5fca5d2649a59efa8295bdfdbe494f94ebcc,0xbe07f034a17cb1c5d92b861a3531c45721a2dc81b667a771d330acee69907108,0xdafea492d9c6733ae3d56b7ed1adb60692c98bc5,0,58750003716598352816469,169891,0x496c6c756d696e61746520446d6f63726174697a6520447374726962757465,30000000,14672943,1674982055,127,13972460570
16511000,0x16da5029cf58efa14f212cc02bdffa616b1397a2025a4b7c08dd05f0726f0242,0x892aeb4a8e55cc083781bf7c3de7344c88d406fd2d47bdd27b969390f0517ac2,0x0000000000000000,0x1dcc4de8dec75d7aab85b567b6ccd41ad312451b948a7413f0a142fd40d49347,0x1a255606d064d8cee46b95208574523901583b4a5e0f2057b80611034d42153216187201b062121d283b346d0c30b341bfab0440dba4a557084dc855812ff840200c9c1cf1169a2cee2177c94c10e4f0c59c6897c248aa4918c93aa59291feb1560e805552262e87d59c980200042ae3c2d2a452bc118744d539dd718cbf818006ae05ea8b7338e40c29096211eb84e6312004395142237820201d49a3129208bb483163c782e8a3c459c1f0087187e86cc0221c2c2b2b423f67aa2032dd91aee95830a61d183bd5414001c0044ddb264c6e22e814a8421942501f0e4831ee70921aa81ab9314300060c42e4442159afadb9f900665b0150cb10395993397691,0x6513fa57f6062bcff34f76be6a5882d4ea4ffcb8b6e279002c57d4a44a4ce81d,0x1e57c65c1b0772d2124866edfd8b487a5ac8b2b4908375d5422992dfd51e5e02,0xa34853043e50aa621bd1881515be48054a7c588b556f79375f4ec99b4d3e25ba,0xdafea492d9c6733ae3d56b7ed1adb60692c98bc5,0,58750003716598352816469,66518,0x496c6c756d696e61746520446d6f63726174697a6520447374726962757465,30000000,11254205,1674977459,131,13132748581
16511174,0x3365b26934120a380ca473e2f4884dbbe498520813cb46a519321dc17aa183f8,0x0b1b4cb03463ad244557d934954c54a98bddad6599f32b23f1a812b6cb6cfec2,0x0000000000000000,0x1dcc4de8dec75d7aab85b567b6ccd41ad312451b948a7413f0a142fd40d49347,0xc4bb80448738d07974bc133f843c302901eb40316808092824a0114c5da4b53940072122c80eca08048079115a1c4984962984f09a8b686aa148581f387cab0d01404212840b1b686e0355ccd60080ea2000a8098265285624a18d48898168a703ac504423226827009549000100cd71c840185103524e25da184d50a849f8063bde1274294a009c24484820e38a602430089103abc23619607390e8083312c99e0a0947d1a36e401e3141e408a094092f7052026822a1961aedcd7e02aa1451250832870d100cf83c2000488613432460b171c910ab031d0b849903189860697030a28dc08a5020038d12a0985d9029c1022bc91348004160095e28c8935c22,0x5f2580a25088a8364575aba8fc939719c4279a8247c8e61aea6f0d8c0a1ae5d3,0x038a29a237651869db6059cfbb99a5b9f55a9ee4e947ff2c7ae116a46e8cfb15,0x64ff634143d58974e5195e4dd534a90edd6c296db2eb7385ad229db7ee9cdf58,0x690b9a9e9aa1c9db991c7721a92d351db4fac990,0,58750003716598352816469,80831,0x6275696c64657230783639,30000000,10573263,1674979559,170,13369667472
16511379,0x94246e047a07081d716d7eaaed18a882e172a53fdbb87a2ca0afb57a9b90cf96,0x41b337e9f73da644f7db2526713e56cf36bc49e2f7558bbfcd17f4809f4fe4be,0x0000000000000000,0x1dcc4de8dec75d7aab85b567b6ccd41ad312451b948a7413f0a142fd40d49347,0x663101821302847e308200108014323912124f584c260832275b820056240906748c4b3080a20103c06a7c420c52194882150903c8272944928b13151028a84088ec00354118191c684270cc44940131100412003240080018414f89880208053a6095204206000f01501501319c0f238610665010100e4ca004491100ca7084522e3672038e503c403ea8026507a0042402300991c4e41d642a684a10988086ae0a011150866c29106207e3c001a4401744280d1620006a51600e08111a090106400002240a08408c00898209c6140561e422c23cbc411105340d031982a160c0b6e89a04010840214598a0045108a050106048408a00c0a0832d0481c75725,0x5ce160e9906c92e6890f3c7ae1ab79248bdad7b3258b90da6b553817fedcc073,0xb8325ae08c6ae0678dd70851ec6018653cef3da40dd3f47e83224736a4c166c5,0xa9456606c676242bbd12e4f80b6aede936caeaee4520a348fe5365c183f9b04f,0x690b9a9e9aa1c9db991c7721a92d351db4fac990,0,58750003716598352816469,47342,0x6275696c64657230783639,30000000,7999573,1674982067,96,13934378979
16511001,0x6167b2fbd02892cbba2796ba7235c40a405215a37eeb30120cdd349805314120,0x16da5029cf58efa14f212cc02bdffa616b1397a2025a4b7c08dd05f0726f0242,0x0000000000000000,0x1dcc4de8dec75d7aab85b567b6ccd41ad312451b948a7413f0a142fd40d49347,0xc6e92f31277e9ed9268898ada62d322b1dadbd95ba8a3d728f69ce1e7cc29eb747ad0a0bce6d48385858fe4efa338b318661343ab93ee84d4e6e0cdd2178ec11692e9f1978201b8da8a516e9cded2424ad22785602d8b20d1c1e084ec9a3bb1f766894c31283eb4a479f9699b0c0ac30caa9f45807746e7ff41938d9283bad4c5234d057ea06660c8cc91acfd9f08066f44025a16b4c401869f1cd4d4b313ba8ff6d95919ee87802951773b77d7ac6986e43d121f9e3584240e05ba2928dcdb0c53aea8a90b505dde1440f267624343646c1a6cdb5db82110784490a0b85efe9af3422edb492528526aede464d1d9de0e5b98d0b571cbc4842993833db8d2db7,0xc6a4e6cc53c57f14996b5b5c50a1adfbf44b0016f8414ce03c90906e970adc06,0xa12e84da8a4fe15a20691bcc8f36fe0ad5db0f748685987c4752db0cba2a74f3,0xe32fabf7208c47a766ada2a8058fe91eaaea8fad212a22552ea32c61537fef38,0x95222290dd7278aa3ddd389cc1e1d165cc4bafe5,0,58750003716598352816469,74521,0x6265617665726275696c642e6f7267,30000000,28129727,1674977471,154,12722810382
16511175,0x501db7c572744a675863d6dbadd1ff0e4c4eb53b782af211499dc81a23bd4be6,0x3365b26934120a380ca473e2f4884dbbe498520813cb46a519321dc17aa183f8,0x0000000000000000,0x1dcc4de8dec75d7aab85b567b6ccd41ad312451b948a7413f0a142fd40d49347,0xe6ad991945839f6f78eb23c487b5bb3f1061a8b1e99233a8ab1bc8567fe6bd6c06f7411d859a40d756d9be601a3247d596b36ce89bb1f92733ca48d3fbbeec3dcb8cd9915b69bd5ae91ffdedfeb2b97bd0b3fdbbee725ae868e1ef8fdefe7afdf7df98a2c7fef69fb2bb27db63feefb9d093f9a1fbe664ca95e47bd7e8fe5f14f22777577e3e344511c115162fc02eb5ff0dc1bf8bf1059e6d34957a57b60fedfa283dc7bcbaef11dd99cfe5157bb48ca755c051bfbff2da61efaa9f93bdea5d4f1884ba902d3ae95bc19cd73ae7f5b4dfdf96cbbfcfdebf960c3bc7fa8dab50ecbebbcb981f6ae9340efadb853f546885c6c9291fdf15661dd7bd61a68f7cf7,0x0d20c22604b2575c32c803791c710669b3e110ac73e07855fb54093fba601411,0xb6fac9bc93d96602be7b2914480237e7466cfe8a4d182701a39a31cd772a419d,0x85f8aed89d6d33e17b17470642bdb6eee6a5488aee3d9e38456371fa736e22a2,0xdafea492d9c6733ae3d56b7ed1adb60692c98bc5,0,58750003716598352816469,83108,0x496c6c756d696e61746520446d6f63726174697a6520447374726962757465,30000000,28433443,1674979571,222,12876467459
16511380,0x332101c94d4015a35e6754fd7afb6eae95b90188fed6a870ffd4ce29b4486edc,0x94246e047a07081d716d7eaaed18a882e172a53fdbb87a2ca0afb57a9b90cf96,0x0000000000000000,0x1dcc4de8dec75d7aab85b567b6ccd41ad312451b948a7413f0a142fd40d49347,0x46e16594732a123aa03c43d681b4a4219c568561225cb280800b82082dba191a14cb0049c50adf12aa7523226f41098847217eb8ba05f7e11a1c625e09baa491d65a71b092603ddffac050e84f88ad331d6ba0ee10e20a1bee72b966d8333927b3e20948db3f64a71df59d858cf829a2fcf1c8297621de05866785111dcb994c622d835d70e629cc684785c0e03b14ab5e006d9301837acf4b0c52e6835eb6adda6ef3052bb2e6dc1c9554bedfe3ace0cca5663c2a22d3ef87f13927846726d040dff392800c04d845d5130e6824f2aacdf076c836aac2bbfb5d8d2a4d59a25ab07bfb8a813a53014e8e03d989a75290e8cbe382737d34508fc9aee4c28c6405,0x8bf75bed890a0b20baf0039eb059e28c8dde67f5da0890e57a20c582e4c454c9,0xcc058d131b24be54fe00229c8a822523b1d06d66e9c89f565adf8ec84bf512e3,0x56f8fad04567a245ccda2b640b710f11cbd1ad8d1e2ae1e1a4fb24e4e001a5c8,0x5f927395213ee6b95de97bddcb1b2b1c0f16844f,0,58750003716598352816469,37792,0x6d616e74612d6275696c646572,30000000,17821103,1674982079,111,13121490623
16511002,0x6e3162632238d69cd53ba27f4bdfe2a589cb683a02b0a99b63d950904069d67b,0x6167b2fbd02892cbba2796ba7235c40a405215a37eeb30120cdd349805314120,0x0000000000000000,0x1dcc4de8dec75d7aab85b567b6ccd41ad312451b948a7413f0a142fd40d49347,0x84a08690b380987c60101018c29a03389096900004415142c403841b34e6854081150710d010011a20184d1c4a1a0301e2691278aab97110034a8899803fb8b440212920092bda0ce90b48c856f0206240a1d200de44ba91bc090a518b28a9415223401a8a4ad00630a5801039240ca980410a1b0d4c47439613a554988c7807032c0f422b6282452448c520042030a02d60cd014343285838a0496d4db2bb84de88292334827c248a9043ea05a0871d200424312131410a1063be06594f024169171342b4334cd76c118400a9077774d07d02d872984991831c4906011063600212f90890c406388a241f11a544592d8054432cf0cd814128538c05d2b17442,0xf77d73730583df2eeff8d2ee95d68696131ad0f6f3fcfabc7f850adaa40ccb5f,0x3c446365bb3974a06357a5de61332690c10f76ef2915cb60087d72402e0c8fe6,0x59f58b5df313963e47fa7d30e7601000b3724c7b6bfcb91eb2ca6df9cffbb0ad,0xfeebabe6b0418ec13b30aadf129f5dcdd4f70cea,0,58750003716598352816469,57881,0x68747470733a2f2f6574682d6275696c6465722e636f6d,30000000,10293337,1674977483,87,14114868940
16511381,0x29afe127d3e41f95252cae1ce8aee12df880d7a77fd61c1c731d0c38d123bc5e,0x332101c94d4015a35e6754fd7afb6eae95b90188fed6a870ffd4ce29b4486edc,0x0000000000000000,0x1dcc4de8dec75d7aab85b567b6ccd41ad312451b948a7413f0a142fd40d49347,0x1867094cc594f569ae3814d381e61aeb6319bc48e4724161806f04408e1ff582422e1784819b185c90488abc4bb61ba68a61ae809a12f8490368b398b3abe020520878d00c28900afe0677eff63b0d7c9e3232828b400a4c08428869a08d88251750005a0a82448e1091108083cc8bb38c51944540351c0088423959a019f2150342076963a2ae1c58d08b414938e2b360118ccf13450caa3e1d446d40f92239aa0e3515d2e068398e361ee45062c4099650ec428a24c88a81b4481a08881295738424a625680cfa0c201028052212aa584032d09aa8827922595aea06206170a9b2628f191222820e9012e8d08718f58412510d4548a15040a80c21c8be0423,0x2853f0085937383f466699044fc6d368344a6cb24d1a7beb5e2044c59ad0a908,0x897213271fd15ee575a60d28dc46601b036cdd85e72681c213b7effcb2053b60,0x347ba66db037b9925111f697786e31d35cdb215389a48b0a42f46b883e1a94cf,0xfeebabe6b0418ec13b30aadf129f5dcdd4f70cea,0,58750003716598352816469,80056,0x68747470733a2f2f6574682d6275696c6465722e636f6d,30000000,10324730,1674982091,109,13429966261
16511003,0x05b2286fa754d81edb0468e02c412df934983518c90b2ef2eb84a5fb10d4cf9c,0x6e3162632238d69cd53ba27f4bdfe2a589cb683a02b0a99b63d950904069d67b,0x0000000000000000,0x1dcc4de8dec75d7aab85b567b6ccd41ad312451b948a7413f0a142fd40d49347,0x0e2d41460118980930a862289a1043210e9124000010404081498212d46e85c2d937931cacd00212414d3a08cb50494f422140009a1ab9800a4c8681803a69e00208612129221b2ceb8358f8c47829a5029488a11c425a44c4831d158c343861022081e8026a650a01c29000086808e3a214223dc078745380e421db88587194031081ca1a8219ac90420ae0d10700302cb78911c9c024483e204063c0305aa4ff6881030cab667089e541f18560bda204470290215aebc242629e448a0c8001651850728b314080d0840103280e52be50dac040b4ae481d510418a6884828001532a098d8920a43ea0c3a80011658248126212421da8162824a9c38fa367e03,0xf11e8344dd39ebfd942d1fd1f86b33a6084944dbab6e94712506b1c04108fb79,0x8d29926a4d370806dc7ad97d4bec6341afb69898877fb28cd80853a3fa30f7ce,0xeb2671d81f4d0c0fb067acc34ac54315761d40694d5ecdcda85d0e10a4bf3d3e,0xfeebabe6b0418ec13b30aadf129f5dcdd4f70cea,0,58750003716598352816469,77939,0x68747470733a2f2f6574682d6275696c6465722e636f6d,30000000,10085953,1674977495,145,13561252846
16511176,0x1fff132dfdc6d1e6a68b200973251b749e66c151e5449c37b247c30aba363b3f,0x501db7c572744a675863d6dbadd1ff0e4c4eb53b782af211499dc81a23bd4be6,0x0000000000000000,0x1dcc4de8dec75d7aab85b567b6ccd41ad312451b948a7413f0a142fd40d49347,0x38208192820851403da81060851e42a2e4ab00140904aa0084255c08dfa00d34841403429c8143904c50b8200882e522a292862c9e31181b120c02211026710d214b10b2653f45a8280266da4c18aa208283c69170453e10049c0c24e8e8382f063c000012966732c050381c88406c3b02d58950501e1cd8e21f3293880141a557034211465aab450558758a63d0a027d90a2481e148961e58204c4c12990a209b4d014797e1704b30323ce240ba889c1a57d2b0610963920201288098c00452a010c49b058900c0282cba2eb482e884cc95686b1e8a009529883b6b0800e061aab8341dc4d028f80118038081211a20a830b3cc2959196c0c201905c40056d1,0x7ebb4e05000aa8980ec29d97461eecfa179f09bab020ffa1dce86e5a5c1b3591,0x057a2ad8f3912a712d2f3f0f6255ab1dc16b75196c04dc679f7dd5c714608035,0xbdbe12874c8649c1b405b49b3a4014745a943fcd7bf4d2ca4900053c44f14428,0xbe0931809781cf91e691497356ac005001a2d4d3,0,58750003716598352816469,45112,0x,30000000,10049290,1674979583,174,14317928222
16511382,0x863a2eaed7aad2f101b50d0a3e395dc0ce9de5c58cdb26c0ed10b5a9eaeb5e93,0x29afe127d3e41f95252cae1ce8aee12df880d7a77fd61c1c731d0c38d123bc5e,0x0000000000000000,0x1dcc4de8dec75d7aab85b567b6ccd41ad312451b948a7413f0a142fd40d49347,0x5db54b1818239379a5e83d05bd95b629958ae46fb98f9940a1d7b3c64e26172fc9bce6b0b169d04960522602c93119cab2958cf3da82bc48a3cbb616b6beb569e628ce78ca2af33e68bfdce9ed10136cb8c95f659ae41b8dccc35c4198ec3d3d3ea99aa04b3ef0ae9392b8acc49dfd6f752ccaf9a9bcbc6b92815b594ceff16c4d5aa76d234eb145a4de4f5b114f01476f9caa0be347806c600a7fc1c3733af49efd0da389636f6e4e9b43eab26f983f8ec6e566e5eedc37f2f248cec4483169e0783a8689e29fd10d0e0bc621af73a464001ad29cba1158024d3f028d08e078a59eb4de36104384892befa311b11ae1c556f7fbf0da894e760fccc2c745d5a9,0xa0d98b8f1956f342e85eaaf32e980493bfe66fa1a3c59620a33993225615e3a6,0xbe3a17738a21ab2af069a55b9c98b8e21209da05b85a307f4f825c23c5483b2a,0x932457ff7947e985f099b7e44b1fb2c07dce02183fc2aa3f123ad24b361617e1,0x473780deaf4a2ac070bbba936b0cdefe7f267dfc,0,58750003716598352816469,54701,0xd883010b00846765746888676f312e31392e31856c696e7578,30000000,29977855,1674982103,134,12906726942
16511004,0xf3d80660f13eeae78a14be6fdc9b1666bd6d5b7087a98862ee87e2ec9bfa0d27,0x05b2286fa754d81edb0468e02c412df934983518c90b2ef2eb84a5fb10d4cf9c,0x0000000000000000,0x1dcc4de8dec75d7aab85b567b6ccd41ad312451b948a7413f0a142fd40d49347,0x00a842b39b9ab1bb3e54349ab01a7ae50153375554740d01405dc340ed23bbf3f8c10d1a4c4130185b33fea80e2c5b0a63c14412ca383ab60f59c20223f32654a8e1c458f64bc84ee83f66ec455168a5f01014aac96e4a11aa450c2bd2c3e041674ac7026f4f6b702190f1a4f0e23b6deb33e8f788aa2411ff26dc53b39ab240112c83b42cc27114e4d857d88152117547e581c9c1925c5cc5a0acea0c321b21dbdc05718d89e550e0ddb2f393669eaade0543667d62c886a9f1ee7cd09d0dc1e75d2d727d022dca8818cb3e90c65e6edb0f30ee15ead8d149402b2fb29a2b0b1c32a0bd18859b02115c3fb4cfc959608129092e2abbad6615701d6ccf71d919,0xa314434b741b44478f2360fb0fdfba802540df0dabd9b1a056837cfd5629b622,0xeb6985f18ad3551f7c0635732e6e1076b505f6129904073b77295c7fe5b97623,0x5fe2262ef25f6384a9bf03838e14daa397d7486f00692093253c48b681690d70,0x95222290dd7278aa3ddd389cc1e1d165cc4bafe5,0,58750003716598352816469,67337,0x6265617665726275696c642e6f7267,30000000,15909858,1674977507,102,13005914231
16511383,0x09ac75cbca9a4f7bb45516a49776128faed5d5205bd179a3e0377cd7037d1d03,0x863a2eaed7aad2f101b50d0a3e395dc0ce9de5c58cdb26c0ed10b5a9eaeb5e93,0x0000000000000000,0x1dcc4de8dec75d7aab85b567b6ccd41ad312451b948a7413f0a142fd40d49347,0x8f69011a0910e16b61a3c5c28d30dbb810832d59a406020022830c1e94062b601006222280002c0282542a4e2aa64335f20101808802b026a6c2229250eab1691419d91c624c542b780051a97610a2b2c0b32c04966418790c862901cf2018931b0460185a66856ad8c9f0c11a2108724113d87024542441d6822010d899a01c328081e00532514d314b834459100a605521500343609248321044ef891288a48e4d0191f02aee3ae98464f2946ea2408765408241344a9248b14c34900a800143f324e6158312a5c3508916288c52a640a602deb48b0a1b8585a9af0b11a4c051102108404300218a093b4001011b01993101456058b0d277020d19a420050b,0x7e540a878fc6d6084801da24578ca8c53a7bda560b8415482afe67c02daa2943,0xdfa0d5f74e8a3e04fe075affcf3dbc55db9b667c05b5f61739bf4f3b8ba734a4,0xb6a62875b58d14a49b827285504b2478f41cda28c26271790f541c8396867423,0x3b64216ad1a58f61538b4fa1b27327675ab7ed67,0,58750003716598352816469,63437,0x796f75747562652e636f6d2f77617463683f763d6451773477395767586351,30000000,11244506,1674982115,119,14517685980
16511177,0xe5598a53a61a8865f53cad9afac4ace82031e93ed10f228ff3c5a1dce82db6ee,0x1fff132dfdc6d1e6a68b200973251b749e66c151e5449c37b247c30aba363b3f,0x0000000000000000,0x1dcc4de8dec75d7aab85b567b6ccd41ad312451b948a7413f0a142fd40d49347,0x08ad45a50f91b17ab2328209db1452b9d422800018430048309131181d04970a318a0544d98b81a8e8c007024b0f6dbd92a504608e03790127f8109569afa72588185058c0d85e19e89954c8c1d4a0e602d5ac7a5bc6087200531a01a9263d209e83782252260d96114c008988a19da3e88b04200526570992b388d036cb0a4c0a93846b32a3211e53624402c582336ff45818714352b68e6243f8530239d28cde4c07856323eb21e20c92c007a4b6048510810baa0ad783d2c30a13869a24b3e39805d207046cd84028602218962e8650592edc9e9b341f0306c8b20229640020b0e1c9cb2301cc51862aa6a11d3ea1e20d512471c900500cd0ac0e95c1e58a,0x7322e63acc22fa8029f5f04322d10bb2c2defe19fdd91e379f8f5a157a08fd2a,0x50b57c73eee5f4d66ec1037038f3007e59557bdc7ba5231462743107e17edf0d,0xfb541352371a5ad64b8b0a9673e523a4214aec69518e85a4d015e92e5976b81c,0x388c818ca8b9251b393131c08a736a67ccb19297,0,58750003716598352816469,66227,0x506f776572656420627920626c6f58726f757465,30000000,14235792,1674979595,179,13727228969
16511005,0x0780bff0593be6b0b9b69848acd93e0b911078ea87f4713765a4c3bd86daa52f,0xf3d80660f13eeae78a14be6fdc9b1666bd6d5b7087a98862ee87e2ec9bfa0d27,0x0000000000000000,0x1dcc4de8dec75d7aab85b567b6ccd41ad312451b948a7413f0a142fd40d49347,0x27a138815dc2814ab0c0007c8cedf82f107193324a78883b541900007c10109f1586090ae20257080a9c3b344c098960ca6130839f1fadb60078c11e80acb5a22cf0b32050000ce8e992d7c88cd42034bc6b2228d2c5981170b83584de932f310f884150120f6602a0949d0101102b71a206e9025c108658878310992e6e683620a20a748d0a091e55fd422b8599943e18525f81f3463c1c4ea180684abd1f719b0e8f5389826ae4264251e2c97b86c86ce380186e8690620a6adc7b0c8d6064501912428e9000d516080410251e306ae96631c0b0894939343559abfa03e33ee1b0f41fcd863aaa984e3b90012810a28fb1a30801a80664318fd89192a95683,0x287f7944b8ba700a0dd29a2856f8fdfcafcbef4f16fe1f9f5b088161de5fe536,0x1b839436639d37f8428f7255f89a2dab15051ed4ac7a370b1517775d24fc7ad9,0xa73af9c31db6d9fb2d47d0638ceef1a65a3e9e5bdbf0d60f9a4eb4588c1b8d42,0x95222290dd7278aa3ddd389cc1e1d165cc4bafe5,0,58750003716598352816469,76569,0x6265617665726275696c642e6f7267,30000000,14661873,1674977519,126,13104527023
16511384,0x7c848a44def91abaf7fc6931dd0f992b09512c3d30479a49c352bc52b7c71533,0x09ac75cbca9a4f7bb45516a49776128faed5d5205bd179a3e0377cd7037d1d03,0x0000000000000000,0x1dcc4de8dec75d7aab85b567b6ccd41ad312451b948a7413f0a142fd40d49347,0x00310f4c80160c2a38ab920c8500523281024c299c304008221948198c5401184a044f8045ae120840ce1850209ea10aea31a2008827681d47118f1207692d718148185859897c8d6a1e5a88648005bed882261278409f419c195476aa48ba45964611450627a021094680170c228a0fdd14d6300908448054a21ed0804c00763c08a2f5808a81a20edc9230091b9c9f00e21901a940149d7c3040c6021221819a0911c961a1fb055e8186e470900c685c285ac42620038ac9805eb95002a110277692868dc599630c2108b6120e1b0476b90e40082c0358350d0a120f00e40c7432bb0c8868810432370fc801410d0ae111de621c7a00df4d993c30ba821d21,0xe889e4c78917e90e70f1b975577661abd101cbf59ac2f3132aeb0250f2331719,0x38b3cd78a2898da227210e69b3c9a616db1ab645b172203a1eec0e532602e39d,0x94b63bef69ffb877911a8f0f0f079c3a2798da334a9960896e56fb87e31afc47,0x690b9a9e9aa1c9db991c7721a92d351db4fac990,0,58750003716598352816469,92563,0x406275696c64657230783639,30000000,10966012,1674982127,105,14063343626
16511006,0x1203a21bd55a5092a059417c8beb7902a539e232cfefacbc9b71076b4ed52303,0x0780bff0593be6b0b9b69848acd93e0b911078ea87f4713765a4c3bd86daa52f,0x0000000000000000,0x1dcc4de8dec75d7aab85b567b6ccd41ad312451b948a7413f0a142fd40d49347,0x1ca155b347925bc27fa7c191ad4056790342a3e7461ba235225723016f0a95c0500edd10208648ab04482a7c975efd5417839188ce9a21c14a5d8e3005b8375068009c105a31003f78aad2e8fcd470e482f228aa3c615a57284a1bb6c8641c9b1f4c0212ca43c66b2092bd80221a2e71131ec8785079e5d74ca480d10affa104326874ccda62909d9459cfc36170333f66121521636c547ca6eaf8e382187a119f6e9d852e046352004792f4b0b19cc85c91c01766e7105a4c652f631cabe04267786842af5954cb4154ac0fa93f1fe4c26a034fb4aa8afea3253c4e8c30a8a0547aaa8e0df5b0cc2c4dd2c8d1e300e085ade2467d1e3ff56188b891a115d43d,0xf2f0ecf99cd7de98a1b3a65a5cc6695c2172eae225663b8f49deb98f1e623e62,0x2d6bf6666a55fa92c728bda948e8cacbb72c9dc9982644ced056bebf146672a0,0x31a70c5c91af37b561b54bcc642a9c4054f653e278c2e77e1854976392c57364,0x95222290dd7278aa3ddd389cc1e1d165cc4bafe5,0,58750003716598352816469,83103,0x6265617665726275696c642e6f7267,30000000,14036624,1674977531,151,13067602070
16511178,0x2f7bbafa2a943f78ac1787185e28aaa368d35ff98f62c8f2acfcf8965c773e2f,0xe5598a53a61a8865f53cad9afac4ace82031e93ed10f228ff3c5a1dce82db6ee,0x0000000000000000,0x1dcc4de8dec75d7aab85b567b6ccd41ad312451b948a7413f0a142fd40d49347,0x0da45215a702b844380620648e8513e149232cc47a0740b0602190105f6c8c2c151243a4a160e11462de1b302c6215540a611caa8f586861a25a1051df34a4282c31133161012c2d690b43c87699f421248a9a708ee49e38941d0f258daca8011e0100861a0a4e3317c69400284a1c7b9c040a40287225d1a28066573369e10e433b8b16420291960ec8c28c430750a66c099921c3600fcb4023946902bc32398a48232b0d84630a530e46e03ab0ec08091824f27800b0e28c634a7f03e8a416013e8182848208f2516002202e1f90e4f66056c013af8a151e9629a718046e47e6b2ecb9032d118038c617f009051b22e634af6201890376c0871b59f435d091,0x5ec66c5eee9257fe7469f8791262d5c04df362ab155cc48b28f23ccb2e00df86,0x2fe4f8d3a4e97424c068abab737229f646d13b8e340df09f09688eb3c7848b1e,0x86e17abb6a35c0cf8af5e2ae78e37010d25744e6b3cac62556f8e3090b84db81,0xaab27b150451726ec7738aa1d0a94505c8729bd1,0,58750003716598352816469,46254,0x,30000000,10840780,1674979607,171,13639808485
16511385,0x1ff08f0433ef8e7b5bba22988aace991e26cb39b1084765fe26a61e43cc10ca1,0x7c848a44def91abaf7fc6931dd0f992b09512c3d30479a49c352bc52b7c71533,0x0000000000000000,0x1dcc4de8dec75d7aab85b567b6ccd41ad312451b948a7413f0a142fd40d49347,0x7da15700e2803328317014a1a9140a228c02a040288e60004603045495dd39913a0fb3a08580268002421182e348014b0e2314209a63bcc816404202116d7d100993c630504c9c7c2ec37bfedd346065101a4508484c1c490508ed848838b9415a090781422369c600cc1804a8900f6b58d3da020a502c60078062d9040eb005224003d42ba3330c84e90e02710201446430a60985520609e92c02f3099612b08e8c0391d2216e1282a269e088108d3065204a8643a0914220752a1e120186e0632c970205000c800080c8082442528474752251308a0834a1174f1e00206500643bb8c8d80481802906d99821030a098059706043888c4418c51c09e2319c43,0x80c224e94584b0df23f7e651d1996a27bb2387944031a24b05fdebbff4f3867e,0x9210754a25977fe93dbb9657829fa5f2663d355b6ace76c96ddd6bebcff7bf61,0x6fea0bc2730261b38368bace1de14e818b00b18b23cb12865bdbd9a548442c8e,0x5be9b269a83018e3192d6139dc6431de5656ea8a,0,58750003716598352816469,62379,0x506f776572656420627920626c6f58726f757465,30000000,9182704,1674982139,127,13590582298
16511007,0x97ffbeb7aff12435063baeb478c48faaad4e21d4c7cee2131af2246f7d843e0f,0x1203a21bd55a5092a059417c8beb7902a539e232cfefacbc9b71076b4ed52303,0x0000000000000000,0x1dcc4de8dec75d7aab85b567b6ccd41ad312451b948a7413f0a142fd40d49347,0x05231a88010181aa380210809d9530256d8021110c082282085d80544416ed6b409a91864207189ae00872184a518927b70560049ab86f245854c5211c3f7cc02008d238f0185f0cea9fcae84494682ca2c4681408440b73046fcd4fafc830598e4e904282b74e95d9fbc4826ff02ce9462080540375a550c4a6a0730dc849064f3197781a62200c04498d82030103b213821cc9816a017969a285e0625078359fc825230aa367c4b44c44f54723e6c005f102157064ee9a1a752eec01a988619448c3420d0048ff0a422049005512b6c602c450938a081fff85994a4e8370102332e6381a9eb004921f26b088a77c2887e0a15a9178a46c78c93f98a101dcb3,0x54b89a3edb48fe654d84769dbd291eecacacb15377d1ac6d43e32ad9a3372e9f,0x8a21953dde4b0450124dc4db3f00362eaa4e013c36951ba5eff8fed3baf40485,0x1e75e144e52393cbf2da7b8b839ead59fa855f54633eaa3373b175b033d54b2a,0x95222290dd7278aa3ddd389cc1e1d165cc4bafe5,0,58750003716598352816469,165994,0x6265617665726275696c642e6f7267,30000000,11099491,1674977543,99,12962693619
16511386,0x03702e55f79b5131c3a9be6f8e4e1c370273482bfbf83e6a31ba5b5bdd3654f4,0x1ff08f0433ef8e7b5bba22988aace991e26cb39b1084765fe26a61e43cc10ca1,0x0000000000000000,0x1dcc4de8dec75d7aab85b567b6ccd41ad312451b948a7413f0a142fd40d49347,0x7465a100065b93fc8a4aa4c4ad8faa68042a9a99280c26800b0640269f57712746b10b90854a294011c41bb90748058ace092de98905f7187a7043f2963df513eda25d7353685ecceb25f1edc7f108228ceda718166c1a980426f2ac8129bdd796dd70a4175a508381c24438ac7cdcfd061f0b3b8a52e6c6d1a414d900991898e356397836da508c50b2c793ab2003dd72b0c627174ce399e446f5e13b1317f48e8fc741864a7946180c69e831019c688d496ac7552203e2c004a568909513601160aefe09e209db2620b451706592adc06496e2940e0a583b3b5a72d688e549201a27b9186439169116eec3908309b5b1fe3b6864d88d4101490c9482cc9583,0x33863d87dc4682663248deb9ad9ce63112ed815306fe616d7daf439a791a1465,0x28f5e2fd57cc862bf6382ed0f7968e598a7180f700b30beca21a78e58a50cc86,0x2cd7a20bf363690795653a612a87f88398133e239186b46a53bd76492005d056,0x8e12113ded05113d1a59bad8c37c295633ff6a97,0,58750003716598352816469,63099,0x,30000000,29998380,1674982151,163,12931745298
16511179,0x89ecf0c52c1525cdffe927d76c9e50540b28dd719e5113052b01e39a49d4d51a,0x2f7bbafa2a943f78ac1787185e28aaa368d35ff98f62c8f2acfcf8965c773e2f,0x0000000000000000,0x1dcc4de8dec75d7aab85b567b6ccd41ad312451b948a7413f0a142fd40d49347,0xaa75f45c00009e5b704220d0b81057b9c56264018ed481b96087d48a782899686bab4711e04b540072a2a75446d87d4c0ea505e29aa9af4d364d840db9bae829a09c509144489f0e2a3a7fcc4a54a8aab901ac410b440e410087af4faa62b9a03aa934301fda4c2b06d88049fc669d2b883276c0c05834b6127048b1bccf46952800d04eb686091d12dd8e45469422c2f4c0a00b4189d2baec22ca75113080adde6991f78dd262610c0042dcc6c6cc1a1cd8820dbbabc14b0b7b62231505012cb41874124c0f2a04021158721a5e93b274517ad050a988dd0347fe2a4804f0d861d3ad888906cb5b70457ec302a10e7c475462a04b1c9f7c12199986f5717e85,0x2ba549dbd897861b4fcd719bada6315c49dfd88f1e2c26abb397bdd7295f8eaa,0x5965967f4192a283dffce121f2f1763076250f92d1a03c557b255c74d321f0eb,0x66d1a845628fbf93b4b4404dbe6244586bf607eceeaa9bdcbbd54790de9b9233,0xb8921c382c8936644f12f09df29bc26084bd5c5d,0,58750003716598352816469,88820,0x,30000000,14362664,1674979619,162,13167050450
16511008,0x6a51ef89c3edd1ef50bdbaf04d7b7713930ac7ba92eb59451fbbd72410181ef0,0x97ffbeb7aff12435063baeb478c48faaad4e21d4c7cee2131af2246f7d843e0f,0x0000000000000000,0x1dcc4de8dec75d7aab85b567b6ccd41ad312451b948a7413f0a142fd40d49347,0x4561a85156e193c0b8148901e42511298260a98cdccca28024450450ddd25800718013ace4058a4547163694180009388a0104019ca03f04026cf4101738ae252e19c217d8bd090a6c12669d401448e0a2c82251ae401a05012a1602804509768f58212602a21a528f0c00a002002d311a0400e200190c80e19435510a3d000a66a00ad0a08acf3402d582c30307136644020301c351044842629c60023911489feb41c3a9906f22081083c447388c802d1143da6160090f20470a00000000e521892746514100c22014c03222b42064e82cc0c411a9881d8e62291ab00ca5000db1708a08508050800b9a80080190a0a03045a671a900ee7100880281261781,0x3df0b9b4eb78bccab23121f739fd9e8de5eb4abaa74484020153af57dd113c6d,0xe1ab4aa494462cf6335f66d54d8227df9dff9429c5cadfb96b0dac8e35cc6d5f,0x84a874c298a9f2ce5a30c082821f31048c23ed66c64278ce70fab42168d0dfc7,0xd2241526f266b165d25304f6908f817b6b6ece04,0,58750003716598352816469,26681,0x,30000000,27475273,1674977555,37,12541351093
16511009,0x7b75c26dfcb696b44228c9442b00d3651e18fc85f0a15497063b567ef28259fd,0x6a51ef89c3edd1ef50bdbaf04d7b7713930ac7ba92eb59451fbbd72410181ef0,0x0000000000000000,0x1dcc4de8dec75d7aab85b567b6ccd41ad312451b948a7413f0a142fd40d49347,0xdaf9f2ffbd90fe7e31bf41deaae578f919cbb8f6fd6ad4c01693865b862bb8abb39ad37de50dc81bfb9ebb42acaf55f7b7f94010b893f8e3b75cce7bd22fb5e62cd4cfda723d84f8ff5a44f9dff2ece7cbd98ecf5b6dafcf815cdf549dd7f8dbffee8e7a4f9febe7a5df9dc6dfd2afffc30fcdeae4552df59bf8429926cba96d8f24f5cf7df25fbfa6c546e3edfe5b67d0babeadf59df4d82a236bffefbadaa9bb7c21e7fba7ea76432dfeaadf7df778de59eafd6667b346bbfbeb36c7afb5f3d7fc3732a15d15d65f4998130a1ed1bd5165abcfb7ddeeb17f9d5c2f30bce496b23af3fdbdd764fa092e979aad8197bd97bc736b908ee1d7e3ddffe0f1b5f577,0xd57c346587a3ee4020304f7c2b58fd7d42f92da4f30678ea61e01242e64b74f0,0xefec53beb064c90ac16807bd9f05e980bf7d75b89a9b09fbebb247ebec44cdb8,0xa5d5120996d8990ef1f3362787f404750d0c5d95ee42c6b3c97972e9bf15f487,0x95222290dd7278aa3ddd389cc1e1d165cc4bafe5,0,58750003716598352816469,102932,0x6265617665726275696c642e6f7267,30000000,16106348,1674977567,159,13845157581
16511387,0x23936744114961f7cedf0d94a4832be5b7b0e5c8e4e1a329ceabe1514c128b5b,0x03702e55f79b5131c3a9be6f8e4e1c370273482bfbf83e6a31ba5b5bdd3654f4,0x0000000000000000,0x1dcc4de8dec75d7aab85b567b6ccd41ad312451b948a7413f0a142fd40d49347,0x89310be9c402482d309400908c9c09788415649a790a00c0d6939306b404032f921fb7160b875658005812416a0499380a09c1e4a82a7a003a050650133a2d10c8ba808262697d3dfb86f4a9ad76b1a5c0a60623854118284c20e5478d811c131748883a32da40684072549008a439610cc699b41979a46604324957141d88c488434345925e8916ac4481488226400214202699c1e8022b3261b070433218699ec8696850a36e141caccce105f8a46f84d54bfd582a608a22e8aa2400b43962db12a116045a04e24444a1b941ad51e4404b3bf094f94b14782cd8230090ec01c033e088200048093d2c00906da478715454a10240883870c4694e25b30536c3,0xdcf5f3fe332810cfbe0a2eda641771dbd5578f474b29cbef0047633b51c23cca,0x2b079ecfa8c2992e79000d6e44860458677aca1adb10b3ab9e39235650f7373c,0xaa4fe4e94f6208c34fe9cad02574ebab5c8ab7cf7d6a86cc1ca947c17accd36f,0x5f927395213ee6b95de97bddcb1b2b1c0f16844f,0,58750003716598352816469,121257,0x6d616e74612d6275696c646572,30000000,12009963,1674982163,114,14548038881
16511180,0xdf464437391eec5823deeca7e28881631adce21ee213f76b6d30ffb024f26afc,0x89ecf0c52c1525cdffe927d76c9e50540b28dd719e5113052b01e39a49d4d51a,0x0000000000000000,0x1dcc4de8dec75d7aab85b567b6ccd41ad312451b948a7413f0a142fd40d49347,0x6f292e01d4015f4938cf9268b9b1a229566123812821103f302154d25d481c27d6068904e9934f43411a776438144d54362537b89f84ba61a6790b59bfef2e7858b2f03129879f3e2917df894650243023234fb249450bcc5881ed41bb622e451f4a5ac80aab5fa68454a93c093e19f2ae228cf55560ac65fa067b300cc86a970ef2ab46704e0dfc77498e0081212475ee00f923c5c4c6481ea4016d891213a4bfa8318de56462a02aba41a49b328c8028404ea408b144e6dd61ee4a1e106409e14611a7c28080c2a520e01b0a3612d644f212cd94aa9d11388539a3ea00f0726eb2e38b021d0642050d6f095393391088a6517be2b80244b01d9ac6a7d73259,0xe755963468446dd76b5f183506caac333c0c04aca34ba55d856fcc2cb762bfc8,0x338f57b98245752012e7883baf15b69a178ea4b47c7f37ef804dde826b4b8afd,0x78b9a6a6ab3a6cae7e67dd840199b3cd5df907967548bcd9ecc5f978b99c8ddf,0x57af10ed3469b2351ae60175d3c9b3740e1bb649,0,58750003716598352816469,59345,0x7330653274,30000000,13685902,1674979631,219,13097118490
16511388,0x3b233aafe060892e00ba7b0381cc8bcae0cecd073305daf5e42cb4b71b6613ed,0x23936744114961f7cedf0d94a4832be5b7b0e5c8e4e1a329ceabe1514c128b5b,0x0000000000000000,0x1dcc4de8dec75d7aab85b567b6ccd41ad312451b948a7413f0a142fd40d49347,0x0000018000008106100020000000000004000000000100004000000000000040008000000000000001402900420000510200000008002000000002000020100000404020000008082209100a10200002006000000000004000002220800000000a204100000400000000000000000180000000000110010800000210000a00010000000001600010000108400000200000100001000040004000000000000010020801008000480080000000002004400002400000288080004000000000000000000002000000000020004000021000400000005280000010000000020000200010200800000000800c00020000040000000000000000c00000000080000a00,0x679b5a57390c5ad80f59d77ded91cd540fe17e03cff90ef4ce849a24ad20a531,0x6c52e1299dad501fd11b9d9ececefb0ab6c2a59089ac599f1528a66480263533,0xf5e75efad84ecec8f34dbfe42a308c3c9a49a206281ef073547f99c202cae472,0x24d6c74d811cfde65995ed26fd08af445f8aab06,0,58750003716598352816469,16077,0x,30000000,1029583,1674982175,16,14185545760
16511010,0x2244ca08844d0186feefaccc3c52150927b610829d7abcd019642e83fe2d48b7,0x7b75c26dfcb696b44228c9442b00d3651e18fc85f0a15497063b567ef28259fd,0x0000000000000000,0x1dcc4de8dec75d7aab85b567b6ccd41ad312451b948a7413f0a142fd40d49347,0x062195835d58ddfeffbdb3cfe81188281b3a05803cd72cb08147606065bc9d72500a31a38406832967587e646bdd0db5be7331228b6fae8d230c5c5e07fcbfa10b40f5109a3a9d68eb2350eed5d1e8f296c7b680ce5608f3354ad7408b409a131f6081a093ba2827d8a4d48d48cc0efb6036ad57697d6e0df2ccb5f0227ff0247f1282602a6a090404403d53c092217196c09c09cf40c6ec28332560cf3883379acc814692c06f74e23c44f5ce22a78ef7518005e82c8b2be1edfb2a10ab8270c718842635a84ffd15819486170e823ec721a6e9f6af8a9f910f4f62d1146a4602b3fa888ac431a3b25c1ff9b10d51b08d6967245518744430f57ebeea961d11,0x19efa3e8770fb58db84b62b7906ef73ab77d575e4dc521bd33a180a8a258279a,0x661686effa6bd3be5786267f37fdacd83b6b685fa514734fba33a0d7adf92293,0xbf519ee96599da841c40a97d30c60a058698c3dea627e5088638aafd9692416d,0x690b9a9e9aa1c9db991c7721a92d351db4fac990,0,58750003716598352816469,88964,0x406275696c64657230783639,30000000,13968807,1674977579,132,13972803934
16511389,0x48bf112bd3d2be6f269a83eaf932568b604c886464199d387c9010277d3b61e7,0x3b233aafe060892e00ba7b0381cc8bcae0cecd073305daf5e42cb4b71b6613ed,0x0000000000000000,0x1dcc4de8dec75d7aab85b567b6ccd41ad312451b948a7413f0a142fd40d49347,0xafffb3440a239168d8dc3cf1ec320eabbf88c2c3ac10812c085b25027bdcd54a02347f0a8fa90015126ffe790172b7288397fe25da66a8430bb406115fafbf65819084fd41a1582fbee351eb5d3041779e95f61c6fdd3e346aa3de41bf8b383f1eb11230df8f04a64ed10a821dc03835c6e1f0158e5bd5311ba574db18ce24041a930353624e108c8c6c28956a0fa5c130823c83f78e03786fe4acfd0d7483fc9bbb9103bb9cf91c8d7f59f04b12be0266727a42e0a205a2517f3fe1f122d036455cbca7c44d18ea51d59806cdd4d62eddf5c7c0d6edc1387c0d7bbe3811f0d0447bad8e19954a905f9d9e8950430eb05952106cd69a215ea00dc932dba15f25,0x830717a0c68324ee59d18cd290350112178aa4c06a1d7d4fb5b00eb6038ff1b5,0x3fc1dd482f8d7aca8f28b07e9150802389715521dcd2ac0fa92872cbc4e2a641,0xc136ebfbfe2f4fd3171c4037817ff9f9ef811f8bc976d391e2bc17fd7bd18f06,0xacb80f34495e8f98392bfba68ab56628468914a3,0,58750003716598352816469,54071,0x,30000000,29992283,1674982187,141,12534062514
16511181,0x9579da3fed2b44ad6e63ab091d2781201fef38f02215f7c4b7f9ab425563f611,0xdf464437391eec5823deeca7e28881631adce21ee213f76b6d30ffb024f26afc,0x0000000000000000,0x1dcc4de8dec75d7aab85b567b6ccd41ad312451b948a7413f0a142fd40d49347,0x1065d834278393c3b2e2dde49060b1ad69ef95717c09034da2fd289869a20529f0972b11c23b400b91dd7e980a4029658725dcc59aa6282013cc113d07aaec8900b8247046c63cb9f986fcfdee0060ee85a035a9ba450a5118a17cc18fe42861f2289b0103b6d0da8138d96f97230dfb56848e73756be4c0b0c448530e8f59d613c0837545ea9bcd00c905c481804a3dbe029b97c5a4801a402108c846b153e7baa9d1db90037a066834fae116e2e7c9b442670c8fc3370b4359590c10a19bf1f978ecb2210b69d3080c2c3174ee9104c05b32f61c8d051fb026bbaa1c8cb0482afea809849222956e8e7eb01c85dea2d250c305376d33523125f852e4a1746b,0x7537f5327c87d408bae6566b255afd94a18c78daf2c3520c4d31a7cb5c0c636c,0x014035c7fb390e26b8ce5f1c84c9eee6b6a6f3f7d6c0d1a6bf03c769bee7cbb5,0x452c325212e9a1de9130e78c639d93177357d020494a8d58019fc9a565da3859,0xfeebabe6b0418ec13b30aadf129f5dcdd4f70cea,0,58750003716598352816469,49701,0x68747470733a2f2f6574682d6275696c6465722e636f6d,30000000,26351773,1674979643,154,12953694347
16511011,0xc298484047d23a7553cdf30a76e9a36fcf99c1f4e380efabfcf91c9cdfe689f2,0x2244ca08844d0186feefaccc3c52150927b610829d7abcd019642e83fe2d48b7,0x0000000000000000,0x1dcc4de8dec75d7aab85b567b6ccd41ad312451b948a7413f0a142fd40d49347,0x942150c88588817ab104d2718d52b6bbd3f310454c368221122c0002f4867d06400f3b2494840eca21923c26bb181118daba85898bd428c0120724779564ec084510035043199c3ee94352ea6c16e0728ca74870466448b02b198c45ac5629f11f6ad8295387c6dfd584158dc3c1297101b4cc0f62d4153cd898507a042be08166401390bc875bb6c0e013060d33726c3f726c358141511964b808488930c6188ecd0543ff40693f0b1a49eaa93c941be284e28468c6342e2b70aa20b698c2c52d30f37aa6df2dc04a400086376517e45481bbd857aaa9913d02193a0088fdd014baf98e1f8b90a3a6cc1aa6e2879a6481d4512c2139815700219d9b81707201,0x160a92bc72b836a2d8eb6ded57a1c6f2a3482f45b09f58ffc909b06016b1a8a5,0x474d0963051e3ca7d7735d423143d9f69be245f6d5ac44a9e9318269d72f6380,0x0ee481011cb8c78105be21a99afd57fff0bd6486fec0e5f3cdc0bd285d36f1ad,0xfeebabe6b0418ec13b30aadf129f5dcdd4f70cea,0,58750003716598352816469,107986,0x68747470733a2f2f6574682d6275696c6465722e636f6d,30000000,13750941,1674977591,158,13852731788
16511390,0x038830251fedf84a8d57b9df9ae7d01d7a1ae66bbe2efd7bb4c0bd8d71e93a00,0x48bf112bd3d2be6f269a83eaf932568b604c886464199d387c9010277d3b61e7,0x0000000000000000,0x1dcc4de8dec75d7aab85b567b6ccd41ad312451b948a7413f0a142fd40d49347,0x55eb2159cfa993007c3190c08c945a20b9873882ca1ee56031db617b5c8aa7896a9e070098859c24e2d0f916d2e2693263711360db0efeb0f6089e171336ee14ac6cc03aec80eb1f6dc7515875506235e5900033c8e25a9c55e09f50c953b8391e28cada5a475df3270c10e00e824b61cf18df798b5876a256314c755b99bc9c289be3920b5b891efed04eba5960d0037eb91013cb445e4a7a2953fb5fb53185feec856b89207725ded396fe09787d1afb485a657332b78e5868465e0dae4372e37c8847435e21006d00dddc68245186614dd2f23adcea5e577f7c4a2910ea6746b6b189ecc48598460df6ca09dd0530411560c2f56b4a624dc38c4cb0365daf,0xed68dcd99215a883b1ef9289bc585f20b6756f05587d5d743bcb1a109ea24833,0x657e9e88301e2d7b27d2a74dc5f5401c7b245031243f177463f1e7a7cbfcdb83,0x08884ecd51047c5686b0b811ce285c3a9d44bd3f829828b20ee45059674991a2,0x690b9a9e9aa1c9db991c7721a92d351db4fac990,0,58750003716598352816469,71449,0x406275696c64657230783639,30000000,29985777,1674982199,130,14100014283
16511182,0xdb8d5b8047e07b9da41f106fd8b2318395121f40df14700139159e2f72513aee,0x9579da3fed2b44ad6e63ab091d2781201fef38f02215f7c4b7f9ab425563f611,0x0000000000000000,0x1dcc4de8dec75d7aab85b567b6ccd41ad312451b948a7413f0a142fd40d49347,0xb82d110b859498ca90a89500859e562bae60b8806a0c00010215aa149fc05400b368938aa182c281c41abdd442801310e70bb1a08901f9704a3a00343a6efc6848e86bb9420408286b42d55df612b430b422040846ce2a508a03dcc3a9413e5d9a0ad4c6030206e280e80c851a258b6146c0147d815406e97a1248510c0850940edac3dc606a2601964f09ab451201c78018882107d7802be1e8ca5e02b0430a8e0941d3c188ed512c1aece80adb04083c24a2afa251a1c209cd0a271d0d01682213898a60d1224a08a15c8301067536d4ab1ad611aa8c1c00742826040cfcd61db6f0c909c28b82460c54c803a120e50b1218310a1e81d2000d880ce0153cdb,0x5d3aeaa9c98d4914dc792bce2bcd8067cf10bba0cb97e5e7d30f011b66796043,0x42697154e9c372bdb666f1b29b8d19e6d694044d8518f01406b0c6d73c7c4a84,0x817be61cd42aface3a7d681e7a21b0ba8f08c729302579a2aae8ab9868bd14f9,0x690b9a9e9aa1c9db991c7721a92d351db4fac990,0,58750003716598352816469,73530,0x406275696c64657230783639,30000000,13264254,1674979655,142,14179089328
16511391,0xb54e712b8bd98e9e61680373e00b26fc247835924d94498e42db055512546e72,0x038830251fedf84a8d57b9df9ae7d01d7a1ae66bbe2efd7bb4c0bd8d71e93a00,0x0000000000000000,0x1dcc4de8dec75d7aab85b567b6ccd41ad312451b948a7413f0a142fd40d49347,0xdb634589d2418428b13809048d552677c402389b5f089134d893a014a60cad6e9237f1069841ce2102521cc46e1191380a2b013abac2bc901e04e289147d69700803c000410a592e299250a91328316084fc01004bc40aa50e2225118c187b3b5e4001241a026a0215e04c8408e08aebc88c18786070ae00d010857daa9a435580eaa3da427eb50404f7454421751ab434302489896854bcf2604078827307d08fd8716171b96e2f41a044c2083284b8152400c0a92020866b601ea48044002093c4934a54931ec033080cd09acd73b4504553e0328888bf652e4972dd23ef90b03b310a6840282164459ac7654452e9e4e9556142ba855841ddaf60b921be81,0xd4f460e04674066ea25928aced453258d0aee74e5f3a4166f491ff4fdc6d6670,0xdf611c2cab89298a47291311e3b7f2d222d46469dd7098670d0bff46bf34a581,0x6a83fc973f031dac43c47994fda45c3c2b6ceb4eab463f12a004083b8147568e,0x690b9a9e9aa1c9db991c7721a92d351db4fac990,0,58750003716598352816469,59197,0x406275696c64657230783639,30000000,11267065,1674982211,100,15860844864
16511012,0x1b8ccf13c2acc7dedaecd9acd19e0c76470a0898cdd34f3700e0998a8f7b1376,0xc298484047d23a7553cdf30a76e9a36fcf99c1f4e380efabfcf91c9cdfe689f2,0x0000000000000000,0x1dcc4de8dec75d7aab85b567b6ccd41ad312451b948a7413f0a142fd40d49347,0x44a0000b559a9648711a6aa8ed55456d01c0248e1c0008b55687136b1d12fdc0100e8952e00419090c41bf706c0783b8be11032ccda2b9c8882a101010b6a758fd40d51040ca4b7cabf244e8436071b583802288967e0a79b6569e01bda2198e92644f5182027263609838c12ca0396dfa9aa279991d0434b2c01097848a9a8422000f9d2b46533d5dd16e42a31e393254162c0383c044de6e215449b31a3a359f4a21b180327a503c5440c0e63ad5d00fc00a042004210bc1b9ae1a060a84c567543c0e28a894820119b900008e906c4f3002c610aca991980d0877b911f4b41436eaca08128582304d1ab2614114a98d49458180aaa8de38dd981dbdd41b81,0xc870f8c47caf41f4f22fc32da4943fdf8a66bd5303bc45f3e376e80f952485ef,0x8e9f9d0ebdc4a960a363960923416f9d652bf30da983dbe901172b2ff82372e7,0xd656b8a4bc9ac3167c57d7b9e8a496999a642a72714f4a1d4ea2e26250937c8c,0x690b9a9e9aa1c9db991c7721a92d351db4fac990,0,58750003716598352816469,76039,0x6275696c64657230783639,30000000,12581286,1674977603,124,13708541128
16511392,0xd521a06cd1674de2446768ed305f10075af8de6c0dc826a6930665b08b240940,0xb54e712b8bd98e9e61680373e00b26fc247835924d94498e42db055512546e72,0x0000000000000000,0x1dcc4de8dec75d7aab85b567b6ccd41ad312451b948a7413f0a142fd40d49347,0xde20890000109086302894808950002050816124080a004802190007489814c072420901e28100084050504ece21e3198301100cdb002b05100002031075ac050051d62000000a28ab1b122a8548803810014203604d40504b214f4088c0190d1b1870250206021a00250b800012b849e302809000d6375e169202500809c08c1a30c212012a0910b8480b8610020840200a10838920202c516000688e7001a08b2e034308946a48a23768e00b283488206100906022d09300b10a08083200314138608240800045120440240020939450432f4090ac0a16041098ab0a00624400b0302804a08c0133cd858002400540002000021028adc206012c00a032d801,0x7b0d921bca7be76e91730dfd54306cd87023dcbcd760f9c26e2a4ec14bafb2ab,0x9739e03f0be42e92d2fb300e8fe49adeb1971285af1f8913b1b9b9b7d0609eb4,0x6792d6780d400a32cf28bdb5b9c33fc8e33161aa2243a88b39bd63f04a415e25,0x690b9a9e9aa1c9db991c7721a92d351db4fac990,0,58750003716598352816469,138192,0x6275696c64657230783639,30000000,7734730,1674982223,87,15367449007
16511183,0x0099e581d43bf66a820fa20f8150ff34f2e18321b47cbf3b312601a388e4bb58,0xdb8d5b8047e07b9da41f106fd8b2318395121f40df14700139159e2f72513aee,0x0000000000000000,0x1dcc4de8dec75d7aab85b567b6ccd41ad312451b948a7413f0a142fd40d49347,0x97a01728240910108451064b8508d2ec180020070206a810600b20f20d8e001912c507c9c0829498770c420209080304622c9414bd00700232aa050422a06442120e0e116011ccaa6ca44158d00218f38540c86350486a1096501e44d1000c1d02022820464228c92184140141152852449144d9120304270690819cc1cf55a11001a003a226ab5412d3d004298412a52102c0230718a26834094552227013419b8801211100e0207b22408600fa841090008c21a84688cba02846cd082b4100101c085611820860009ca401001603244208c4ea060802dead4e0d222100a0014198b489c582014c1544e88940254835c32496cc89198443c4a8093acd101185,0x8758af0f11112323a87c85af0e7166f7b35cdc234280165f3409e22c7813c45a,0xb79cc6ad381fbc15c41ce909fcf198058076eeda0c25e779597620d109d669b7,0x7ccf9418629ee700014ff38a755cf40737abf668856bb088a2b338fb9f49138d,0xd2090025857b9c7b24387741f120538e928a3a59,0,58750003716598352816469,22279,0x6c6967687473706565646275696c6465722e696e666f,30000000,29994100,1674979667,81,13973995182
16511013,0xb6e18d1cc1019d532fcd7271a51623b88d300756993231e5c55f220d40df2cb1,0x1b8ccf13c2acc7dedaecd9acd19e0c76470a0898cdd34f3700e0998a8f7b1376,0x0000000000000000,0x1dcc4de8dec75d7aab85b567b6ccd41ad312451b948a7413f0a142fd40d49347,0x9f7b57afc791d47ff9db655a8d5fdaae74e3deb72a3a5808f09de31ef6601d46fe7e338ba0c3739808189df1ef871995aea1154befbeac4f1e2adefeb67bed1d4ff8bf11e4eae53f6f6b46fa75b57a6cd6f1802fe6dc496acc3b6db5f79b7d171b629ae25fbe75bfd9f625fa7e4b28790a1c347ad174d71cdecb153137cac44c46e823d7f94a71551df08eaaa95800747749b8272df1e6fae4fbfc5bb7dd7ef69fa9674fa5d3eb23c2dd5de6c03681a81675bd26e883b7caa5e6ae7a31bff17eccdbc29a20e5ebecfc607ed8effe58ffe869d2e7d6cbac156a301de671bc37dd5f3d30d98947e7c3f3e03f91742b75f5c59ab3e141c85be67c040d58d1b7f4cb,0xf0acfb85bfb224ae6a70c750a875a5222c4acd0079fc29adef73da06c650db3d,0xccccb6197945c35f6639f23702411fff113a1b66156828a6688291e96e56c0e5,0xd574aea5a54574889037ff25efa2964229a5457b8157df92e3272c4b651ff415,0x473780deaf4a2ac070bbba936b0cdefe7f267dfc,0,58750003716598352816469,76477,0xd883010b00846765746888676f312e31392e31856c696e7578,30000000,22597010,1674977615,126,13432232459
16511393,0x53f85e34b88c2b51431a9adb246d289d64e7f6e2fe9b281ef2482b62924c1eea,0xd521a06cd1674de2446768ed305f10075af8de6c0dc826a6930665b08b240940,0x0000000000000000,0x1dcc4de8dec75d7aab85b567b6ccd41ad312451b948a7413f0a142fd40d49347,0x0ee02109e78348543ba88e72a6959fb902278282ec0ec6209a1fb4f84c0f366e55754b00ec4b0d91a1513f15e8180b8ac69840907a18f9a92a8d92cb95f3eda33a6ad87d07f2582ae99352ca5470013a921a16922c44026844927d6589180cf512471a7053dbe4a284c4d7309c544b6f9514f80805b814638e98025558e8aa360301b3172603910e84c4071e018728646e8a4cd19560725bf723d852f2fa86319b8f812bc4a3fe0061a385f005b7ad10de4640b057b610dad00f1a3780e762643331a06f12db86e9305489fe8c19502e54ccda601dac23317bad5862b8072b800c78fedae23a848064c42e8341cb18ae933f974191ca35704765188dd08a55ab,0xcb0c64e19f246e83aaf3829570405bbf8189b95c5327a446678b62463130a469,0xce2502f44fab7641d275c4a48dad5e61150312f357d35b2aa24155e4ba214e6e,0xd7694e99e71123412cd6578c2d0d7a192b776843bb5b114d748af342d4a61938,0xbaf6dc2e647aeb6f510f9e318856a1bcd66c5e19,0,58750003716598352816469,51514,0x4d616465206f6e20746865206d6f6f6e20627920426c6f636b6e6174697665,30000000,11491944,1674982235,155,14437043455
16511184,0xd8c125b8b0248da24e1a03d7431707332b2c7076244b76d72b2ceee5295243c1,0x0099e581d43bf66a820fa20f8150ff34f2e18321b47cbf3b312601a388e4bb58,0x0000000000000000,0x1dcc4de8dec75d7aab85b567b6ccd41ad312451b948a7413f0a142fd40d49347,0x1240008946420494288600180200416028440c0a200440150040021849000002030842810009703000010a582a42012122400080a821a009040000ba81e02c801910900a0140780c2a01c8882400606a1284000800c80850110e140088183681020050144313d00420d0140201060b2a542385600100a500e00814b0c488494c4521c0080122010580802c00401000a204008281812200852452484a001002b2cea8058020087201900a00a8042ec60022c149019480040210c16c023538405480004082049200e0832450a8480411e044239252bb8a00310844180a0012600100d2e0880000020008c442482080b0a4868211000188104828082812b3830401,0x74d170428fbcf54a870200e31abb1a5a085f3647065ccee9692e9ff4f7589c11,0xdc3c41383ec97ffd037adcad1cfc7f521fdc8d6817d26845a86414688715214f,0x995bead9479e4d63e60a13914c489532d5b143481c39d71092db628bffa38e2c,0x9f4b4ceca7ace96834bd2fcc961c772de7cb481a,0,58750003716598352816469,29193,0x,30000000,5616933,1674979679,65,15720057524
16511014,0xa79c525e1fbd7c7cf9497f009690e88658946ab8901d7b077d2d139182e26b39,0xb6e18d1cc1019d532fcd7271a51623b88d300756993231e5c55f220d40df2cb1,0x0000000000000000,0x1dcc4de8dec75d7aab85b567b6ccd41ad312451b948a7413f0a142fd40d49347,0x94a140290081b30428088080e6447328100014030a2a002010d9c0884e021102e80348229980844340200c14ce0901c3a6c1000a9f00ec00522000150428290574d004140640d46138a040e84c6038f283c36440c0490880149079cde8441cb316e0090863025122408160984060ba28d428c04603004438a800e9150893d1c00b60b2423206c10d8160c66b8d4e936466b21901894048d82a0401ea8a34c1e39a0e015f52a36a5a800cd0e440a880d0354010408620106a14400e4230f50024093018a2408990c204f8018241890824524302c8bce8405f40203832ce00b802043e24ec9891400170900e20448738f082900320a33820480c04188e8101cca9,0xddb113bd1ddafd9d0f4c6227c75401698f80d66ae8fe96b0ed5f55533362aa07,0x9ec8369ca88e5ddc92bf6745e9c6e8f2fbe53d217a293c7c88ea5413309254b0,0x62a2be38202f7db32cbac83b959db0a4e6ee656b8bd66eeadafbf5193ed3b4ec,0x833f9518cc6cd092c563d89a01e8782ffa30b8b8,0,58750003716598352816469,48682,0x,30000000,8008447,1674977627,72,14282605828
16511185,0xd999b6b1d34ebaf49eeebf3acf0dd0a1028cc03aceea070e1725bcf30d52c429,0xd8c125b8b0248da24e1a03d7431707332b2c7076244b76d72b2ceee5295243c1,0x0000000000000000,0x1dcc4de8dec75d7aab85b567b6ccd41ad312451b948a7413f0a142fd40d49347,0xb669ffffdf74f6c9e9c2fd769c352eaff547bd4bec5a201176ff96dfc79ebe2717565e3bc4f9fdf156b6efde4a32eb3effab84c8da9bbdfcb77da375fdbaedc53d74d9f972676dbbebbefbfbff733ff9aef3ed276f42be587daadfd9ebd97be5ff69d2fc878ebeca84d7f9152dd229f9cfffd6fc4e7aecfe940d7ff32dedfcfe1ef5cdd7778f7bdd57e84f7ae3faeafeff72bccd6750a7f9097a55fc62f97badbbdbcfc3ff9f7fdad0b6f7efff77ff9dedd5caafafa6f35ae3fbeafcabacb6f9f7efc493a48462de3dec5965b85d52fe6f7fffcb96ad8ed9dbff3986cb0fae666e1ebbef9f83b7cc2faddfb387b79fffe7ff91f9ec9cec77cc4cd8c0e6755ed3,0xe99f1d48d6674bafcdce6488232139369cdbc756dc0a4e8cfe8759790e491664,0xe68c610b4edc182900d80cf1232191e067645b093b050314dbb3a9753fdb2378,0x55385910b654d6c2752f38beca43f1f6a7e137a347c03b90d638075e5182042b,0xdafea492d9c6733ae3d56b7ed1adb60692c98bc5,0,58750003716598352816469,154801,0x496c6c756d696e61746520446d6f63726174697a6520447374726962757465,30000000,24541082,1674979691,307,14490871250
16511394,0xdd31941bd1e75a42c357b132f0159024df4766a0b963dc8b4c94a6ae31b4e877,0x53f85e34b88c2b51431a9adb246d289d64e7f6e2fe9b281ef2482b62924c1eea,0x0000000000000000,0x1dcc4de8dec75d7aab85b567b6ccd41ad312451b948a7413f0a142fd40d49347,0x11345b2506c2d068e4b9004883312a2184c2c61d751340a08111c1978d28a04058042701a181413800706d0ecb04010d4bf131808920b0200a10839110262e944ad9c090c0e3142efb00f488c331347f80c098ce00442e64680e700288051d5e0a8e08733b86d4031808000008094861a466903c48181401869988904a598814144245024102843499cc8e061388bee4a44488a30904004e042844e4401a00289afe0191e402ec0b31c257ca8383c08908010240206a921eb3c3460eba08102445748582650000e0045701840404500641c850429eca03118544092319d4f022223aa8080158c5183f9c96c2110102b081150101f54810c28c49bd1c9209e081,0x0019541d6e3e9de743afeb31293bd47e720f40190cea44b1feef465da3b8faf1,0x710d898a23ff6944c5087df9501e4756f3efc7af96d129202538f3243fa752d0,0x3d6e41bb713da6c0900d4747e294a468a51754c15c3e4fbcca082aa29ba53d1d,0xdafea492d9c6733ae3d56b7ed1adb60692c98bc5,0,58750003716598352816469,55020,0x496c6c756d696e61746520446d6f63726174697a6520447374726962757465,30000000,9398306,1674982247,109,14014993815
16511015,0xe680de20efd0c50df45ab881f25f0b8c9decfa99db1def89e58184e5cb154101,0xa79c525e1fbd7c7cf9497f009690e88658946ab8901d7b077d2d139182e26b39,0x0000000000000000,0x1dcc4de8dec75d7aab85b567b6ccd41ad312451b948a7413f0a142fd40d49347,0x04ad48a58da6bbad3809a090ad34236b50d876261033468c7153851afe535110b417118ac06113066322d550df19c95987e3bc3989277d842a4964988e3e75d72af1c471c155c02afb8766e8cc0c89bca6ca78e044c13e7f2c694d65dd2da8219f7da52abe96611211c865eb426afd63d2d2c052487d2c26ea000b51485be1243b488bd416363854f659aeca041a5520078012096d5404d852acc1687af27a28dfae99c1508aef01fd86cfc415b1e2dac485e372a92eb8aaa2628e072e2101a5f1909762410bace209409bac0d6f5fb47349426b55ba8c3d1a376b628ba33822b970b01d096a20f0a06deec479659860813889a01dcae8c148603970bb407593,0x6a854856d6447a54fe42a4d19db2f3742857c08bdfc1c9b95a600452655b8daa,0x449ada1802fb615c281359d8ad82b69bbaab0eca79109daea562bbf34132bb64,0x2f044177685452f1b1445099dc00b323e387c688644556e6358617b4856e69ca,0xdafea492d9c6733ae3d56b7ed1adb60692c98bc5,0,58750003716598352816469,83378,0x496c6c756d696e61746520446d6f63726174697a6520447374726962757465,30000000,15499710,1674977639,163,13450459198
16511395,0xd3495020bba1736c4a4811dc87478355a32e65dde4e96b9ded4958454049f6b5,0xdd31941bd1e75a42c357b132f0159024df4766a0b963dc8b4c94a6ae31b4e877,0x0000000000000000,0x1dcc4de8dec75d7aab85b567b6ccd41ad312451b948a7413f0a142fd40d49347,0x38218500c0a34810960810d5c51d8ae221020c4a4c1a0225449d0105768b3c01703d0304858b201820411518c92401968205148d9824fb114a42cb19143c6f0080a89c1060330e3cb9c352add438036194c96004d84e195540124c50800138cf1a4cb444ea03cea321c804b0a0107ee98402d0401076a69056901479041ce18293d8c357b20200055c70410157543c9466210091514007eac2a4cc69c2318520ab08016b5b01f553359ccef00105a5082c222040e4ac200228811aae90a168784010b4d24c89104d428440020004d02145c1276ab08c091899b83e62e0e8ee7508393d88218c00a0d32643e2812b1285a0106104080960414cc48c008b0134ce,0xcaebc2038d81e6c9e2d888fd6e819376b79b53f7b552de729f9939e1bd807b72,0x1349ec223c00954cdfdb272457bcb7881cde8b5efc0937acb1cfe8934f582374,0x1a45276f0555f466010ad63f156e17a56d85b04dd3b2123c193e869f2b5a94a2,0xfeebabe6b0418ec13b30aadf129f5dcdd4f70cea,0,58750003716598352816469,44950,0x68747470733a2f2f6574682d6275696c6465722e636f6d,30000000,8468721,1674982259,96,13360762926
16511016,0xfe3065b47a8b73512f3e56bd6bf7fa8ab153e224856ee6486886a800f30563a5,0xe680de20efd0c50df45ab881f25f0b8c9decfa99db1def89e58184e5cb154101,0x0000000000000000,0x1dcc4de8dec75d7aab85b567b6ccd41ad312451b948a7413f0a142fd40d49347,0xf42514574509cac5297580a2b484783d5863a02b9c481e02188720047e9054af5a173529dc4320a8051960542a2d91c5a71170e8ca9a6fd4144870124d2cab222f24e438c1486d3c6a93c2ebcd2189a081c4310f13442a6306b01b148d626c29d62a401c5a3abc4300b8be80980c0c7132fcc660c1300549d664e217004a5cb46306070128624a6520694442c000862110b2878b65cd8348400392780b7442378e29756f50066be9940f41e09cbdc48821f440055b00e43a17c59d4200052a65a05331424c8a58ba4246210a04af557c56713fdb368f181d7b2d3f030003f55b0a1b35880a058183039c538500831934801cc580019d2d68681c38498481ff80,0x79b42c2d6599583d00e0be690b347bc1592dcd69ca0b4fc7502cf066f5a241aa,0x849d5ec9a6a6c7ad2a2aa4f29d4f59ff2bf1878e9f33c7e3f4251915b915f948,0x25da07dd87cdf10949ae366fff816d187039b6ea6d29e17177fd797abc1f3138,0x4675c7e5baafbffbca748158becba61ef3b0a263,0,58750003716598352816469,64392,0x506f776572656420627920626c6f58726f757465,30000000,10240928,1674977651,140,13506470272
16511396,0xdc790c86d3e386577e7799700637f0878b2f1dc1e9b06597a3b383f5e0308050,0xd3495020bba1736c4a4811dc87478355a32e65dde4e96b9ded4958454049f6b5,0x0000000000000000,0x1dcc4de8dec75d7aab85b567b6ccd41ad312451b948a7413f0a142fd40d49347,0x83a10b5dcfed7e3afcbfbeb5cd9feefb87877993ff7a2070f48f7865cd3d37e76e8f1d6da89910b833e7bfd61f7ffdb36bf1b95bc8f3ef15a3ed7a369fb877819be8d29b79fadb5df9dbffcb7df8e6be47dbc66661e0dbcecf1fdf3cad196ecf33e4bdb25e965c73b1cfbd04e41b3dfd561adfd6509fa799fe9564f3d8fae4fbc3cf47d133be9aff5efdfe5f897a7606bca723eda14dd27d7fe8cee8f671173fda9aa9cd0df9fe312e86e1fce876bc39d5e133fc72fa3963e3fb176eb6bceb94db3d906a566fd8efd37f4a214affd7a8ee75c7ce34eeed90c77b6d7b2b9fad617d3ff9da5d44370fbbc6fdc58f6bf7a72cb51c66fa98f8eab2addc16e73d7ccb,0x38fba6999bdbeccb3a04e3eb3581d016504eca55cf746446b8d3f518b9e53573,0xf2f135c52ffc634f716ee102432e83634a2b7c2452e8c97bbd0911f28d5145be,0x43fef98dfc595c9e4f6374a6e16406f58eb08dfaecea0ad86d13bc64fef17de1,0x95222290dd7278aa3ddd389cc1e1d165cc4bafe5,0,58750003716598352816469,123291,0x6265617665726275696c642e6f7267,30000000,29973593,1674982271,160,12633572340
16511186,0xda1ad1b193fd5637d1dbdcea61caae315ae5064783def3d10f522aec95de1be1,0xd999b6b1d34ebaf49eeebf3acf0dd0a1028cc03aceea070e1725bcf30d52c429,0x0000000000000000,0x1dcc4de8dec75d7aab85b567b6ccd41ad312451b948a7413f0a142fd40d49347,0x0031104915025109a9f210aac80052214043cb0108010021c829382b07808404300b18018062e20208333cd80b5429959eac05628b0021c9c40856904c222c1c0cc1938cc1d2980cfd00e2e99eb534e8ac802121c0400a6165201d018f1880c5be9d42844e46c2046214d5808450dae142408050845a8611d801615100e8e18606398b04420a10c684c94549a3b202349440bc4945a2262824a75969443876209b8a3565a30b7318041c88e4b42ac4e1a8182a108a608c4203e1280e042c002283418da606184dda4164c0b7ca0e3ecd40a960cab9898035411c29261014a24b7013200905805a2022af5a800000984d8325d775251920ce2900084afb590204,0xfd6b14e2fd832933de1bc880cda940911e28c2cb8f374ad9ead9627df18e12ec,0xe5e7e840faf094fdd99ae8cfa9a82b6f460529b415d9eb9c0ab59e6c5944ff55,0x9cde0ba32d47d021da381f8440963341edfb735ac2d57a7aedef1ffde9b76cb2,0xdafea492d9c6733ae3d56b7ed1adb60692c98bc5,0,58750003716598352816469,64064,0x496c6c756d696e61746520446d6f63726174697a6520447374726962757465,30000000,9341913,1674979703,124,15643026173
16511187,0xa3b21337e6554f53265c604c9bd2fdb476b0f415e71cf19641f38fd5f775e80e,0xda1ad1b193fd5637d1dbdcea61caae315ae5064783def3d10f522aec95de1be1,0x0000000000000000,0x1dcc4de8dec75d7aab85b567b6ccd41ad312451b948a7413f0a142fd40d49347,0x0d200ad19d041a2850057748c524482f4461069028c49d00081fb001fca8140437996330d1c14b89461197c85a38215007a100a09aefbd2a3b00423095e6ed6508c5f558ea200c2c2b0251ec5d2510719096017351c608d0494b3540ba242acd1ae2181c864b94ca44c80088089a2971a186241070700c455e04edd12a6ba84401421738765a907c03c00c00815092057e00b0b381d04219642299c40330068cca6819fa482170252611c8e615fe868bf0486412a01db09b4a618c62000b040a91819c430c01404424404e38aba536a1487917481ecb829164d11e2e4881f8783e37b5ab4091000822241cd70a85147e682a8f20833aed4434197830c794f884,0xcbbc6ef79f5a4d410183746a72ebfdd26660a2ab7d3623f1b4c2e627451ae142,0x2e73234449b578cba593e51a76a98d0cb13b54b23eabac4fca2bffac48cdf2bd,0xe9a72fc473fb4fab29b7275d78f80a646d0c58cf0c33aed6fbde83abcccd9075,0x95222290dd7278aa3ddd389cc1e1d165cc4bafe5,0,58750003716598352816469,158457,0x6265617665726275696c642e6f7267,30000000,11753516,1674979715,115,14905446148
16511397,0x3d43d424bc968e28c74eb38535c0fff66b2c8f80a3c56e4bce26db7eeab525e4,0xdc790c86d3e386577e7799700637f0878b2f1dc1e9b06597a3b383f5e0308050,0x0000000000000000,0x1dcc4de8dec75d7aab85b567b6ccd41ad312451b948a7413f0a142fd40d49347,0x9621113385a088463269e69acd156223938b218a3a2a40081da3839d040d1c2600ba1f3cb70293341c79fe246880eb39327120a0aa02fe1a03c446191dad6669cb80dcca471ccd4a79ca7568c8330b60b2a106304d6d1c181c308f098b333a8b52080106260f5ca2696c95801814186dc94084280853bc345030367370ece354c33c53da024a11b2941c4463975c0e15e4969c81c9622e096370d0651e918027bed8197fa634e7e507ec85c689124e4a74144267a27e7be281208aad7b6f3060f140c2475449186c194d7b25cb04d2d77175d24d96998add87203ece1308e4076630f8a85661a2e1618ff29309a041f809d20251c1882140623d2f08e264bccf,0xfd38434b403bc32a92f99b0d31c53312e87b5004873fe27460659ad0c7f60a08,0x762c9ff2525ab682d9a0f206d6d9202b6e39206929d323190328a309cc316c0b,0x4d3758f4422d280b44ddb1ae3a95996811a71932c2aa7a6f736a151724ea0ac0,0xfeebabe6b0418ec13b30aadf129f5dcdd4f70cea,0,58750003716598352816469,47290,0x68747470733a2f2f6574682d6275696c6465722e636f6d,30000000,10354703,1674982283,117,14209988759
16511188,0xf51c8c643447f108ef890c8a5fe9595c2be2a00e6012aa3b23e745d947210ad2,0xa3b21337e6554f53265c604c9bd2fdb476b0f415e71cf19641f38fd5f775e80e,0x0000000000000000,0x1dcc4de8dec75d7aab85b567b6ccd41ad312451b948a7413f0a142fd40d49347,0x0628001905209201000060808000102500801000300002000101200024081100c09104000048001000008a000020000406010e8008202980020000100020242488001100000204082c03a0080c100020800204002840000010002080806100881232000002022000008000101040a8000202001208bc0d0040000012001a74000000114000020101154804810000076088090091010004086110004800010810aa2891010000e0000010011450800090000150300180004a00600080002b0c43241006028200004000000840202632a34046124014aa001000080802000020000012b52900020040100c540c011200e2001280122188014004003a0182001000,0x9d7757e3b95814e0d8dcdb73e85e49d659e8106804673ac8f452c3855d4631c2,0xe2bacb4b275902fbd8a38999da66ed459f57911bb8f95487948485f9f7e6bcb1,0xa797c87d5e8b515dab2d52cbb9c69e9f1eb739d3802d079c1b6c6cc0588f7d12,0x43fd72bdb8067d6d8e63cdfbbd94cf493eefdb53,0,58750003716598352816469,13399,0x,30000000,2821667,1674979727,34,14502193712
16511398,0x83391a010e3c208aee94e91038f96051dff57d39348d18b096b84f56d1b3d417,0x3d43d424bc968e28c74eb38535c0fff66b2c8f80a3c56e4bce26db7eeab525e4,0x0000000000000000,0x1dcc4de8dec75d7aab85b567b6ccd41ad312451b948a7413f0a142fd40d49347,0x1ce6058000e71138b0b3b0a0870f53614410b0050c050290e6e2220b1ee4550812482503bc418e002840783f4b92315163b7f021cc62a946028003270520b900c908c0304608980c6a3350e85e2226a0cd8111ac96c49e4010015d40cdc236899aa401a01282c59410480102a8681a21640088ab98d40d21905492d10108016c83014305e24a34b4420c084c04a128f102229801815284482360206183b530b5be2c0523c002621a883869b443348601a818520000acb10a6447aaa0482033434ff604a2c41000e102090035600e1f42483552c0feaa161190442c8a0b40b646413ab888048e8204aa6f1280504b1626e145594160ba08eb1a818c40c2653891,0x44d45c16f6ff7f41907a8b9245de268b2f6bb37ca4fab0c39362ac92645483d7,0x6a1e76460bcfd96a30cddb814dd8ecc3026a226f84dedb5f5effbd50bb771c3b,0xd667ebad36e3ffaf188c1935093beb5685af88fd909fe35f680875c79efdb666,0xfeebabe6b0418ec13b30aadf129f5dcdd4f70cea,0,58750003716598352816469,57140,0x68747470733a2f2f6574682d6275696c6465722e636f6d,30000000,9200114,1674982295,101,13659908608
16511189,0x332842dc0f6d1b71d161edca76e72cbd3201b0303a5940a066b4c0591828cfd1,0xf51c8c643447f108ef890c8a5fe9595c2be2a00e6012aa3b23e745d947210ad2,0x0000000000000000,0x1dcc4de8dec75d7aab85b567b6ccd41ad312451b948a7413f0a142fd40d49347,0xfcb959e34ad7df4ee23116dedf147aad52f7bcb7fa9e4a33d2fba3923722dfabf3bed8c79edff8976694ef494fc6c3d7cfb5f6a2fbb7b07de7db92ddbfbffdfb537ecafadcbadf7dffd156cddef41163b7f5fbf3cfee7cd86ca32b53db959d4dfbb7fef84796dc8b73f9dfa5e76b09fbed318ceeecfe3de5926ddedde1dbed7697694d776a3efd7d1fddfe7dd1d802bef5f999f32fc51cdd1e9bfcee66bd6ffdeeebf7ffe3ffeb47ff0b0feaab72976be7f011727dfff12fcbf77e6f5bff537df7bc6767658e6edd1d22fc66da7f1ff7e1fc96dabbc99adf3dfe6bde7283f63fe1fefd8b4ff7d755d36c7ef382f55f7395c77ba66bde397edc2ddbf4e7c5bedf,0x4eae74be22f42ae6ef3fbee770d73ddfb2831c1808fe304a1d90aaba5fa4c228,0xbc03564fa23cc75dae1eb1d98c5672ec0dd5c3f01403568ede650c650632fb43,0xd0610ec20fd535586142d2aeef61f55583f5ac9b86a59c38450ebfe70a61c875,0xbaf6dc2e647aeb6f510f9e318856a1bcd66c5e19,0,58750003716598352816469,104346,0x4d616465206f6e20746865206d6f6f6e20627920426c6f636b6e6174697665,30000000,23976365,1674979739,262,13030422510
16511399,0x08083ff4eed65a06a4ae3db413878aaa941db779d42dee3d6f08ce0768e6bc36,0x83391a010e3c208aee94e91038f96051dff57d39348d18b096b84f56d1b3d417,0x0000000000000000,0x1dcc4de8dec75d7aab85b567b6ccd41ad312451b948a7413f0a142fd40d49347,0xbf617d871b009a7cf06a9ce29c771bbd95e5515b723783a45331e39d8da47770518e4910f5c068504141f5018bf335f89a8380ecbea8ff8704e31adb1c69ac290277f4b803495c8ff93379eed32308fb2e93f09dae430a8594c674b9bbed1a9e1a0e161d3e4a80fe3bc2e18399718beff5abe829445d373d9fb920f3743a813d88d4c14e630b91169e60176e17b82475fd9e488d69c2929f6de0cd619a718fb08a1f056740a16e4718d66fccd222d4133fb21867a7a739be03d59bce28c7016e477d9006e143199b41cecc2e5429f22be54f73f890cf3f5b843f1d0309de6341107ea5ef26e7c63d9397afdc1943bef2a0f7d3999cae37523f813c0481bb9cc9,0x5150560a895be94d5f014758d4a4ba9e7a69b33ea31f52389461b30ab23ea017,0xa3f5b269e3a9ae2276dc9c209f2564e7eb83352935d215979b8d0d1b2886e128,0xff5b4ea94ce15e2a46840a110ed6ea9727a4cd4925978098646cbd3182582f5d,0xdafea492d9c6733ae3d56b7ed1adb60692c98bc5,0,58750003716598352816469,75405,0x496c6c756d696e61746520446d6f63726174697a6520447374726962757465,30000000,27615587,1674982307,113,12999692669
16511400,0x6eac2a84d79bf8cdd7c4406968fb62b1e596e176abc9fd63e8d81b4e6797fe51,0x08083ff4eed65a06a4ae3db413878aaa941db779d42dee3d6f08ce0768e6bc36,0x0000000000000000,0x1dcc4de8dec75d7aab85b567b6ccd41ad312451b948a7413f0a142fd40d49347,0x4177091c49489268100846a8cd0c0638d4ca001a9b08215499694005fc2511220488451e8b44140130405d9e0c812d649e4181969aa228c82290821bb434aeb40533c1115a0cf80e3ea2548de85860e8240b202842840a051ce45c09987e3bf81a1280644a2278c6c935589005b129a0e490f11913702d09033836f998daa8146ba14888465601440c05fce5420e008584a20809e14284ca6e326944a7106024de28d98311a0f92a3e6565809a07c480d4505f80623a000f40f207ba8c0c983132a50502454a34e40b88ddb70424f650fc7982c4b6a9289183273a42e860680788b23daae990b0604a9eda29018127d78218fc91d7080862258ded1cb16d5cbd,0x18c11c9868a507fc8c2c325e59b9c3e3b557d3a95243595e8e203fecf6c4b3eb,0x85595d0343fc4b30fe34cea65272326d11d0d3728d10b4c1dbda4b1b0e15da1c,0x5eb6484a4971df69cb08b69f30e5881293060dc1a4b48188e1fb3f1e05bc72a7,0x95222290dd7278aa3ddd389cc1e1d165cc4bafe5,0,58750003716598352816469,46320,0x6265617665726275696c642e6f7267,30000000,9927082,1674982319,103,14366348950
16511190,0xa5bc11489588531831edc22e1bc7679c404524221fa85a8cdc0b95aa611ea4ca,0x332842dc0f6d1b71d161edca76e72cbd3201b0303a5940a066b4c0591828cfd1,0x0000000000000000,0x1dcc4de8dec75d7aab85b567b6ccd41ad312451b948a7413f0a142fd40d49347,0x21235db3550890c0286c000582101228cded028128382301141325211c49d50a700ca004a0c0592202042f9cb9480115c2ad0dc89b24e1c8028a235000aae5b3680da1156b80120a2b13cce8c52304b8c68024232a6fbacdeca104008a1a2801db890288539b470240cdf50e159119611010d800c8109c00961c5ed48b88013703a30b4c2b42383d6d82d5207344ac255551e019716118082404a94808551201caa8cd6094386942d7e300e04e768847bf8843128112984a41b088a060080220a51842160138a0c210a83c1010c422be422a3ae090cad03b8246af424824b208cc7235bd36842ae614cc1b88a84130a2f014f90232488042401e991f85174408,0x6c0078655329bf9d39b83e3c82040a26a74611e16a98e991b953a57f2f65ded3,0xcbda24568fa5f801989e8c73a6d003eed639a166eaa479d6c32ae21c9e7f00da,0x514c1c2dd199af80b02d6d1e117d7c47fca975c2c70d9a84d1cc72a468f09eb1,0xfeebabe6b0418ec13b30aadf129f5dcdd4f70cea,0,58750003716598352816469,45392,0x68747470733a2f2f6574682d6275696c6465722e636f6d,30000000,21687069,1674979751,96,14005137747
16511401,0x067d856310cf97028b2eb8191e5cb4e8809ebc3b84db96038d06a3cdc31ee94b,0x6eac2a84d79bf8cdd7c4406968fb62b1e596e176abc9fd63e8d81b4e6797fe51,0x0000000000000000,0x1dcc4de8dec75d7aab85b567b6ccd41ad312451b948a7413f0a142fd40d49347,0x52214574202240283020c8f4e5104b6195a1427168432500125b4ba1a6061102b20a837eb682102c1240b2d2cf84678a2281801ffa003c15160c0298562a6013c7584eb550789f3cabd250bef01000689a782a0b40c01e4d1f4b0c148806095a9ec09a44a28b25e328cc10ce82282f71ce31cd1ab09b971092a2891789098c0c0e0a2541375e01c6b0450a6207a6442e7d447a83874842cfa03c7449727470a18f0e014386e07c0232cde0c08c608c925520b04440a6d5f225c18c9d21841d060b751cb20c0063d10001a86700c7d33a4581f45730bf061d8e8008aa18c9be00f13aa9a90045100c000c63e8c1439021b4383120607869c080b3ec41c7acbf86,0x092a62b83ce2318afd1dbadff53ba80de96e361b6d4c2329c0aee199204fb008,0x9b492373ef6324d64338161312801a6eb1f0ca6fa761872cc15480f8a4611cdf,0x892d4fe915e27bfb411d8033cd333c0a0287d257800469ff712fb1bc28e530d7,0xbaf6dc2e647aeb6f510f9e318856a1bcd66c5e19,0,58750003716598352816469,57187,0x4d616465206f6e20746865206d6f6f6e20627920426c6f636b6e6174697665,30000000,9524476,1674982331,112,13759021366
16511191,0x1d71bfcdabed0671cc8ab4e30142b300a2ff0ba75294d73a48f0867fd96365dc,0xa5bc11489588531831edc22e1bc7679c404524221fa85a8cdc0b95aa611ea4ca,0x0000000000000000,0x1dcc4de8dec75d7aab85b567b6ccd41ad312451b948a7413f0a142fd40d49347,0x15214157b630d84a7f91210c88035729f8c4bc802c0a24b0600582185d429c35148a07028441819a10019280fa805718a77901c1da06a88e224ecd93d8e9a4684a16d1b044150aee2f1242dac754d9f89ea26c721654986004f11f8188291e7d9a436100020f46a218dc200093a0bc61d382a0a0f2552d64a3a8a59318eec30482080356a212d10e9d484f42c10071a4fcd12981c1891248c4366b6a001516349f9e2193b11e6b93be0261e41c338c0794e682a40121d5c65a438e9186004c64a53b15a6402b40d808650100506ed6a460721ace34ce883d4e053ca20a08a628843aa51a0c48046400a486b1836210648332134014885366c22d0d10b5f75c04,0x07994dd552b3b8fe20381dfda7a167ce7e4de784efc6dca927302940cd7a1775,0x280bbbc55d32102d47b810c7b0f77b81c6100a1105a872a1bc77a0b8de862f41,0x1e9d128dcfedaa80e6ae8fa287342f9898de6d0727d9f5b8bddccf37d0a57c17,0x95222290dd7278aa3ddd389cc1e1d165cc4bafe5,0,58750003716598352816469,81221,0x6265617665726275696c642e6f7267,30000000,11415976,1674979763,155,14785582100
16511402,0x7c01ae5c5040c094dd78c0a6e3fa348fb2fafc23d565a2d1f30421134912c064,0x067d856310cf97028b2eb8191e5cb4e8809ebc3b84db96038d06a3cdc31ee94b,0x0000000000000000,0x1dcc4de8dec75d7aab85b567b6ccd41ad312451b948a7413f0a142fd40d49347,0x21a945bb562009289c70d424a278b22561820588a921b562807f8485123c35a4d010a19196a016045450b228cb2305aa2e6736a8bee0f84c7304c71109e83c278a8ae312646ebe1eb94f7198d7c30aa1c02029c0d04848d9afae3cc189eabb8b136018e5428ed11ec8d2f408984a2a2d7052863dc1595f4c571086d6d0cf668e6e81d35ce60e9205105f0424042480fec9802087dbe310096e20e44006b498a08e4a9147aaa56061461042e42102e6ddd460841fe1b53e3bd9018f2205a09a76774ef00a4d9310c0234058067aef323647d9c2fdb7c81d3e7f1409078004be4a60fab5ac97c06720832521e0c2453c6a456336c8a01e08424409dd15904c7d4a,0x797408d66b964d3b8cd6674e5abab65385eaada9531b4e5da9e957cbb1df52ad,0xbb81a6eb12330899e5147c4e00100b8606f2967eb1414ff791dd2491d0e84448,0x2fc3856952f4517cff5b1c971bc69cab225fdc9e61f7108f1d2725246aae1b0c,0x473780deaf4a2ac070bbba936b0cdefe7f267dfc,0,58750003716598352816469,42122,0xd883010b00846765746888676f312e31392e31856c696e7578,30000000,10661233,1674982343,114,13131205936
16511192,0x92e32ed9f322c51c8358ec0032daeadd544f61e941f0208b979826edf10d7c0b,0x1d71bfcdabed0671cc8ab4e30142b300a2ff0ba75294d73a48f0867fd96365dc,0x0000000000000000,0x1dcc4de8dec75d7aab85b567b6ccd41ad312451b948a7413f0a142fd40d49347,0x1c274864a2c8d190b91900c6a56c5b26311321029c680012480bf241bc5a520bd1530108f58342a4408e3728430d0197623985228c84a8513208560b04adea0056459690da58593ce892565ff26065b58fc0244050c81e6130891d8fc05138515b8b4384160a368200401d16280208538602447056708c216a6885f31e5c44d022300b5b664a1089214633005d1eb2cea6b0c511a54085497e31c9ea5bb15386ab08496482816227a10e6ae090e284f814bb08b43c02a82295e5064a801450606501810a0425094a03881c1a412715c140e9134a642e24582330a8423116e02a087b70890818894c44ce1e90d72bd4982120710812892142414db951d451df84,0xa1934ff420115f2d6f23794a09321b4a0bc70bc6b443f0e6ef7489b3f93dc318,0xdc2ba87b5873a064d2608d404ba344138d83f724cb1b75f70ea1ee6e9f8f7742,0x1fe1a84a94f09c42b7356d5ec8d253ec64268608c6ff2eab2b88d8fcafc1c80d,0x95222290dd7278aa3ddd389cc1e1d165cc4bafe5,0,58750003716598352816469,47600,0x6265617665726275696c642e6f7267,30000000,12870812,1674979775,133,14343983091
16511403,0x364d79b6c7a3097ddcd4a9d5343d45712dcd4c35ae47827f02e0ef884b3e19a0,0x7c01ae5c5040c094dd78c0a6e3fa348fb2fafc23d565a2d1f30421134912c064,0x0000000000000000,0x1dcc4de8dec75d7aab85b567b6ccd41ad312451b948a7413f0a142fd40d49347,0x4bb13da8b3939ffa71f0bc389f566eaa064d7a9b7a1fe9e4da0d53935cfa95591c11f54ff4e208499afa79b80b4ad5d28269e4719921e818f71ca79b10f8a8092128f89140dcff1feac254cc7f4d19a430a4b69edb610f2d663f1e839d84fd196e488148533b48827654a4189f090cad74551d559b5f2d01f771805d32ce4a540263fa587e6e55a41474241e5b12d8257816d909cfc8177ffe266c4a027799edbee8b1799ef16bc9fed56ae0cf2a95fe65a07f21f0ecf56a9ca3686a34ed32fcdab4d506d7391ed31048cc9ec6d69a5965dbd6c894a820f7dbaf9962407436dba832b98d0b85055a5f4f47c38309fe5b92c8a1a389b9405ec3846d009d0ebdc7,0x17d3271b7a02e63a187d6f4d2b20f24dd0cf9cb23269f078e982a636af5c2ae1,0xe2025967d8fd8d2235cd089d988443c425f843f1c8cd94237d2e7e549eb1b17f,0x12798cab1878626cd7c8f413e218d385360ae44059c99119f7129cf9454e560a,0x5f927395213ee6b95de97bddcb1b2b1c0f16844f,0,58750003716598352816469,46363,0x6d616e74612d6275696c646572,30000000,29868735,1674982355,126,12656428912
16511193,0x35de69367a87f23e063c25a5f06308ee3f73d28d4a4a06f2d59f7e2d833027a3,0x92e32ed9f322c51c8358ec0032daeadd544f61e941f0208b979826edf10d7c0b,0x0000000000000000,0x1dcc4de8dec75d7aab85b567b6ccd41ad312451b948a7413f0a142fd40d49347,0x54a146c4b242dc182f7121468b4d923114013401fc6929cc501991228876b52c8c1b3a5180860008424134f04a445bc41a0945c2cb1339c80d5d100b0f6ea03720c0409060c9980e6b0875fac4cc18788b86f5e248640e5a40e31b1290150e319e251424329ad4465f31f5052304cc3bc2568cf0c46ca405ea028970aac84992064a8b6632a29964246944294320702ca510848117830048404d39608bf05e3d8bf80be750187762524c45e4967ec419349740216c23810bace02f0703bd116983308996c4826bea9168590245127696c5c2f352b3ca389bd4232b122004e033401bbb8f5687872286042e8167075f04b56821409798026f2b90ca4af33584e3,0x09812673c71e024d9cdbfca67f1ca4bc3eb9f1801964486804d45a093a35e291,0xe93cf99f4e45a7792f3c83dbfd9427824c811904c9747c178162256371fd0d2b,0x5e93edeceeb30fa02da8c7219cf67446806959bcaef65c1ae5275892fc523183,0xbaf6dc2e647aeb6f510f9e318856a1bcd66c5e19,0,58750003716598352816469,47729,0x4d616465206f6e20746865206d6f6f6e20627920426c6f636b6e6174697665,30000000,11846888,1674979787,159,14089474453
16511404,0xd0714f6e1040283bd0735f04079b4ff5ed8c42ab8993992fc7aa9f14f72a633c,0x364d79b6c7a3097ddcd4a9d5343d45712dcd4c35ae47827f02e0ef884b3e19a0,0x0000000000000000,0x1dcc4de8dec75d7aab85b567b6ccd41ad312451b948a7413f0a142fd40d49347,0xb03147216b119245b70c094080119021148504f1ed900440865a0865950609205a4e0306a022e30c3b5019301b13095b4e8180a48ac068692f8492cd142c30612c43c02503161c6ff8037388d13043e027050b2a486dcc7824273d129848b8291a204292cef2de062164008d01e0a9e580160b6000341e97e37510d0a488183e1282c25201aae104050a2fc4c008643863a13783cf8814fd6de8e95699f489a48e48430b1b006022a20040d2082a8c84b7858da638a0e00262720e6e40ac10c51d506402440000a446050284a54d725647c13ac811b92d3d4c24880b00c1f089003af1a80b0625dc209553e020809010c0b3b35c619a085400b9481481651419,0x58450d80fd5a6a70b389f66d714f95a1ae43a473129715f1d0230be8f9360feb,0x8c473eae27b5afaed5893599ea3cba031af687dc81de2e0ff23f43e82c9a5e1c,0x4083fed4ff13cb79aa87bdc879310cb76bd1958e0c12095444c2d941e836241c,0x95222290dd7278aa3ddd389cc1e1d165cc4bafe5,0,58750003716598352816469,52893,0x6265617665726275696c642e6f7267,30000000,10382339,1674982367,125,14224637974
16511405,0x25180a94b95ad63b96fc0e188269f44f52695a8f58e5a91d5a4a0dc802a332d9,0xd0714f6e1040283bd0735f04079b4ff5ed8c42ab8993992fc7aa9f14f72a633c,0x0000000000000000,0x1dcc4de8dec75d7aab85b567b6ccd41ad312451b948a7413f0a142fd40d49347,0x412945954782c397209b149cac2041bbafc18c804610032025eecc85c4a487299e17c681861f9309084d5f005aaa1311227190148ee8a38592e5c73251b8ec594a03f21944578d5cbf8956a8f27008acb4e61cd5384a7ccd83268c4b9b0331091e520003928348a82454848001e92b294d52fd82a05806a4379c745a024a8b3688065df4066aa01c0d312c2c514103c490001e0109388c0924abe1f0d13a75ddae9b4197bba46fc398bab2d06b33840cf5e042c499e992d6d977885a72e9437116743087c188096ceee040a60486d0825525824ad18f9e397c6d99878149e5500436e51907c22c580e1d97a81f699792df103044582f1450f4043ae0c20544b1,0x1e406f2e345d021bd66dc583014527ab4c72423717423d8fb4bd346f8b402b6b,0x3ece512c94a2220b1d37a7ca34ac699d6cc70c017e1ffdb81825b4563b35ebff,0x05cf4867510d45e6414739524ad4c3a63285d71991a4ab27e8294d186926a000,0x95222290dd7278aa3ddd389cc1e1d165cc4bafe5,0,58750003716598352816469,57683,0x6265617665726275696c642e6f7267,30000000,9923684,1674982379,124,13677266674
16511194,0xdb4d6cb073a5cbf7edf0fc57bb2a9e0bd91dad2a00292b355e9e40f85fa4341a,0x35de69367a87f23e063c25a5f06308ee3f73d28d4a4a06f2d59f7e2d833027a3,0x0000000000000000,0x1dcc4de8dec75d7aab85b567b6ccd41ad312451b948a7413f0a142fd40d49347,0x14b140554714b073ab41dd3a9456627c135a3335343024a56c5591502f0010871cc27d13c4312e13d1382c884e30470886014e92cac22a3a23799b112beff400cefa40d8d21a0c6ceb3c4ad9753b09e3e4903c288b044a4261202e9d884b1c9db2302402e7dfc61281843084800b1be1a352e02705b0a450a4029e1ac5ca720506c6c25668c2c01590cc0fd0039150a5e5a584dd15851f1c4030827c20361280eb980f513854e9c2c2ae67bf9ab495a35f03d4cd67d3c2aee2a33a58c0bc8cc1f25fccb6141208c2c030807df4ec972e584332da948af959651cabb38730aaa9283aa3b940012980111c3a2709495874813219186bfe9144550d1d198460fe19,0x9a117f180bc6bb193fc99b388bd4ac56a435f995c957417bc53cd87c76d28b9f,0x78f39d1d57614392e84d105e98e664303b3927347e34b28ee0479e3914546557,0x1051eb87c56b3287ac9052225ac307c72340a01e54e02504db6649eaafba6a0f,0xbaf6dc2e647aeb6f510f9e318856a1bcd66c5e19,0,58750003716598352816469,114680,0x4d616465206f6e20746865206d6f6f6e20627920426c6f636b6e6174697665,30000000,25303238,1674979799,138,13719260362
16511406,0xf55a4f28d719f3168a3abea739ecf47bd59b2301065d50fce703523ffd9f379e,0x25180a94b95ad63b96fc0e188269f44f52695a8f58e5a91d5a4a0dc802a332d9,0x0000000000000000,0x1dcc4de8dec75d7aab85b567b6ccd41ad312451b948a7413f0a142fd40d49347,0x4d294d93b7329b43885c10d4b99b3a6b448bfcf14c4bd322197f8cc5ffea857ef9989c948602020c30d9b6a27e0d95344f97024e9a6bb121334c52561dbf7d0088ae9a933cab8cece90fd4cbfa25c1f258da5e4515ec3ed55ad3285180ef7e3e8b620984e2a3dc2a86dd598808213a783d158a98f3690cef11964f72898b4c84fb24c1c0966ad9d50a694402c5a016cedc4076816fce05bc6a63c0c873715585ae781783da5df4c02fb348a35bd2a4936d6cea1685e02bca3bff4fbf208721a3779c9086552354047c10998f2c26f976554d1d5234cbc51c07951922080764728e72a428aea7180a9afc93640da1fab546c2cf31a56ac076bde07b84c044f713,0xc76e6e23f762951954802196dcb94de138dc89d575fd41b4af648b1d88f0d8ff,0xfe8c3ff7cbdcf92e8315384e7348990fb93d87bf48b30bc29c989f2105d5d6f9,0xca6dc1abbda8b0eecf0cabebd238145e3490af8e10d9b8bf1a1de6dc4f6cbe17,0x95222290dd7278aa3ddd389cc1e1d165cc4bafe5,0,58750003716598352816469,166976,0x6265617665726275696c642e6f7267,30000000,15305440,1674982391,165,13098682277
16511195,0x24f22c9250cfe52ba2555b544b227ed87aa9bfdcd62d955041ce26c607d66dc4,0xdb4d6cb073a5cbf7edf0fc57bb2a9e0bd91dad2a00292b355e9e40f85fa4341a,0x0000000000000000,0x1dcc4de8dec75d7aab85b567b6ccd41ad312451b948a7413f0a142fd40d49347,0x4020000100009000000000008030800400000005000080004001000009000100100000001000000040220008000005000620001a0802008008000000002020004818001000000020a104111840001820000210000008020000220040804080001240000002004000000040000000085028000000010a0000000000100080100008008000004000300040040010000000000020010804010c000404c0001402000aa0010010044000000041880200001020010000000b2000008100020040000040100082800000020000000000060002000002000000041040000024000020010010210d00000200110024004005000200000800014042400000000000000000,0xe40388b4c7519407c680d2c2906aee02bd8eca156e4feafe38f97f1e225c6eb9,0xc5b0c0c13371a263a0e9dd457363fd4deca77aaf8224950069acfdf6abcaa8be,0xa81e2aeb6ca0df6e960d13454b38efa050dfcb17cdbd220ccb1bf2ea9a12e7aa,0x8ce3e4d3d5cd40952e5594338b198ecd70d67eea,0,58750003716598352816469,61087,0x,30000000,3612887,1674979811,24,14897200401
16511196,0xab4d682ac55b75fb266807850b59a5fc7e9330a8ba966ffa1654ac86a3d4bc02,0x24f22c9250cfe52ba2555b544b227ed87aa9bfdcd62d955041ce26c607d66dc4,0x0000000000000000,0x1dcc4de8dec75d7aab85b567b6ccd41ad312451b948a7413f0a142fd40d49347,0xea231335b5c6d238fc6914bbaf8efbafd57e2d1bad29503674b1b3d69d66b5e6fc1b3390f161c40c1aa5be50e9c00348aa233eceabc7ad14b3cd603d9dede5997ae08a9d76295c3d390f67cf44146c7c80e55f93cd44ae000d68fd02eb04f8531efa518e970ffabf9b9e944f0132ac71ca17b3c9f2f3ed09fc73caf395f8e5fc972597d6216aa017244fd73097723eaeb5d6ebd5c7d182eb7c32407667b19f86afcac371c1ed6f916e0320e219a69fcd9e42b155293639430b75ae8c575c2934023cbdca4d497cee71ad605a0d3532f447613b7db4af9c1d53ac4806019de66f283b79d9b8c4c9cf716d1bb04f035533e73e4309ebbad554d1ebac30fab914b6,0x0f99a68671e6735fab131eab1fad71ccd2fea7f1a44375afbc6e46671fb921bf,0xf26781178543367af6e62e573fac5ffd3f4d1227d8cc9590577001ed67c90c8d,0xc29eb89389e0f6f1d486acef31d180872f09187378d5b093512e7dc2397b4be2,0x95222290dd7278aa3ddd389cc1e1d165cc4bafe5,0,58750003716598352816469,87290,0x6265617665726275696c642e6f7267,30000000,18752678,1674979823,222,13483566199
16511407,0x0ead6d0211748a1a327df79e95c796e71862e345df72bd61f56d670707401063,0xf55a4f28d719f3168a3abea739ecf47bd59b2301065d50fce703523ffd9f379e,0x0000000000000000,0x1dcc4de8dec75d7aab85b567b6ccd41ad312451b948a7413f0a142fd40d49347,0x4e2fc5130421502d3a3840ca841d133a0248208aac5292883b157423861635d691131d86b5121e0070403018af64619e8a3b8430fc136d09022452dc982ef4a22cccda8040387d7e7c837489f634252480910304d9c48d6524303c5198481891db440010420204522cd2100801450a70401191489092a406800120b3190ce715df8ed660460f29049e6d074ec182a4a5c0f1b6818348881b662104e58e1a38a79e8d2d05b939680026106ca1a42084014c51914868e4b0c2c3d78c3a9184101112249c0355d8bcaf70941082c0c617775561b6411cbc0c3d033408e28a0968108632a00a8228005a434c574024515234b8087541c0c829c0e2994d928121169b,0x19611b25bc9cea01292976fb5b73198a06d6fa95a6189050becd9ecea87cdd54,0x5e3cff829aa9b636c648a9444bde4b8c969884aae6df06c7db3025e860f62cbd,0x1215cda5bb67f36d7663a1823e627b46b7adecb563535c653ab49df6bd7e8a72,0x690b9a9e9aa1c9db991c7721a92d351db4fac990,0,58750003716598352816469,46796,0x406275696c64657230783639,30000000,8476168,1674982403,97,13132022789
16511408,0xf64b287064e29a294554d1ffe280b7a8dd39d37c5aeba3b8f604ffe616238335,0x0ead6d0211748a1a327df79e95c796e71862e345df72bd61f56d670707401063,0x0000000000000000,0x1dcc4de8dec75d7aab85b567b6ccd41ad312451b948a7413f0a142fd40d49347,0x3769bb4f65d8db3faa4244dd9f2b9a71a78b2f9fe75b4bbc6c7376126e4473e25d5b53a0509a580de459e458da050db23efba8188beff9ff378f4a19ddbea694e8997112e9ed363d2b33d7cdf97e042794bf3b5f19dc3e7c48a98f98ed09fea7df4c97121ee2e6a108cc90368b56487dbada7e789d58645444c49332affe00040b2166f733e6e0d6ede90d77090417367ee4adf9af48e48824a6dc7fe1defbbcbe7943a79f717f04cc11d3f6af98a9d655c9c69613e696830af83dfc125151d0159c2516d401634659d8c7b4560f5bf65ec70673919ab97991cc2a3fc727fc23767ea7efa9160cca1e9929fe74bb10a802fc1718decdb9d2f37cffaff5712e01,0x9391e8efb8d1e734688f41fa3cb31d4edfdcb92596efde70569e74602b810776,0x05530211c24e953790b429e8c8425cb7dd5899ee1ac48eb0cc713b0537092f7e,0x30c79ee8690cf263715399b87ec72f966cbf120ebf7eef51724a28c945600a88,0xaa23f757dda952743c9e7891cf25b116930631d2,0,58750003716598352816469,81113,0x,30000000,29729144,1674982415,139,12418096869
16511197,0xcec31ffe67d604038c1615fb01e6993a9231ae4cbe30e2d5a8efd675059b98e3,0xab4d682ac55b75fb266807850b59a5fc7e9330a8ba966ffa1654ac86a3d4bc02,0x0000000000000000,0x1dcc4de8dec75d7aab85b567b6ccd41ad312451b948a7413f0a142fd40d49347,0x1cb3401325e0b207b2080021943d4023140021836c08c2053131028c74329709190557368801cc1806923e220b0401da06211099be0aa8302aa8749654ec2c218ac0b29841104e0cb9825bcb4c20e86082a11c62d7c50f4045843d8681743b69160d0f720a0a4e0700c0b1300f08696923060a6748b344408638beb3084b7ad6662203736202904c14545444c703022e04188cb38f5c0c5da73014780230a28ebfba711b908a63b24b1280e0d2f287c80443c04062c8220a08efce04002e02204790a006670090c817838040052616f0726892719cf888174221ba220c1c706064be30ad0846038610ac1ad0010319f284249100050b864caa0bf89984045483,0xa79be88cf8c56597ecd193d47e1007fa25c3a9c372038e0dde1f885dbfb17414,0xe4126e1cbf566604be67781ea6e522dd90334db9f3b995477251dc5c637904e5,0x7adb175e2637049b0c64a97cffbe132c74246daa465c1d1d3f94fad2b470a3cd,0x95222290dd7278aa3ddd389cc1e1d165cc4bafe5,0,58750003716598352816469,57744,0x6265617665726275696c642e6f7267,30000000,9940941,1674979835,93,13905228550
16511198,0x1b1766903c22eae77a3adfafd81dad678c4e7127ae97e3f5f3b6b20a385f0b1c,0xcec31ffe67d604038c1615fb01e6993a9231ae4cbe30e2d5a8efd675059b98e3,0x0000000000000000,0x1dcc4de8dec75d7aab85b567b6ccd41ad312451b948a7413f0a142fd40d49347,0x782e40056801f2edf00c22e8d021d029744a13318d8068701055b3f0d83cdd434e3c073880001b2a42bbf0e87b2c79618e800c404aa6b9f962c93d3b9876ae0bc841149360081c2e68b313c8741e68e184e00c2a1b54f78474f43c9798068cfd526a4688428646a28dd69912182a2f7f830629737d300c51b6708813e56a644cb6ae0313e0028024940bcf50e54222a779288185c15e102f6132cc60209432f2ff088143258868029ef668e3fbf29cd8914716996400f2e243353a4519a4231c039ba872dc0600ea05489d94150e9565e66276f515aed41db19d1fa26217e26b60bba1a80c9001942127c3b8a1833db08536791209889154a8933da9d5a0f102,0x484e479656d7794d082407b819926c5c3ae149a70078c4e85f85709ddcd968b5,0xebc9da21e36dae1c1f9b2fa499d0f70851c0245cf828950bb713972abde58305,0x96033efcc659a3a97cf9a7593b33e31246609d950d0e05b6a6e4624f27b0fb06,0x95222290dd7278aa3ddd389cc1e1d165cc4bafe5,0,58750003716598352816469,100147,0x6265617665726275696c642e6f7267,30000000,13394940,1674979847,152,13319000453
16511409,0x337990628cda8a6944487fa427870a410ff0a3e2084f2d17dc7af510b48d4c54,0xf64b287064e29a294554d1ffe280b7a8dd39d37c5aeba3b8f604ffe616238335,0x0000000000000000,0x1dcc4de8dec75d7aab85b567b6ccd41ad312451b948a7413f0a142fd40d49347,0xe0f911211d83907d10108500b1013368063000882c8c049410014190148729421888cbc18000021581e09c0029b881138235e3818f036f8a82240210103ce4408c4008154208588c68b3708cd0845460908008504e4e098008801e03a80a3c309e000000368640c2820c8838002e892908150020782004274000089204ae200a430a8c492f621ac407400da39094040864001b01e3490e4c2425c84602328064ca080503200269008e4520c12c24c510540480030120001202788e0874a94165411590077484809050a11004214cd64e4120d3c213dc0c7800100ca61007ec006c32a1081806848c020cfab58881d0090a001804000a004e22192c30c1031500,0x24b4a135c8de50707a3511e28ee582cb8aefde4d95520222737270c28825c3d5,0x96b9fef401cf60b13faf13f2ce78e8289571a1c24b19cbd50e64ac62ff17889b,0x26010c00866ca09fa0ed3dfb1acf4b9c33d57afcbe9fd8836c260ecde96e19f1,0x690b9a9e9aa1c9db991c7721a92d351db4fac990,0,58750003716598352816469,33126,0x6275696c64657230783639,30000000,6142566,1674982427,100,13942329677
16511410,0x56340b73c9f5d1b48f33bfdf8b5980445d3f2ef85dc10d258b756da22e6e72e6,0x337990628cda8a6944487fa427870a410ff0a3e2084f2d17dc7af510b48d4c54,0x0000000000000000,0x1dcc4de8dec75d7aab85b567b6ccd41ad312451b948a7413f0a142fd40d49347,0x4163c5a18c00dee979dc30a2ad9497ad0651458ffb080a08575996063e77d1b3d09f68efabae52a14449a2c82e86e1dcf693d840c970933942c5961778fbe5a2485d73dbc788fc957db1fcac544d5af9d4af6cf323f00a4f95c30b09ebe979911bf5286152caedcea730d687f040c871c41e981be81ac73950c3011f06bbe877c69735db2d4a9217904e566f88725afbf177a88b8dea481d78c3cce3577a30acfacd99a7b8b06e55774559fc2310fdc8655ae6a7c97cb542c85a6a3a12d70c703765b687e4200edb410b881fd6efd7074dd88ad599ea913b19e4f90251cdbcc34f5ba19ed83c2258770df8cd4081da249c00d1789258a9ead3aace93974f35d2,0xbeacb904e7178ba0b4eac868844f1f6c6357b40ef33285340270d6c4555f1967,0xcb998f360c377075ed4617da2ed41607a74354bd126713a2a22973b868802e4e,0x141e0cfcfb62b225d2c9141db07db4765dcce898014c3a9f6d51925c91ec3e83,0xbaf6dc2e647aeb6f510f9e318856a1bcd66c5e19,0,58750003716598352816469,65874,0x4d616465206f6e20746865206d6f6f6e20627920426c6f636b6e6174697665,30000000,29886979,1674982439,147,12913219136
16511199,0x19d0e2a6f364daf1d02166b056f3d47d0d7c727e9319823a3b6a60dbd970f4c4,0x1b1766903c22eae77a3adfafd81dad678c4e7127ae97e3f5f3b6b20a385f0b1c,0x0000000000000000,0x1dcc4de8dec75d7aab85b567b6ccd41ad312451b948a7413f0a142fd40d49347,0x283714daf1059a0db0481218b5fdcf735f872bd93d183237703bf02afd31defb141f091884c09269e60e1ba04b428bb14ead8804bb8cb92227fb02135cfb3c3d90d1f09466384bc8ff13c2f8fd24e8e2c984ce835c703c5a6cc52f6b9cf958329a8c07301e9fd60685cd976c8a6e2c6fc27a96416d7aec94f621cb57296ac9d67b6d81c4eb62b54c2961ee40e713437705151f71a5dc844b6224447562383aa5dfaab143b23fec66de9a72f55d2ab7d9fcce62532f07800b07f58f36107684300f2837c2150004f3712091a6703876e257ef92c59e9d8031010558f30998b4ea61b8789bae8708031abd1ef081871f30b5e9c302c1ca99547054bb15dcc174a3,0x8c426e800be8f46f2df88dabc74820abb397749f14cf7eb2fcf6e9f38a0e16df,0x113f2de760faa0167c1c7b4013b3c7418a1892865e48d590794c42a51d4bc63f,0xc02dfd4db1f2a72f615b3651d35166f976188d961a21616b7c80a1893e57ffaf,0x95222290dd7278aa3ddd389cc1e1d165cc4bafe5,0,58750003716598352816469,78259,0x6265617665726275696c642e6f7267,30000000,13119655,1674979859,146,13140852163
16511411,0x7d5a2c47cc149e5f3589e66d9e64ccadab85f47bff260b4e23e4ca0b25e0df5f,0x56340b73c9f5d1b48f33bfdf8b5980445d3f2ef85dc10d258b756da22e6e72e6,0x0000000000000000,0x1dcc4de8dec75d7aab85b567b6ccd41ad312451b948a7413f0a142fd40d49347,0x582f0f553d0792a9b9aa07e7e4e71335810357d3f8b1e6c12890d301d76491129a1775e8e78800a9066456ae7759e3b517fb30e89a4bee6d0264ae1094aae4047c49c29d281bbc3efba3d169c62569ad88e03f04b5680c4ceac70e178949b96773c748e04ec2ddd3acbb0d1001b98e51ef15fc008078ec9158b47ff1b9db699d8b146fdf8782752a05bb0be33bce6d15d40cdf81e94cd90c6a2786ff5e3770289adf9dbb729a62301d9062e6a5586c0bdd70c2037366a4220cd208282284a578f34c124727c48a48f2898209d38c516ed36122494cefee9649651aaf88cd728e767af209a673a688c69fc8ad0819c1b80166f1f3a8dacbf769b5ee228827f689,0xedd94330414d1816d688dae0abeec7745058e3ca76d7ba0c340c07363cf102e3,0x350b22432212cdce5f88d8a5c0a2971a905a1bb077ee9cb78faadbf2ae2c2a4b,0xce1dfc5c53411a0df224ad28c04638c3c2812d6ccd176196240e6059fa49ade9,0xbaf6dc2e647aeb6f510f9e318856a1bcd66c5e19,0,58750003716598352816469,63117,0x4d616465206f6e20746865206d6f6f6e20627920426c6f636b6e6174697665,30000000,12091875,1674982451,148,14515209320
16511200,0xaa3a65839cefd6861cc85223923632c00167b4407b8d9309740238dbc50f29ae,0x19d0e2a6f364daf1d02166b056f3d47d0d7c727e9319823a3b6a60dbd970f4c4,0x0000000000000000,0x1dcc4de8dec75d7aab85b567b6ccd41ad312451b948a7413f0a142fd40d49347,0x98abf141370897707c503502841721b4300414973a99a4423a9b21045d011928fab80b12a81d295b83c0b6527e2263181b616cabbd8539b456dc9a5594b8257d1894d11820ebdb0d2bd27ce8e4146eb8a2a1c53264d05a009ec25e268f2198cb72c8904247c6689a0193111a13640c739e72e43b491aadcc80250e9dc00d4e9f924013d20382169c94fd4c2a95708331a639a301a5c202394f6d63ee4210da2dab8a09011c4476e68ba251e49876ce291747c872bb02abc39de36e640167407833121c8335d308c86406080204a7dab37279f9cafcce8c7941342a024000b02a6d3efd3d0d1281376e966ed04959122484f009005b09114a519d08d3b8ec56db,0xbc82eb16873b4b2f4d3ef8b7e96374df5d76d7ec2ae50dae0084a5ada1dc0c9a,0xcde636649c654e9f3421fb4ebf99cb675d0e3ec125ae1176b83d447cec859ed9,0xa4c7cc24463c405f303d3cb81a6524cadf1b173fc0cb10b431f3ec0fd49b514c,0x6329b0d3ff592b7d492bb3db25e2a0a3cfe903de,0,58750003716598352816469,58910,0x,30000000,29216468,1674979871,103,12934941033
16511201,0x84f7ace23f8d25118b1a096ed9de06b81db3d30365b662c06a6883b2ba284b4c,0xaa3a65839cefd6861cc85223923632c00167b4407b8d9309740238dbc50f29ae,0x0000000000000000,0x1dcc4de8dec75d7aab85b567b6ccd41ad312451b948a7413f0a142fd40d49347,0x006109a0c92280a8300b00d985992b2150c2044e2e1402d0c013062ae446bf48888441288061472100283c290b2c09220a01649bab20bc5002088099013eaa30820d5834448d187c6e1a5cd9d500643000e15004806488af003c5f30982529551e0a92007257d502c58429e442080a71c00180d924d5044486230295880e2c823a0013d6e3ca095d19fc610a110018a63420103d87c008a8e5704777b0102e219edc1185e9096e5372c348f0d822a4381c6188002512132232e01fa4909e12e56528c16ac500c0e003a060b001807b2ecf689065508e881d191928ca0114e001c0b32988484487e1a10c9ac0514118b0a0da31a65b4b107831890c11c2153609,0xed6889d3952f3e9ecfa1eb37eca52c28c32c9fc1f1c6cfc493a66026ec4d5983,0xca59d926f3bb6004a3a0cddff5640432b0d2cf018484fa3d645f9e83db761137,0xd41216e0c26b8fdafc743156c58a7d0e1f6dc17261cf4f803f4884efb7eeed02,0x5f927395213ee6b95de97bddcb1b2b1c0f16844f,0,58750003716598352816469,57645,0x6d616e74612d6275696c646572,30000000,9848707,1674979883,114,14467350826
16511412,0x9aceba906ad9438724794609471be2de974eaef7df4d2026f8200c7b51929f42,0x7d5a2c47cc149e5f3589e66d9e64ccadab85f47bff260b4e23e4ca0b25e0df5f,0x0000000000000000,0x1dcc4de8dec75d7aab85b567b6ccd41ad312451b948a7413f0a142fd40d49347,0x04a58161d512a645140d99148786b06a0ec6960a48ee212890a3a14405098042541f8970a0886190296198012329a917ba919001886c6b3a75459a50d0aae403488885184412582ce9c350cc5865e078b2d63042eb420d500c407c51918028a73a601005f2826c4f0480c41b422c0a795810404440383481528401b1ea8840941c0702799362104d24e065015570b40b017e40098178000cc06220c84eb89000be8a114a5212e84b953246d260a2d70dbc40008432a8614714fc1a24928dc5a67e80a8061403850c40820c2261049266420945c1f6ec0132232f186f3807a03776b27988ca128f1d4647d4a090611220856023100858506d68415c03c4c11692,0x35c6d874235d1a93fc9348e9293421feeff16d4a3b764b0a28983416a88f9ff8,0x6491448019e84792aa1a2410c1819f77527a6f4843dadd67353812882e0278ca,0xbf83d019eaf9b8b905c587cb0946458cf3047d4a377596ecf73a1c73dc45ac41,0x95222290dd7278aa3ddd389cc1e1d165cc4bafe5,0,58750003716598352816469,45326,0x6265617665726275696c642e6f7267,30000000,9391977,1674982463,111,14163442295
16511202,0x7e4c702b4b84fe8bc0eaca395f1d078456bb3de8aade678f2f7e04716849ac6f,0x84f7ace23f8d25118b1a096ed9de06b81db3d30365b662c06a6883b2ba284b4c,0x0000000000000000,0x1dcc4de8dec75d7aab85b567b6ccd41ad312451b948a7413f0a142fd40d49347,0x2c2b08228245de81b8a549d2ac654aa5fd01b743642443b47101437a66409468d712106da10b00b0420086146f80670e23e55cc28d82a0125a00d19d24fc62011100e956b8b2582e7fc2428a65b379e085b83a321b641ad9541bb14cabc5191113aa0122cf929e63a2ca3c11082e086c93a90a63605025b4884342d1852dc054ba608a42e262158d1d494e4d959a0266745359d5c160820d24224f782af015288b0c05a622c362643b29cbf294329dc855e40b66816be82344430e8e0a9409509d00154e370830c2013006b0940990eee06cd6c61aaeac1506641eb2a21c713a0213a48928ccc40850446f0dc5d15cada73f0321a0d802c84a4d3dbaf5336d81,0x568360141a0d3378edcfbaa6d83796e6d3124ca836343dba4db1f2c88603b3fb,0xfe9979df9c96a548b49dadd31c76c95ca1884e1fd6c85323b2a603e80efa4e52,0xfe7bdd938861faa72c121f414bb02f16564008cab52ea719636ecc60378aa3d3,0xdafea492d9c6733ae3d56b7ed1adb60692c98bc5,0,58750003716598352816469,75960,0x496c6c756d696e61746520446d6f63726174697a6520447374726962757465,30000000,11126768,1674979895,126,13846304468
16511413,0xccd48ccd9de6fa8ec0ae5340177f542b4edf15cc2f71a2ca3333a3571363857b,0x9aceba906ad9438724794609471be2de974eaef7df4d2026f8200c7b51929f42,0x0000000000000000,0x1dcc4de8dec75d7aab85b567b6ccd41ad312451b948a7413f0a142fd40d49347,0x2d2b990bbcc0f239797dd1f5d13775f4dd5e11d165c299e1a04ffeb83f37b7d665cd82318cd4661c8e45a702cc994db573e90871bb6874c0138ce21fb5b8bd06dc57159b600b1e0ab861d59e54952e26cdf69eca8573ce4e0c033825898779b86b79d8c98393d6ab17ce408098729931d6928151c67b17ddb6902b7707e5aa986201a74b2202b064e6d9c75b4392c3f1e4c6aee19b78a5d8a352ec4c5a1b80228aae8903d38f64030911abe2ad3a872bf50ac2a8dcf219c23fe2fbea30f499cc57ff809705a14ea0ec4590c4234737a2516d09c8faf93457b59b49034881b2d864b8a8ad5aceea1813ac07e8b1479323ee99575686cc4553f0df5f9ea24d3e3f,0xfd1f47a38f8790a6f884540a2cd647b9ed36327d8672c55252f9be14045c7fff,0x965c2f8b8149e0d9bee24c4c4928f9e6512c31a9a279e6d1c1c3d094c50e21fc,0xf6d6ce217ffc926e10ad7988177058ba3dd0e75c89d999cc751a84c5f342e0cf,0xebec795c9c8bbd61ffc14a6662944748f299cacf,0,58750003716598352816469,44221,0x506f776572656420627920626c6f58726f757465,30000000,28954425,1674982475,141,13501534711
16511203,0x1ad132e9b5ecfdd6b6edd1d664ab56b14d81eb73003a6cf60ac909a05b2a5d62,0x7e4c702b4b84fe8bc0eaca395f1d078456bb3de8aade678f2f7e04716849ac6f,0x0000000000000000,0x1dcc4de8dec75d7aab85b567b6ccd41ad312451b948a7413f0a142fd40d49347,0xb16bb3ab1135da72ed69654cbfd6236c62aa9cf72f5eb690748da95a3d60fdc61f9a7838c8c8a0881c52efe02db7abd0a22b04aaef16e95c78299f9b82bc67b9b5f9dab9051a592daba2f3a95fe119e664a0172585445b0aec3019bd890abcdfd647d7a282c26c930ca8ee2b64eb59f93e5351b0e1ccceac8f319613845a6cfe0671d5cbe28a94651ee41c74215b22722e902fbb63d046cf67daeee653df94b6eb8c09b9bcc7ea009992c0e25663a42bb46a9906f147a6d2ace4a81a54bda622515eb5fe44e372e2f5250ed988fb5af562e5926f76efa0fd6124fc6f709ca276687b75ade82a2c44b39e7b932b4719a7cd33974cdb084756c40c881df1853daa,0x59afc6ca06cf953511fee16ab9c6fbdab602d0f5f0cbc24bdb800fc1f8a66c28,0xd906f82a52090f2fd814bac50f19fd3ebc0f31b6d90c06a05547cdc8a41b0153,0x861e653412edf526d3d9968995cc9ddb399f3d4a730a8fe6d142ea73fa2b821d,0x473780deaf4a2ac070bbba936b0cdefe7f267dfc,0,58750003716598352816469,65891,0xd883010b00846765746888676f312e31392e31856c696e7578,30000000,25802883,1674979907,101,13399388222
16511414,0xae43dc280af686069842da7192996f2b1120d8bf2efb55c10689013b46d2b02e,0xccd48ccd9de6fa8ec0ae5340177f542b4edf15cc2f71a2ca3333a3571363857b,0x0000000000000000,0x1dcc4de8dec75d7aab85b567b6ccd41ad312451b948a7413f0a142fd40d49347,0x80a00301972bd0e9919c40429180507a94022281382001888399ac400e06014350141382a14032d0326a3888ad12651ee31280888843e885130656151822e400086803d3ee0818ac6d02508fd234502c9048280e6f431ad008014f0889e12a0f2b2002858683448f58d881020811087ba4104041ca7b541a430ac0324d99000c8b84b31a000a1045346205c150122cc164410589cb48300b6025046080185020ae0829e393a36a512c2040d8a400bc984055da007432d04200caaaecb028210cc18cc286240701605400020013041326404110c014e8935c211938860207a02144ba78094004401b0a1c11c0004318f100f12031086808e68861bc20c0071013,0xc5649b0843a6d3b4d215271dc6821f60290534f592a1ae698d439d2073603997,0x111ebac66884af04947173514c1cb41784d1d91cf1710ec5334542132e1130f7,0x14510c5a4100da264850860f3929dee92aa74d3d3e43a138bc5e9a29bb8a3d1b,0x690b9a9e9aa1c9db991c7721a92d351db4fac990,0,58750003716598352816469,40890,0x6275696c64657230783639,30000000,7943082,1674982487,96,15071585990
16511204,0x3d3bf830ecad637ce168f9016562caf64e460397e584e695896d3aa4e71a02ff,0x1ad132e9b5ecfdd6b6edd1d664ab56b14d81eb73003a6cf60ac909a05b2a5d62,0x0000000000000000,0x1dcc4de8dec75d7aab85b567b6ccd41ad312451b948a7413f0a142fd40d49347,0x40a99203c901b12ab0c15208a51dfa3309c20e43ad08470a588d00c0654459231459c148c8f4536f66c25e207a10abd00a652bc18825b85b2bb870d708ac283718c8c01d48c8dceeba9251ced64164f1aeaca5c14f468cd30c60bc41bf48b94797a10b731a470c32098499046008b961a854524216985461f2ac49f9895a68540b21b254203a9195814daa48405290b9c510fd29ddc0246ceebe6af2461bd0a3ea4a036918aafb01a2626af08a27bcd8d5ed4a4ca1b4b36229f90e355b2d8260d7148db2955904a291a2e0cb811abc20d8f1b3d532be32373d2e1d12b210a6022433f28a9a95091bf4b4def01a835ca4a10a5f7044ec4c78c489df918149148b,0xce24f3b15ec15ce06cfb3a564e783aea79442597046873fe58f673b686858560,0x2ae033039d6dea60f15ac728addf2b317ef23d96f250deb996a3b76330f6a687,0x535e27ae8d841befeb94ec8ccf6df264c6e6258a072c5c5b52f38d3298ee3db3,0x95222290dd7278aa3ddd389cc1e1d165cc4bafe5,0,58750003716598352816469,91411,0x6265617665726275696c642e6f7267,30000000,14290526,1674979919,135,14605655082
16511415,0x90c033779eb1a5b23bc471f0cbee34c793b7b1c4f0b1ce2d0cb8f34944ed5eb6,0xae43dc280af686069842da7192996f2b1120d8bf2efb55c10689013b46d2b02e,0x0000000000000000,0x1dcc4de8dec75d7aab85b567b6ccd41ad312451b948a7413f0a142fd40d49347,0x0421a9112404c2ed32dc41168c4443690aaa30b2699991a01a0d0048944c3182c9b2861baba3180c686167044bdc49d5b21920b0986aa18c76245a7f54baa60088094032160816eafa00f1e8589601201dc216e106e2484348587121850238423b0a9480f30b0e0e12006864002d8ef2881048c021742cc042051ad1f8584a004201404a22cf840de3480aeb640a420876209c0143c99c182e05c572e0101430aac8538e9082ea0188406080248084014654c96048a0888b0bf124177420102b4e1c503705980aa8da80022a11069082600d9be910ff98b861504a073c892006e49c21999042aa481a8cac80002322a5c230c410084a86428599ec90e0a79412,0x31a2f8f7c07f54fc374a5248c8b430e7d391f71ebd122e26c83ef54c54bd7e05,0xc24743102abe7f30049f14dbbcdfefa5c166ddaab707ca21295c9f154b309345,0x0ea30b4d444cb53a7684b2950a37fc5320ffadf057ff6e1eab5f9525ef2bb14d,0xbaf6dc2e647aeb6f510f9e318856a1bcd66c5e19,0,58750003716598352816469,45861,0x4d616465206f6e20746865206d6f6f6e20627920426c6f636b6e6174697665,30000000,8772531,1674982499,99,14185261437
16511416,0x4935daeb9a76f01b2f513cf5785ae01c31cc378f5dedb28e9546eb6debbe5d7f,0x90c033779eb1a5b23bc471f0cbee34c793b7b1c4f0b1ce2d0cb8f34944ed5eb6,0x0000000000000000,0x1dcc4de8dec75d7aab85b567b6ccd41ad312451b948a7413f0a142fd40d49347,0x90a581148010186d5aba6501cd8413f630090251c9030312c4dbd5828d1693119d0a07d9a26c631c20611ed4a950039eca75ec78b81a79814f8d02bd9a3a7420609c489041aad62afdb274ec513dcfe1ad00526659fa9e5924cb3c15a82ca9875b400c078b2e4c36d61d8591d9b2fa73c11ef80896f1245b7c851ab7088decac922e625f422a400486c56cd909514fc5f092a04931ca6efd61284562aa393481ab0a49c504736859232244cd2c16dad88c288563ea3ea5628e422b83018c2b143f568ca7899b43ea6b07236219a9b83649d984e419ca0a787f841822c103be7024b0b2398d1d835c23037490e8891524d850d0911cda0d4080802cc8b0955cd9,0x6544fb630f40107bfb412dbca78d4ce01f988a2c42d1bf97445eb1a0c3179df8,0x029cfe4d55712315d49d92ea9378695ea6931c5ecc8cc9ff4af83200bef5926d,0x715f9d8de57840e8a6a813989847ba643d2d8f4f8d2a026df06fa20faaa74ded,0xd2090025857b9c7b24387741f120538e928a3a59,0,58750003716598352816469,38213,0x6c6967687473706565646275696c6465722e696e666f,30000000,29990157,1674982511,108,13449109139
16511205,0xd7caa341db7f3e27c15a8c7aeb8baf996cfe0d04e1770590b17b30d4fd66b429,0x3d3bf830ecad637ce168f9016562caf64e460397e584e695896d3aa4e71a02ff,0x0000000000000000,0x1dcc4de8dec75d7aab85b567b6ccd41ad312451b948a7413f0a142fd40d49347,0xc021101263d296688c248649800320288006020328084210461505f10c3e013810485d4082835c8004206eb3102001108a2110a8c807780e238022573dbea80b408c0a1040ce121d298c65ab616040a1c294301fa366aa54122a5b01998e08419660c02a0303060285a4720000894a75c018c00ca148c55096001db58058583603a01d462843504ec189f542e21482c2b7348483a16200082c03046424d009e5aaac816092117d020c61f682ce2288819600890128230006e46206050a0d0021415825026504e783280010eb00881426604086e018c9047f1d169b238080ec49405226388e02812212899a2044cb0820b624936a856a01d040198d948a01a426,0x39cbfb8e7bbb4dd503761dedde498d26e03e21495ac51ec4db2aed90f9bd6989,0x37e892919276156bd5e03f24e535ba63af68d853c339e579431243639083d298,0xcaf04fdad60c14c55c2d7ee561d80b05133733f23338a097f18dce0db8450095,0x690b9a9e9aa1c9db991c7721a92d351db4fac990,0,58750003716598352816469,51643,0x6279206275696c64657230783639,30000000,9183593,1674979931,122,14519302311
16511206,0xe27ab85de44353b8d10ba71919301c513326fa6e675de2f7ed3080dd1db0edb9,0xd7caa341db7f3e27c15a8c7aeb8baf996cfe0d04e1770590b17b30d4fd66b429,0x0000000000000000,0x1dcc4de8dec75d7aab85b567b6ccd41ad312451b948a7413f0a142fd40d49347,0x36b8531781059a7ebd4b3b6a8f1572afcfdef64bfd2a20bc5099721bfca2153e369f0fd2b059db2d957af6727f5221418b2dbf899e1efb9076f9455113e7ae2a6a61fc395189c8e9faab74dff6382ae7aa2f5461ea5f0af56fa71d738cc37ce17e541cbdefb64c62099e970b10ff1977942bc156735c65dcf4546b715cd8297f2d841b77fa720c57d5eb0d66a7d012f76c1fbe815d608d796b2adf69a2797a8aee4c29e783426e9b9e9a4bf389a18d7b7b7764757cf8e6ee11e3eb7c414578f8ef7cbf025df928c72978915ce07cdbc04de3b6d4b0cf889d7f2699123879e9622c7839af0ccde04a8ef4fe95b14318628512770822b89dc69a49a92ee99df780,0xb6346c272700cc1f0553f0dbd359299a2c45400360b6830fbc91f068f82964dd,0x55c2d3b8534e1e801baa601b81ff2e0f7a1b2dce71f0c74ccda05f9c620a9a67,0xa4609b2fc9354929769b8132acebba3cc33872e45cf4e50d0bfa1d0983e2a988,0xbb3afde35eb9f5feb5377485a3bd18a3eb0fe248,0,58750003716598352816469,179258,0x506f776572656420627920626c6f58726f757465,30000000,29575928,1674979943,119,13815550882
16511207,0x24a71c9661603f95a4d304537680888615dd934ddbb78317ae8e286e2195c946,0xe27ab85de44353b8d10ba71919301c513326fa6e675de2f7ed3080dd1db0edb9,0x0000000000000000,0x1dcc4de8dec75d7aab85b567b6ccd41ad312451b948a7413f0a142fd40d49347,0x1827c24a0180c3d07c8018c0ad24406184013a012a1c2610703d00014cca0c628c033ba8a8082a2a410a55560a9221c73aa341808a02a9711047820a046c2c11c902440040305c28690251a9c02411e482d48d820f44aa080681dd00c81618919655004026d3b623204231004800a8f10049c4225940364d921303f1a0b82024a186077840aad844a0410c0a8103026644080589a5c082684428d0e00a7102058e086952188563ca8b1162c088b1cc483660010d50860302004c4c070124c4e00391b146600054c21040d90104ad03974069325210b8481542845c6a1000e0400a79242d01c4080932444ea003005381800a214084ae524865591c12a3135f80,0xbf822868d5ac0e1364a7d163cf657ab426db43bfe6f7c0eb9091e804b51fe24e,0x778b9db46bb75d8332da4b3474ea7f681212d3b68a79119b8fe28be05f7bec1f,0xfc5268a75a87b49ed4a96df5c481a4361b6a5822423afad8e2d323847c0e3f35,0x1f9090aae28b8a3dceadf281b0f12828e676c326,0,58750003716598352816469,346518,0x7273796e632d6275696c6465722e78797a,30000000,15911795,1674979955,106,15493671506
16511208,0xe7950002ebcebadaf2f85a5770158bcb191daf1548ded566f770f4d376494200,0x24a71c9661603f95a4d304537680888615dd934ddbb78317ae8e286e2195c946,0x0000000000000000,0x1dcc4de8dec75d7aab85b567b6ccd41ad312451b948a7413f0a142fd40d49347,0x5233410183804a82b4051489e59248e25a40010e080801202478075a54809520a30c11010120682090407b0b0a07a116020100064f0a6840308821a599aa680007440091300159086c025ac9766060e40040420049400e8040209f00a8493005129b01308207720140971220c0068cab4297014544c80784da4486f11ec846e41a240752220a9105448594c424122a22c80044834f004229642ae8c400b00d9cbb8901e1b088602332f172e09923acc8a60b700ca041180240e10e1a001802b011cc8002020100f401304011001b01a8c3f1026032ae0279129428035010a2eb407834890c8061a442cd1a90412112b0c730c566090f045220c90911d3003586,0xd1d69d573cf04226ed81abb1e20550282f7a7fbb43801a09b82f17f31baab407,0x12ba00d095c9f19b4ecafe80c0f95d9abb9a3debd6c907315b0d0d6a269df417,0x17efec970ca79634a8dbe75f36d8a18fb7e0e0e2854907efc5213294509f638a,0xfeebabe6b0418ec13b30aadf129f5dcdd4f70cea,0,58750003716598352816469,55669,0x68747470733a2f2f6574682d6275696c6465722e636f6d,30000000,9335327,1674979967,80,15611396941
16511209,0x14c2e63ce5de631000b8062a83b802372e5373a5ba89cb61d1f3d23f9afca6a3,0xe7950002ebcebadaf2f85a5770158bcb191daf1548ded566f770f4d376494200,0x0000000000000000,0x1dcc4de8dec75d7aab85b567b6ccd41ad312451b948a7413f0a142fd40d49347,0x84334007d1da5b54b9385931ed1cc3ab1816a9052e9c471278132900dfbbf4a210595925a8e8e2d84010fefe7f60a9e2afa1bec889cdbe21bb68621d3dbeed2b495ed2d4f040f8edea8e6a88d7d27cb6adc62aa1ed61db4d94c17c27bf84bcf516e8d233770f760e41ddd94051a02979ce423678e9714d2cd369eef350dfefd41aab43566a83b95c04c95d21c15b1cf6b4b2ab9b45d8c049e9ee817063b9c4d68fe829739f9f6d610fda6df69debb5d8e4276e63fa32d16a29631f3c1e8821784178e5ee4c736cc205f0f54c0956d174c97db36f9ace981f0d261d6f3d36ed7a31bbb6d9ce9fa59a8bacfbc409475ae4bbe22120809b044e7e4f38558a1bf7c3,0xf80f2a1668cdadb590deb8f8a8b620d8fadb57da62a69cffe0633635758f7f22,0x43932eba02ade7a1a6549b1791f01c98f572d6083f247649e0d8f8de9ea72176,0x38314c75434bda43d561cc4dfb65cd33bfe5e8112c2b7da8be00647c97cf11e7,0x199d5ed7f45f4ee35960cf22eade2076e95b253f,0,58750003716598352816469,104393,0x506f776572656420627920626c6f58726f757465,30000000,18092208,1674979991,180,14874451452
16511210,0x5b7b4766c35b5a3d988f6a5966f6e5fa57d9d55cc69f11242d56aa30a9338b10,0x14c2e63ce5de631000b8062a83b802372e5373a5ba89cb61d1f3d23f9afca6a3,0x0000000000000000,0x1dcc4de8dec75d7aab85b567b6ccd41ad312451b948a7413f0a142fd40d49347,0x182a0244a1a098d671e11800ac15cf3fdb98b9019c0b8d10162500e455b0975098ae13e0c461d21b878c9f120ea04170a6ab92461a09aa68f008101305e3ac2822882b9840222d28fb8bc2c8c5ac6623a4040140d340210410e92f239f0d5e27928a09208226cf2202f45085002668676a5350404150bd599a64c8731cfb470073a54353b252d10544694400c380006cb5980001e178261f7468c9684bb21bb0bf38114390026aa072305ae2beba84c1775fcf7260100a4231e30afe019c2ab8c550001681d380ca030880ea119285f3442d66d1359c0a3768033c62aa10ac62223af4adcefb08a0924cdec8818d11aac93d1d2600da044b081bb8a0b90575a3,0x7c8bacf90679bc22ddbed9bc50c89eecd968e0c46b1f6975441dc51bcf5f4a69,0xafd4ae839a86163818eb3f0f5e53b8c6340334e930ea8242ed730e061cbadca7,0x4c9b3abd6e124569ce3120574ec2a583eb1f10d2344bbfef2bb9ffc1b05b3bd0,0x690b9a9e9aa1c9db991c7721a92d351db4fac990,0,58750003716598352816469,46316,0x406275696c64657230783639,30000000,9676098,1674980003,102,15257742266
16511211,0x3c5afcd7ed93ea95c00fae251ec79982cac4ff3708673499deb98a7e140f29fc,0x5b7b4766c35b5a3d988f6a5966f6e5fa57d9d55cc69f11242d56aa30a9338b10,0x0000000000000000,0x1dcc4de8dec75d7aab85b567b6ccd41ad312451b948a7413f0a142fd40d49347,0x0dab0450e399c3b63478d562812332bf05a004471c20401ec7c880015480dc247ea653ca8412dc834e1878284a16a3e6c28b08208a97a948b310d207a2eca9a980d0fb19d2060e5c6ea2d39d4d6445a951aef72353c64a490a911ce588243c2213220031d28688aaadd9f7ce090c08bd9091206cc17035a1da26d152055f42c6721862762a4b414c14624c26e17328e9ac829e83d58aa00d7067e760a9720bb6aec9edd49188658354f780e40078cf8d7451831de903846750fb9bae068e62d84e58fe0612e32ec8282804e28552b663c7418a6617f8329b22b7988387a0fcce03b2ba889aa4f9956a8ddbd700d13029e34a65c0758a84544d9f3945d21f1dc1,0x8ea0a7facc201c094f9b1c74b78fc672d3ad2acbe6050ac360ebbfd3e30f886c,0x0fa126903076ca27783b39c5656bfa83cefff8ecb9734d52548fac076867244e,0xb33a150bf79bdac2838d0d88efc577d93eebde78e5380376354bb297ee931452,0x690b9a9e9aa1c9db991c7721a92d351db4fac990,0,58750003716598352816469,62272,0x406275696c64657230783639,30000000,11187203,1674980015,114,14580819562
16511212,0xb1bbf7039c6e030ac19df9bb26ad519e1f74894ef29e180124b25ebdfa83cbf6,0x3c5afcd7ed93ea95c00fae251ec79982cac4ff3708673499deb98a7e140f29fc,0x0000000000000000,0x1dcc4de8dec75d7aab85b567b6ccd41ad312451b948a7413f0a142fd40d49347,0x003000824000800010800200881404205412004188030488d201402224001400002e1224a25082100088a400481251c90200005918a02420a400114150242428a4941810040498582a8110cac290007120002264414408684011b872a840881003a3083826864026458810a2001069388840d814721106800301c1b0054a401432120002640208168048400c83400004a40400a14380084de4600840993b80828a880d045118e0409080008286919500000c080404003002b0730ea040040800800a242300420470010148c02890186a544080483488283414072b021004606608302a880104200a80047c44010590242000001020a84154241d385081112014,0x3e05b3d087ec3a94f550eb2d33c2b14d4d8b8c45d0709c8fef6af9917280f5e9,0xc1320682d0221d38c1886758ae64d5548a2cb41cfd5705624f194d300e3b6054,0xe17464e5cadc552a68d14a4847c37ff88dc13e720d1c26a778a9211ac4834316,0xfeebabe6b0418ec13b30aadf129f5dcdd4f70cea,0,58750003716598352816469,36363,0x68747470733a2f2f6574682d6275696c6465722e636f6d,30000000,6668333,1674980027,77,14117538687
16511213,0x184d4c2521adc8d7080978cb549495208c10afbacb9ab5ff97890ce990d30415,0xb1bbf7039c6e030ac19df9bb26ad519e1f74894ef29e180124b25ebdfa83cbf6,0x0000000000000000,0x1dcc4de8dec75d7aab85b567b6ccd41ad312451b948a7413f0a142fd40d49347,0x54f1ea0bed649f2c3c227772b8319be1b45725072efbae9c5261d304eca0d189bef7a982b03c825d70c23ed88d32837a3ec5aeb3cbb4b948b60af69334aea70b7aa05096c016fa38f8ea77d876901ff8d98434437845cf954a621fa4860b5c9777d081323ed2221b33c4fc6ed475ace18913d1a1ad5c3c8ccc004cb082dc46a440de935a2ba359547541164537843ee6ec6bcca195c5c54edc66a0e8069ee020be4a65a1884767ef66926de26ab3cded5745e84274ed40d284aa8e17507f0976e3277e662c443ee2ce88d9fc355ef7f465e6f34b79cc8f3b07e8984b2208fd7cd0fdf5dda4b000233d0c7ae623557e39c5e7475b08bcaefb5a19af0aebb57e58,0x7ea00030b23beb6a9427fa20f8a92b2bc385ccfb078b95ce5308a5d0696e5b17,0x21182317fc6870d838785a6b1cbc5d8e17bf0b5f84191774cdbd48212410738b,0x97bf88d55608fe285f52a62a67f46ce4e72c8e2346682c64126448dcf780e32d,0x5f927395213ee6b95de97bddcb1b2b1c0f16844f,0,58750003716598352816469,63815,0x6d616e74612d6275696c646572,30000000,25150282,1674980039,102,13137350094
16511214,0xd7038d5e2af5b261296c4d5c56ef6e830927b7adab1ca67b31c3dc0ab0ea83d3,0x184d4c2521adc8d7080978cb549495208c10afbacb9ab5ff97890ce990d30415,0x0000000000000000,0x1dcc4de8dec75d7aab85b567b6ccd41ad312451b948a7413f0a142fd40d49347,0xd83b6119474ab246bc4151d8f6754a2b55582153aa70a280d01d02643fb215aaa05d35a2842ad3c041591a144e0099bc8613209ece407ca23260121e05acbc2b4c6542d14004d8a8ae26faaade06e2f04ae15cb4c74c0b60040bde64b26099711eecb10402875b028be918d043013c71a2901a7a4f7a0c709c090cd3454b57e152209354260a00258440dc6607a0086c3c0468099148180d7c61297283b809fd8fe8114912056b7b2272d4e25aaab4d3f641480220ac888a4be12e8803194142ca518cc24301618a41308880c92e1516cc6b12d2f68e46d19e501a3e5470f970e638bee84e86149956f552a004055080c4a18340810a2048337b689af36136a0,0xebba2005c73cfa12814c6d00f2008c41acfc331a9c09a85d5afcb90c962de6fb,0xd211aee9c669becd96439a4fea2a1beb9d4455992d394a653a99d4be4e75f19c,0x975f1761983a76230619b8d41b6bf829561ec81d3439c8d2d4c27b74b47ff503,0xdafea492d9c6733ae3d56b7ed1adb60692c98bc5,0,58750003716598352816469,65943,0x496c6c756d696e61746520446d6f63726174697a6520447374726962757465,30000000,11044756,1674980051,119,14248581828
16511215,0x8982e3a0fb6879698f1a16e154d1ec9c6ba47ed6699a69e7582cc3a3b7215a63,0xd7038d5e2af5b261296c4d5c56ef6e830927b7adab1ca67b31c3dc0ab0ea83d3,0x0000000000000000,0x1dcc4de8dec75d7aab85b567b6ccd41ad312451b948a7413f0a142fd40d49347,0x46ee1d2965849ef53b181008a610536d9319cda06d07300901a8340776331520805bdc08d4604f0d04522e1e91400750964112c4fa07b061a6801091b0b7ed411a0aa05853cb9c09e810e229c13bb4b805ea50088741589820a2fd138902683406f90625c626da02018e388410a46e099284c8544d104cc86826605a0dce62140b6005063a4600620440d133e0913227366805a1811a26297c22dc4460b824f49bcb010390327c096a8dc1908dda9e9620c4018440a0a74660610a34928a82094c08782a0000a0031189a84080154071cc6059f3150c8110f56418220c102405ac1ae0d821928006023ed902073702a0133008a0639e164ca9733c2cc9556823,0x12ae01dd3553159f788d674d9b950fa82d6ee7cc77216bba8b8c1486d3148468,0xf32f7ee0445b28db44dcba48d02399dca2fdf79429031682d329d04ea3110d99,0x22256c490500b4d0f4249a06a605d99bf66608b4db13ae5162bc470eb5557a6f,0x95222290dd7278aa3ddd389cc1e1d165cc4bafe5,0,58750003716598352816469,45491,0x6265617665726275696c642e6f7267,30000000,8574281,1674980063,88,13778943347
16511216,0x069a36ace020b61b330acbf165ac79b989b5767af43a5c45535c861ffc13f4fd,0x8982e3a0fb6879698f1a16e154d1ec9c6ba47ed6699a69e7582cc3a3b7215a63,0x0000000000000000,0x1dcc4de8dec75d7aab85b567b6ccd41ad312451b948a7413f0a142fd40d49347,0x2ca505f945499f2f3dc63356c51c4eb93e1b14ca2c5581b05b85af237d249d8a599d5724c42e820730687f674e56d5d11601f8909f3b7db0620591137effed219e0efa7aed595d7c2e97fdfaccf872bc9391043fd3748a8777c09551dbe52aaf1a52c0f902767e6700e614f2c96a9bfbda3e5150e034a4a4ea051c97daff345c102917766ae29a57355f5d604ddeabaef67d1351c5c5f53e6120cdd1433030039ae971039b8d6f3f8a9b76d67c36cec80f44d684611a67ebadf3fa1f930f854c0364245225990dc07994764a94ec12f4666197e9d6a8b9b7036f3a2ab8b868622f303bbc9932ab09bb1ecbad22f371ecb4d5c17f931897f240a5ad12c1075dab,0xecade56478286b715c401fde82c0428f2e6bb50786c96dd53adf03eb50239a66,0x275feb0a2ebfbb4886472b7e803de5e0aa308aa5d3bd8e66097a76dedb80ad06,0xd9edc8f0898134596fd177fd60b65bd6ef03bf8dc7500ea5c294f0d18109522a,0x4675c7e5baafbffbca748158becba61ef3b0a263,0,58750003716598352816469,89454,0x506f776572656420627920626c6f58726f757465,30000000,18739505,1674980075,122,13041113197
