,sum_tx_ether,avg_tx_gas_cost,tx_date
0,8246871.766893777,0.0005370300954870813,2018-01-01
1,13984780.92694972,0.0005844979818264066,2018-01-02
2,13975588.8507884,0.0006050748915710925,2018-01-03
3,20231765.93566037,0.0007000256320466576,2018-01-04
4,18517692.86081935,0.0019254378470614007,2018-01-05
5,15408042.885939034,0.0022103026388330866,2018-01-06
6,12280545.090079945,0.001739841440981445,2018-01-07
7,15139541.826477334,0.001674402665209547,2018-01-08
8,16112970.392687794,0.0017250293125721573,2018-01-09
9,17355909.473917715,0.0021732425234148142,2018-01-10
10,15772247.562387027,0.0018852876517799647,2018-01-11
11,12472386.058796262,0.0013675887944438658,2018-01-12
12,9561006.538088867,0.0013978957181306488,2018-01-13
13,24861277.035392497,0.0013943065909801232,2018-01-14
14,11704519.642005835,0.00121510246180732,2018-01-15
15,15168854.432647703,0.0012145476536022679,2018-01-16
16,15950849.389547544,0.0011666649582774923,2018-01-17
17,13779769.252634078,0.0012426227641925693,2018-01-18
18,9096520.529717468,0.0012226852880739161,2018-01-19
19,7790457.614371018,0.0011539398691394768,2018-01-20
20,7450336.949831599,0.0009353251920657366,2018-01-21
21,8920002.274098575,0.0008079977599731651,2018-01-22
22,8578638.972667517,0.0010651030081955286,2018-01-23
23,8604385.354299318,0.0009389657010978433,2018-01-24
24,4092420.0977461953,0.0008511263177400685,2018-01-25
25,9954273.002890479,0.0006586237370850147,2018-01-26
26,6416871.41922353,0.0006546273772727766,2018-01-27
27,7312187.543349566,0.0006632468267441529,2018-01-28
28,7892582.050352356,0.00101800949876588,2018-01-29
29,8481103.8742139,0.0007153491191741052,2018-01-30
30,8212693.658043195,0.0007249318130047795,2018-01-31
31,8200733.649844402,0.001148473027809591,2018-02-01
32,11082934.021429434,0.0008238593755950359,2018-02-02
33,6208386.111638049,0.0007323630747457747,2018-02-03
34,5076337.72370217,0.0007114998519783417,2018-02-04
35,7179105.03501562,0.0006456751404396116,2018-02-05
36,8902173.685209166,0.0006662676251861751,2018-02-06
37,7027555.596498488,0.0007326291872132255,2018-02-07
38,3635216.1765215755,0.0007232179928072916,2018-02-08
39,5142893.27593226,0.0006051655902353267,2018-02-09
40,5766600.724660803,0.000599345086325871,2018-02-10
41,3987316.5370290778,0.0005824445160547454,2018-02-11
42,4653423.516596989,0.0005420866540573471,2018-02-12
43,6433856.129383153,0.0006466424426497722,2018-02-13
44,4876279.3771997765,0.0005818217670968114,2018-02-14
45,5489301.962794714,0.0005478635368514502,2018-02-15
46,4344207.168443986,0.0005703693411796412,2018-02-16
47,4186708.3350973325,0.0005432783227541445,2018-02-17
48,4141648.8565584067,0.000801843231553784,2018-02-18
49,3802703.3241348853,0.0005297715224269672,2018-02-19
50,4442304.058165485,0.0005869119865240932,2018-02-20
51,4335416.283588834,0.0006340181854922932,2018-02-21
52,5659533.982455057,0.0004969442072702173,2018-02-22
53,3150036.564186495,0.0005499396428196772,2018-02-23
54,2905636.644236521,0.0004920708038085055,2018-02-24
55,1878329.0024117932,0.00044644154683254155,2018-02-25
56,2456218.299821619,0.00044186949165199744,2018-02-26
57,1540123.402657351,0.00045684108624715486,2018-02-27
58,1551727.5739207363,0.0006167062922822825,2018-02-28
59,1689000.6473261772,0.0005275935979523185,2018-03-01
60,1547301.1593776501,0.0004928520564819712,2018-03-02
61,1035427.1998801146,0.00044218928801640923,2018-03-03
62,1071434.9010837711,0.0004889281006365971,2018-03-04
63,1567458.9977289059,0.0005173302783931947,2018-03-05
64,1949002.7435601878,0.0004846603178097404,2018-03-06
65,1985044.3004576894,0.00047434106103251783,2018-03-07
66,1670820.2591000942,0.00045283278556256223,2018-03-08
67,1814202.3180731682,0.000425143801052104,2018-03-09
68,1139674.1689017336,0.00036136732638698745,2018-03-10
69,1088366.0078718984,0.00035232931004404694,2018-03-11
70,1482274.712032376,0.0005241284059233723,2018-03-12
71,2723347.712106913,0.0003450425957938039,2018-03-13
72,1921541.1940214483,0.00033152645001748466,2018-03-14
73,1877798.7933954375,0.0003421786924159293,2018-03-15
74,1384522.7055704384,0.0004371642436764212,2018-03-16
75,1232063.333101632,0.0003126377788370916,2018-03-17
76,2858521.7167454776,0.0003367182967265033,2018-03-18
77,2326664.105930307,0.0003210459198589506,2018-03-19
78,1897261.049099967,0.00036155502359924826,2018-03-20
79,1772810.1043026645,0.0003426898159424381,2018-03-21
80,1544254.018430721,0.00030344111485315167,2018-03-22
81,2018629.2965113895,0.000322798267969921,2018-03-23
82,1189319.1455477306,0.0002885908489747432,2018-03-24
83,987629.5762511292,0.0003209998674499861,2018-03-25
84,1951229.464674697,0.000474040667002257,2018-03-26
85,2481780.8297002846,0.0003458034513721628,2018-03-27
86,2459366.658445448,0.000360853622845921,2018-03-28
87,2564299.504027569,0.00038435624037644865,2018-03-29
88,2317808.4597503482,0.0003183425475526365,2018-03-30
89,1493715.2353590955,0.00030007297262565577,2018-03-31
90,1251787.1273839697,0.0002880762978925242,2018-04-01
91,1422843.1149099038,0.00033208429689325403,2018-04-02
92,1664784.1832102684,0.0003497315492790146,2018-04-03
93,1566497.0163097384,0.00029521135162501787,2018-04-04
94,1293412.7136778147,0.0003258237615558361,2018-04-05
95,1314358.9484177614,0.0003591639529398067,2018-04-06
96,878699.1340245889,0.0002689728813092649,2018-04-07
97,1247456.4572642515,0.00028522002406900475,2018-04-08
98,1555552.0570390467,0.0002975604493311203,2018-04-09
99,1260567.5196101686,0.00030669484074432376,2018-04-10
100,1482225.938435251,0.0003108350459841262,2018-04-11
101,2261830.7557792934,0.00032524626441445264,2018-04-12
102,2219429.5937577635,0.00039691873803504764,2018-04-13
103,967023.4876263131,0.0002938334236458661,2018-04-14
104,1166777.583074819,0.00029983390337077494,2018-04-15
105,1392437.2207704221,0.00031200520870396976,2018-04-16
106,1442209.1655392842,0.0003315614992041638,2018-04-17
107,1727539.2671167525,0.00044184654760178783,2018-04-18
108,1806905.5089592373,0.00035311246151265946,2018-04-19
109,2167484.410048433,0.00032744766909531894,2018-04-20
110,1696708.5217554749,0.00027647349206904643,2018-04-21
111,1256723.9763939113,0.0002898071591835088,2018-04-22
112,3082879.5843546265,0.0002922394121823491,2018-04-23
113,2711941.5664297873,0.0003392425530471763,2018-04-24
114,2514647.225223839,0.00036489298814151416,2018-04-25
115,2021247.4365179124,0.0003659661277294678,2018-04-26
116,2100701.0527034,0.0003812578528961723,2018-04-27
117,1790756.7837406131,0.0005107584105217888,2018-04-28
118,1655556.9286969455,0.00038736651891571773,2018-04-29
119,2006053.6588140014,0.00039485957708679606,2018-04-30
120,1872994.466923586,0.00037111090350828925,2018-05-01
121,2661127.391736343,0.0003740602077358152,2018-05-02
122,2697762.454017671,0.00042928983997245136,2018-05-03
123,2547802.0189724737,0.00032220749292290684,2018-05-04
124,1734444.493097539,0.0003369312525571324,2018-05-05
125,1525061.5061341785,0.0003410686673237846,2018-05-06
126,2952580.45382459,0.00036947594743549705,2018-05-07
127,2103100.4908100497,0.00046859908195784106,2018-05-08
128,2228353.499044783,0.0003859900673100416,2018-05-09
129,2138241.3424672727,0.00045753506798685537,2018-05-10
130,2186589.094128977,0.00046387882248898673,2018-05-11
131,1601913.471812693,0.0003418325840288882,2018-05-12
132,1184466.0562015933,0.00036338054854457316,2018-05-13
133,2165358.8605955713,0.0004591562736414596,2018-05-14
134,1968181.7677060363,0.000472077727558694,2018-05-15
135,1665863.2245438807,0.00043789456568355347,2018-05-16
136,1691786.5432167065,0.0005582698488488736,2018-05-17
137,1647457.2606967043,0.0004629834128439736,2018-05-18
138,1207288.616023629,0.0004685640629045916,2018-05-19
139,1261890.312567718,0.0004498263171436897,2018-05-20
140,1645205.023983746,0.0004421461686550176,2018-05-21
141,2198135.8337459383,0.0005025951551473042,2018-05-22
142,2637955.8908370635,0.000503639183009495,2018-05-23
143,2111247.626515349,0.0004751288128169529,2018-05-24
144,1806529.2398356486,0.0004519278244546592,2018-05-25
145,1325047.548929546,0.0004241978339974604,2018-05-26
146,1951701.0609902036,0.0003914366331017339,2018-05-27
147,2726108.423222892,0.0006262988469296589,2018-05-28
148,2233893.8018743666,0.0005540880426269807,2018-05-29
149,2167069.9643427962,0.0005474913614634652,2018-05-30
150,2251989.7315889033,0.0006687442609623274,2018-05-31
151,2466518.959364769,0.0005484052505049848,2018-06-01
152,1295498.7464347559,0.0004370965599675447,2018-06-02
153,1109595.6870460855,0.00046117395706668247,2018-06-03
154,2020020.204224003,0.00048026146977476927,2018-06-04
155,2063615.8034313624,0.00043443085555882493,2018-06-05
156,2221649.275483452,0.0008688463771977151,2018-06-06
157,2135223.5505804387,0.0004149929948507962,2018-06-07
158,2312978.125404918,0.00041828348436231624,2018-06-08
159,1182150.4801832556,0.0003580970059634351,2018-06-09
160,1793955.276986883,0.0003327987063226056,2018-06-10
161,2169991.7634247267,0.00038189207089889184,2018-06-11
162,2971009.4391938164,0.0003778647754937288,2018-06-12
163,4094425.732877754,0.0003708979727745115,2018-06-13
164,4071114.560149168,0.0004033047497135639,2018-06-14
165,3583592.874791645,0.0004938942375682258,2018-06-15
166,1560524.4422626235,0.0005423265624312357,2018-06-16
167,1180547.8486641634,0.0003024965683992167,2018-06-17
168,1587545.3118285285,0.0003152455553817165,2018-06-18
169,1898783.8409539012,0.0003779509165295604,2018-06-19
170,2069299.2105864154,0.00038872438221101415,2018-06-20
171,1858688.6457281688,0.00036181212001920045,2018-06-21
172,2399174.06859589,0.0013137424773312053,2018-06-22
173,1286333.0579292525,0.0004378520779716338,2018-06-23
174,1961037.7643059792,0.000794699842830651,2018-06-24
175,2341214.47527322,0.00043320193870221294,2018-06-25
176,1938246.5028383231,0.00033154272754321485,2018-06-26
177,1929459.7906681506,0.000362008689468821,2018-06-27
178,1798527.4578292007,0.0003165990790447472,2018-06-28
179,2164499.224145838,0.0003283280545006728,2018-06-29
180,1241162.0228109842,0.001705763630850609,2018-06-30
181,1003347.2394196375,0.004506376537175601,2018-07-01
182,1415994.6055093831,0.006426325639054018,2018-07-02
183,1798984.7390079177,0.0023024657377157323,2018-07-03
184,1538092.4437413884,0.0015046681975323716,2018-07-04
185,1647151.9656526016,0.0028788596659281127,2018-07-05
186,1577459.377584108,0.002783118039565888,2018-07-06
187,1113998.6735272012,0.0031351672872549623,2018-07-07
188,1266990.5462047316,0.00128994835333308,2018-07-08
189,1746033.2323999826,0.0007151465637552165,2018-07-09
190,1909398.1365593318,0.0005849875046146233,2018-07-10
191,1421665.008123359,0.0005168447598000553,2018-07-11
192,1301796.7017498452,0.001373558567241984,2018-07-12
193,1244802.6900742543,0.0010831979418654354,2018-07-13
194,928250.9189194402,0.0019417524710659793,2018-07-14
195,791323.1082008149,0.0021411708486159305,2018-07-15
196,1725691.4064534826,0.000511433527650543,2018-07-16
197,1782185.5209908935,0.0004988555665915878,2018-07-17
198,2032264.9886003924,0.0004118894227204945,2018-07-18
199,1656943.3132597972,0.00035924751416464655,2018-07-19
200,1761749.8132939262,0.0005005784189313105,2018-07-20
201,1080940.2363360727,0.0006086030119715417,2018-07-21
202,1035506.8363569607,0.00039103928495876864,2018-07-22
203,1632071.247802619,0.0005051933942894448,2018-07-23
204,1728484.8495333921,0.00046632581940184224,2018-07-24
205,1523545.5796294888,0.0003965970464052534,2018-07-25
206,1234900.751108013,0.0003427932609494984,2018-07-26
207,1356770.7480297114,0.0003332471678156945,2018-07-27
208,792645.6394084353,0.0007090587084955647,2018-07-28
209,766821.1370787069,0.0003305059567683103,2018-07-29
210,1554060.6421197187,0.0003464487519582149,2018-07-30
211,2837677.134430963,0.0003320041767372981,2018-07-31
212,1512552.9518137525,0.0014742465774433408,2018-08-01
213,1585631.317525183,0.0003330366658363371,2018-08-02
214,1317535.9067271873,0.0003131910920219032,2018-08-03
215,946521.5226663583,0.0007238632185844027,2018-08-04
216,887528.1907426645,0.00032449161052143304,2018-08-05
217,1221141.7421909077,0.0006128414179416528,2018-08-06
218,1372541.1583596177,0.0025118364937610767,2018-08-07
219,2058751.8699583726,0.00504877330702225,2018-08-08
220,1607235.7250569998,0.004581585330245392,2018-08-09
221,1819595.7488341648,0.002608367650929394,2018-08-10
222,1656558.3284378147,0.0006701503488890197,2018-08-11
223,1009420.4502907837,0.0004445308483700112,2018-08-12
224,2489661.325265755,0.000511441893162579,2018-08-13
225,3136526.810819981,0.0005415162535975416,2018-08-14
226,2328488.805085554,0.0006882944075715431,2018-08-15
227,1540880.8446385178,0.00043125568071847266,2018-08-16
228,1860578.0608428405,0.003341633462242275,2018-08-17
229,1111406.2305872284,0.000644935747927,2018-08-18
230,785272.3145962235,0.0005519886995778653,2018-08-19
231,1453448.9228267248,0.00046818372612984207,2018-08-20
232,1467232.4942632024,0.0005000513190994767,2018-08-21
233,1735422.5838519072,0.001392755687210371,2018-08-22
234,1463916.7905130326,0.000917312293290903,2018-08-23
235,1423857.80379155,0.002071271948389205,2018-08-24
236,1077313.1051843087,0.0003946909790273804,2018-08-25
237,980030.6700909517,0.0020399531977905064,2018-08-26
238,1612675.0572393932,0.0004518247493118587,2018-08-27
239,1449743.5315573202,0.0004071815054157249,2018-08-28
240,1561166.9607487966,0.0008721972157484796,2018-08-29
241,1426028.9797303695,0.0005184908628065936,2018-08-30
242,1500925.0687943366,0.00045360348434926817,2018-08-31
243,1142641.1211013822,0.00033363120801473725,2018-09-01
244,912104.0429009906,0.00034169892038444664,2018-09-02
245,1790236.9616663572,0.0003502580089993923,2018-09-03
246,2918734.2416746425,0.0006112608648037696,2018-09-04
247,2463406.5810985407,0.0003504658204123185,2018-09-05
248,3020667.830882867,0.0005621107266614214,2018-09-06
249,2559647.801044294,0.0005927573568882716,2018-09-07
250,2110334.2386268442,0.000504169347916831,2018-09-08
251,2172238.809608497,0.0005179680914503346,2018-09-09
252,2460886.5855941237,0.0004883315862546883,2018-09-10
253,2484099.0875639403,0.0005934810065262843,2018-09-11
254,3772395.436258251,0.0005626719402545232,2018-09-12
255,2339540.5507187764,0.0006288512065137856,2018-09-13
256,2134112.896111133,0.0003962477478488173,2018-09-14
257,1437221.6566816163,0.00048625714501928475,2018-09-15
258,1217107.381757709,0.0004277597751864511,2018-09-16
259,1943796.8555702714,0.0003966955355723011,2018-09-17
260,1815890.4675769072,0.0008814060288963569,2018-09-18
261,1548309.4081131152,0.0006456084990622834,2018-09-19
262,1887881.1194448906,0.0005447858570460046,2018-09-20
263,2910686.3519293037,0.0006277433082805902,2018-09-21
264,1568153.982410364,0.00043000696461684964,2018-09-22
265,1381864.8712838027,0.00040446641703770735,2018-09-23
266,1883629.0385116623,0.0011238941735725962,2018-09-24
267,1878313.554630591,0.0005467308534182927,2018-09-25
268,1841325.4157602144,0.00046838870522713686,2018-09-26
269,1662875.520791384,0.0004766412332336542,2018-09-27
270,1688099.9997707792,0.0005058215525567572,2018-09-28
271,1425933.3054453682,0.0006386312985879696,2018-09-29
272,1349440.8874532052,0.0004794761419694669,2018-09-30
273,1250586.5322712983,0.0005747761085082443,2018-10-01
274,1094088.8552488573,0.0006525178567304588,2018-10-02
275,1598390.925110135,0.00045555906210632255,2018-10-03
276,1596886.1256598386,0.0004097579117941105,2018-10-04
277,1478498.7643305454,0.0003938998033274141,2018-10-05
278,1061077.9269823974,0.0002609304581905212,2018-10-06
279,973958.6709759963,0.0003712782197178084,2018-10-07
280,1625678.4175759023,0.00041279779885054866,2018-10-08
281,1419623.2095084186,0.00039478390637258533,2018-10-09
282,1484197.664462856,0.0005410858212337373,2018-10-10
283,3085185.6882424685,0.0005042187164361836,2018-10-11
284,2016377.3625460507,0.0011246260167494162,2018-10-12
285,1191358.0269037504,0.00041180174906118135,2018-10-13
286,1153127.2152265965,0.0004044685888448846,2018-10-14
287,3346774.8304857025,0.0004529618275543138,2018-10-15
288,2242139.8617641125,0.0004044544699629821,2018-10-16
289,1916272.6685419257,0.0004301238385847322,2018-10-17
290,2347733.4663200458,0.00037593617195632787,2018-10-18
291,1670200.8469735784,0.000436537962373572,2018-10-19
292,1434573.5856264348,0.00044641242733357384,2018-10-20
293,1962448.1066555197,0.0004102791104967361,2018-10-21
294,1592193.6762676274,0.0004075275534430912,2018-10-22
295,1709878.6801235375,0.00043965838801872284,2018-10-23
296,1638427.7713497477,0.00046696862362091425,2018-10-24
297,2207403.866321715,0.0005343526614901752,2018-10-25
298,1724670.4545282584,0.0005130449651992809,2018-10-26
299,993952.3658361698,0.0004449795567076496,2018-10-27
300,1013632.3098172015,0.00040325580608554124,2018-10-28
301,1982524.3746938687,0.00041944415432036025,2018-10-29
302,1665965.823083952,0.0004378746579757018,2018-10-30
303,1742099.0552253297,0.000418324413450109,2018-10-31
304,1619089.7096753442,0.00043541944030138795,2018-11-01
305,1882151.630387044,0.00045054908675274877,2018-11-02
306,1092229.4663072652,0.0005184913080216811,2018-11-03
307,1522538.6219530273,0.0003972484003713082,2018-11-04
308,2354912.4982257565,0.0005089619966035885,2018-11-05
309,1863394.4868097384,0.0005332863425345998,2018-11-06
310,2126640.6133614993,0.0005053672941566122,2018-11-07
311,1722831.1685694542,0.000543604864577373,2018-11-08
312,1655027.054654415,0.0004328757412318202,2018-11-09
313,1106363.5392344804,0.0003497120379026025,2018-11-10
314,1118458.1802603744,0.00031698695003111205,2018-11-11
315,1863768.197242773,0.0003831067905797837,2018-11-12
316,1700654.127228799,0.0003841702837546484,2018-11-13
317,2979440.8074940084,0.00045257870051956025,2018-11-14
318,3155809.6018109084,0.0004756760093683891,2018-11-15
319,2233943.0111454395,0.0004260560899085829,2018-11-16
320,1394074.1806866385,0.00035399829043466103,2018-11-17
321,1895516.6590815329,0.0004217470146403378,2018-11-18
322,4822871.115312277,0.0004208861040370311,2018-11-19
323,5629747.928127312,0.000470861354755997,2018-11-20
324,3815790.5428748545,0.0004388635155220193,2018-11-21
325,2620268.637315237,0.00039776125746944106,2018-11-22
326,3035150.6201556353,0.00042610204419168675,2018-11-23
327,2258025.8156838133,0.0004456180177971548,2018-11-24
328,3950108.55623226,0.0004317744430310018,2018-11-25
329,3414750.4218573538,0.00042868366175750254,2018-11-26
330,2841258.9488881617,0.0003990594255137199,2018-11-27
331,3358433.24493434,0.0004725614602335328,2018-11-28
332,3619016.422867662,0.000527449683382157,2018-11-29
333,17336105.922182716,0.0008212174981439794,2018-11-30
334,15481581.906791598,0.0005332119753525361,2018-12-01
335,1410779.4528113515,0.00047309557970555335,2018-12-02
336,2273182.630785115,0.0005204920799998802,2018-12-03
337,2261378.293333779,0.0005219890096348492,2018-12-04
338,2878127.043555039,0.0005464641796613108,2018-12-05
339,3807164.975998991,0.0004917159653908987,2018-12-06
340,4886997.455896211,0.00048105209217761075,2018-12-07
341,2693389.8926526303,0.00037992082834568074,2018-12-08
342,2360042.863941394,0.00037843976832721527,2018-12-09
343,2494300.5058017117,0.0004442820786216311,2018-12-10
344,2563058.095154549,0.00045720218577373627,2018-12-11
345,2328818.9804105144,0.0004771243437842694,2018-12-12
346,2988486.109230015,0.0005578462789217165,2018-12-13
347,2698912.806358095,0.0009368640739879211,2018-12-14
348,1822043.9995320146,0.0004331529356315431,2018-12-15
349,1772785.6890888321,0.0004146876804373572,2018-12-16
350,3451065.9100119146,0.0004881463149197653,2018-12-17
351,3221973.3473251094,0.0012689631342876306,2018-12-18
352,4340374.6893008975,0.00045691921035568775,2018-12-19
353,4379656.137019293,0.00046082898985774177,2018-12-20
354,4478637.085384697,0.00045937908213558565,2018-12-21
355,2104760.433445581,0.0004051209426120403,2018-12-22
356,2962613.009131108,0.00039530108813209676,2018-12-23
357,3919667.807309515,0.0004831597195310393,2018-12-24
358,2415073.351668764,0.0005595020610737726,2018-12-25
359,2141078.3878427404,0.0008902391209774731,2018-12-26
360,2828756.738378002,0.0003903018806288529,2018-12-27
361,2981190.11188037,0.00038669896805218685,2018-12-28
362,3777652.953832206,0.0003590268513655769,2018-12-29
363,1622768.9062314294,0.0013413894331203212,2018-12-30
364,2097090.8746114394,0.0003950907886480497,2018-12-31
365,1663008.6309786988,0.00048273272890636266,2019-01-01
366,2741692.088433913,0.0004090194214105192,2019-01-02
367,2495876.126620891,0.00038635239013637076,2019-01-03
368,3821786.077474957,0.0004373292263907989,2019-01-04
369,4173538.698794065,0.00041723701740992126,2019-01-05
370,2404336.1305419668,0.0004036677313469265,2019-01-06
371,2624641.0979649653,0.0003870123312583737,2019-01-07
372,2341499.4899161677,0.00040034084692942915,2019-01-08
373,2193457.1780638094,0.00038223209606350246,2019-01-09
374,3152249.338718094,0.00044802119744517983,2019-01-10
375,3883985.728651773,0.00041053471161912425,2019-01-11
376,1485316.1981420752,0.0003598239937141868,2019-01-12
377,1773086.7728591424,0.0003841636398294042,2019-01-13
378,3457587.506601852,0.0008240702772794918,2019-01-14
379,2383354.456126322,0.000548687679179042,2019-01-15
380,2648041.076377721,0.0007485097810576031,2019-01-16
381,2156824.2885552035,0.0004291704905047725,2019-01-17
382,1767159.1837801812,0.00044668854241050534,2019-01-18
383,1458261.0499950554,0.0005164357548718956,2019-01-19
384,1719460.6130692,0.00039340489943788623,2019-01-20
385,1834048.6607651748,0.0004580280545424797,2019-01-21
386,1836071.6183309138,0.0007474212654557265,2019-01-22
387,1974562.1545798893,0.00040044628200915935,2019-01-23
388,2375642.7125613424,0.00044335598714330507,2019-01-24
389,1964057.0044804912,0.00041335209558091105,2019-01-25
390,1287581.1003507008,0.000368264316151886,2019-01-26
391,1864970.8900875102,0.0003555632495921002,2019-01-27
392,3217573.2627573796,0.0004370374593247836,2019-01-28
393,2281214.4198377207,0.0003687075242122798,2019-01-29
394,2367772.8422238966,0.0004083708060314699,2019-01-30
395,2353614.9990500812,0.0004258547267915535,2019-01-31
396,1953642.0374842272,0.0004617258334452413,2019-02-01
397,1216172.6353409032,0.00039374098305628694,2019-02-02
398,1297860.704077654,0.000363889604327962,2019-02-03
399,992220.4738301263,0.00036993679787816064,2019-02-04
400,986119.5466827769,0.0004253533471802214,2019-02-05
401,1755273.4437599292,0.00038318293941088576,2019-02-06
402,1445896.5369569224,0.0004624526500531853,2019-02-07
403,2150613.1056255316,0.0004146749686187914,2019-02-08
404,1146922.026013645,0.00042005018141490663,2019-02-09
405,1447512.9538017442,0.00041065565731811834,2019-02-10
406,1909251.6861278515,0.0004309536608382679,2019-02-11
407,1538173.3631194374,0.00043702845111556917,2019-02-12
408,1796929.265130749,0.0004416684205792343,2019-02-13
409,1666289.4357234593,0.0007263447422083052,2019-02-14
410,1586601.4112288996,0.0005116502079360566,2019-02-15
411,1078756.5354760925,0.00047790309060031925,2019-02-16
412,1752403.6520145745,0.00048013191267034654,2019-02-17
413,3002570.3638962773,0.0005236979542495398,2019-02-18
414,2764040.1849381705,0.016420760209503577,2019-02-19
415,2220467.490776365,0.0004976451127924062,2019-02-20
416,2139959.9292612397,0.0004998232702162948,2019-02-21
417,2109987.103539749,0.00048128178611882375,2019-02-22
418,1530079.3001467402,0.00045797016185336386,2019-02-23
419,2865943.3393330206,0.0005301510568937547,2019-02-24
420,3684235.8932707435,0.0005633236934403788,2019-02-25
421,1881715.1610816885,0.0005789146277461671,2019-02-26
422,2920489.7267279783,0.0005222106766432164,2019-02-27
423,2344784.660587192,0.000600208014174353,2019-02-28
424,1854707.6319668966,0.00041184524672095875,2019-03-01
425,1485317.2235116996,0.0003998452868521007,2019-03-02
426,1697357.8848767069,0.00041617320411034645,2019-03-03
427,2509138.356973468,0.0004427212955357673,2019-03-04
428,2330491.6340802014,0.0004450594497936215,2019-03-05
429,2187662.113305526,0.0004530909858488884,2019-03-06
430,2122936.4490545136,0.0004494881654524375,2019-03-07
431,2406164.108439974,0.00044420939525905974,2019-03-08
432,1822797.5672444627,0.0003972665217409686,2019-03-09
433,1718829.7079657563,0.0004119004480965404,2019-03-10
434,2468746.532239328,0.0004419315788898363,2019-03-11
435,2363895.784727181,0.0004108488512590972,2019-03-12
436,2061711.1988510126,0.0004021682699699534,2019-03-13
437,2282259.2004169235,0.00037304019106188755,2019-03-14
438,2185804.120412693,0.00037407966472335734,2019-03-15
439,1923937.6366779048,0.0003818234858504894,2019-03-16
440,1748631.6038625797,0.0005569635420486466,2019-03-17
441,2588744.175174615,0.00853017697240256,2019-03-18
442,1897725.6567016798,0.00044489770079403503,2019-03-19
443,2883903.797340902,0.00043529311614291734,2019-03-20
444,2482419.852894595,0.0006283193278370882,2019-03-21
445,2074158.4024595213,0.00047163575455963486,2019-03-22
446,2560722.764750212,0.0004415101592155294,2019-03-23
447,1773236.5440010123,0.00043510651820821987,2019-03-24
448,2854635.1510534612,0.00044461454189741596,2019-03-25
449,2544803.4752529776,0.0004987122245849276,2019-03-26
450,2294762.44341899,0.0005577419876868196,2019-03-27
451,2329108.6285340693,0.0004714663770223385,2019-03-28
452,2580762.573331594,0.0005812989807241204,2019-03-29
453,2518819.6498184004,0.0004481253737330464,2019-03-30
454,2143627.929857279,0.0004351899431834973,2019-03-31
455,2442700.528010929,0.00043877592640240707,2019-04-01
456,4101162.972265502,0.00045871822743107695,2019-04-02
457,4156186.48134302,0.0005112776471944821,2019-04-03
458,2903378.459537319,0.00048209942818863266,2019-04-04
459,2689652.4021355393,0.00039300802564822955,2019-04-05
460,1866839.7868600772,0.00038045141543413476,2019-04-06
461,2403248.748803303,0.00039409572316521707,2019-04-07
462,3791235.0059795487,0.0004451641096569175,2019-04-08
463,3350141.5280562476,0.0004062692290451947,2019-04-09
464,2845016.5708612707,0.0005403445610649768,2019-04-10
465,2939592.4371852186,0.00040232592559610343,2019-04-11
466,2513702.819949959,0.00039349500550240154,2019-04-12
467,1548673.054455826,0.0003728864149386091,2019-04-13
468,1729231.545899519,0.0003507556564796665,2019-04-14
469,2551621.19242812,0.0003441576803414211,2019-04-15
470,2216358.2955594887,0.0003804445945999416,2019-04-16
471,2226678.1327381944,0.00040137583528439735,2019-04-17
472,2631097.309342739,0.00042564897167627534,2019-04-18
473,2304901.0827660994,0.00035356398220751507,2019-04-19
474,1876202.8264033874,0.0002881970508288714,2019-04-20
475,2005420.6549801612,0.00030451048043839997,2019-04-21
476,2403650.3296654704,0.0003422651985833132,2019-04-22
477,2743571.0675980463,0.00037545718607584505,2019-04-23
478,3474017.9948909986,0.00039014302070237956,2019-04-24
479,3154835.162597392,0.00033731825454725916,2019-04-25
480,4522744.433673971,0.00042589778244681394,2019-04-26
481,1913234.9640685206,0.00035004863462371566,2019-04-27
482,2329010.2432105974,0.00034430215924248275,2019-04-28
483,3077766.18442171,0.0003476220068567497,2019-04-29
484,2962548.8097217204,0.0003697021769263091,2019-04-30
485,2615886.6793446434,0.0003255701207037787,2019-05-01
486,2100680.863233114,0.0017382408498057315,2019-05-02
487,2526933.0989941554,0.0003707330218738708,2019-05-03
488,1981858.5175436223,0.0003526809651562123,2019-05-04
489,1861505.9810039862,0.0003448141753035444,2019-05-05
490,2995312.8689683783,0.00036593763440886956,2019-05-06
491,3382862.6182155,0.00038085959385771354,2019-05-07
492,3126573.068229628,0.00036603441811654914,2019-05-08
493,2830078.2805607454,0.000327886986077686,2019-05-09
494,2851505.979058333,0.00033521056365883934,2019-05-10
495,4494546.622998966,0.0003172008912328855,2019-05-11
496,2859391.406157516,0.000307048300315465,2019-05-12
497,3829161.6801347053,0.0003870624173115752,2019-05-13
498,3487397.5875196164,0.0003501895278668793,2019-05-14
499,4363351.331140283,0.00040802222615225146,2019-05-15
500,7022734.826369703,0.0005376118576695112,2019-05-16
501,4602147.535753445,0.00048690660941712533,2019-05-17
502,2279299.7931986884,0.00040780416583428765,2019-05-18
503,2380898.1716340897,0.00036534338274815534,2019-05-19
504,3151750.6945953825,0.0004062145770158387,2019-05-20
505,2834930.538287488,0.00033887069787569605,2019-05-21
506,2866230.0851479406,0.0004226376081735292,2019-05-22
507,3079755.1830642438,0.00038488300276506577,2019-05-23
508,2479094.4427982713,0.0003921908411235027,2019-05-24
509,1859754.975022379,0.0003398729638019078,2019-05-25
510,2432828.3424912714,0.0003198708267030226,2019-05-26
511,3198832.9946885547,0.00044536410551114004,2019-05-27
512,2556471.6753631085,0.00039310575351898276,2019-05-28
513,3758124.6456510345,0.0004027358431520986,2019-05-29
514,3647095.492075375,0.00048290429388414633,2019-05-30
515,3457103.452865236,0.0004939913622542377,2019-05-31
516,1863635.1061115523,0.0004436160932317419,2019-06-01
517,1585976.770764118,0.00029236014941016634,2019-06-02
518,2874119.3619347913,0.0003452477104418143,2019-06-03
519,3280047.687465179,0.0003842989806145898,2019-06-04
520,3421032.6593626942,0.00043936353172451556,2019-06-05
521,2036131.2347463851,0.00037485106887393736,2019-06-06
522,2041021.474175391,0.0003620729689593333,2019-06-07
523,1263633.642732096,0.0004718611176498796,2019-06-08
524,1802595.8962389117,0.0003006071165791015,2019-06-09
525,2490976.8734467914,0.000503266397256343,2019-06-10
526,2195947.8813606156,0.0003468199151100972,2019-06-11
527,2444993.6489959736,0.00025079369491719445,2019-06-12
528,2722365.238680616,0.00035778701669239365,2019-06-13
529,2721889.717771084,0.00035945656567530865,2019-06-14
530,2479319.1810055175,0.0003890640358028449,2019-06-15
531,2300910.3369301124,0.00026836703476940425,2019-06-16
532,2340317.9052848527,0.0004269293046436179,2019-06-17
533,2863624.276323094,0.00040339515288153303,2019-06-18
534,2993138.983729267,0.00038751381578726936,2019-06-19
535,2339758.5210089623,0.00046721502564108565,2019-06-20
536,3023948.365220105,0.0003328615465736699,2019-06-21
537,2814915.0478314394,0.0003489612948789643,2019-06-22
538,2137418.351444936,0.0003355767039507981,2019-06-23
539,2521781.893387367,0.0003851471473508027,2019-06-24
540,2875415.773351712,0.0004699767111685926,2019-06-25
541,3718839.855702917,0.0004795097914127934,2019-06-26
542,3655119.942976598,0.0005731202028984867,2019-06-27
543,2687500.6341882935,0.00045754360444319177,2019-06-28
544,2562684.8600758463,0.00042072065264495286,2019-06-29
545,1963987.1992009813,0.000436198645746981,2019-06-30
546,2442539.0602876153,0.0005017547682445537,2019-07-01
547,2304761.327619741,0.0004143814530922053,2019-07-02
548,2063766.9127475328,0.00040193718476572984,2019-07-03
549,1741811.3010577552,0.00034882259883779146,2019-07-04
550,1630853.5370653167,0.00039238333570061076,2019-07-05
551,1142832.7528792503,0.0003565916645964306,2019-07-06
552,1430862.8274529881,0.00030119239500926183,2019-07-07
553,1771678.4962451125,0.00036811419637212495,2019-07-08
554,4252155.801171789,0.0003419856079394115,2019-07-09
555,2477672.5732276747,0.00032264094078279776,2019-07-10
556,3719547.881399376,0.00046860938457156176,2019-07-11
557,1853217.0854255212,0.00045531076065929006,2019-07-12
558,1033609.5037932661,0.0003608898057483958,2019-07-13
559,2195953.3580264463,0.00039447030782072085,2019-07-14
560,3035771.433756052,0.0004271413310674504,2019-07-15
561,2544972.3490888043,0.0006291872219983349,2019-07-16
562,2780133.316544137,0.0005441923332600504,2019-07-17
563,2392696.792567439,0.00037615942671281476,2019-07-18
564,1976275.6041538687,0.0004751168824153401,2019-07-19
565,1377413.4086680254,0.0003408182271851543,2019-07-20
566,1108227.095205122,0.00033964331956562596,2019-07-21
567,1641721.2240591494,0.00032894585218391927,2019-07-22
568,1564392.8156948274,0.00036710380597789795,2019-07-23
569,1562278.6162112614,0.000502411777762087,2019-07-24
570,1650833.4658044705,0.000485900281069931,2019-07-25
571,2544670.7845764747,0.0003847106457280996,2019-07-26
572,1150365.0954010482,0.00035943042599395023,2019-07-27
573,975064.5314231003,0.00030702162026963073,2019-07-28
574,1711702.777183336,0.0003707216342153544,2019-07-29
575,1716651.9025641386,0.00039974555645421904,2019-07-30
576,1673623.1860119768,0.0004166953377354106,2019-07-31
577,2909963.117581304,0.0005506141028791292,2019-08-01
578,1914727.1622779493,0.00040535979494677496,2019-08-02
579,1254866.2928819498,0.0004690034098199813,2019-08-03
580,968281.3741419128,0.0003254787051121322,2019-08-04
581,2824779.0295726773,0.00033586921298122297,2019-08-05
582,2271186.7583757737,0.00035907783274974906,2019-08-06
583,1775317.0343159428,0.00034953721367595315,2019-08-07
584,2153530.260981973,0.00037405854639193254,2019-08-08
585,1864858.3225586964,0.0003651948607420181,2019-08-09
586,1368314.977905834,0.00032907145767175857,2019-08-10
587,1185616.7708312708,0.0002964522708262934,2019-08-11
588,1514058.761001276,0.00032801164280237374,2019-08-12
589,1646347.2395597678,0.000689512115530716,2019-08-13
590,2268637.0386121357,0.0003507565267350966,2019-08-14
591,2606083.5182840107,0.0004181669625862697,2019-08-15
592,2053560.390063817,0.00034300686795031007,2019-08-16
593,1226097.4985591443,0.00030813550808086445,2019-08-17
594,1236748.1087333336,0.0003269952781736368,2019-08-18
595,1712166.8202382547,0.00044304694111556466,2019-08-19
596,2406079.2055794206,0.00043046184709292395,2019-08-20
597,1778508.769044973,0.0005075352652878577,2019-08-21
598,1794485.0823660286,0.000448868407621857,2019-08-22
599,1804581.3428621509,0.00042171297752848424,2019-08-23
600,1254786.8987828135,0.0003763384501471419,2019-08-24
601,1220890.2649378707,0.0004089383640704031,2019-08-25
602,1864543.7043425085,0.0005062474829372654,2019-08-26
603,1603580.402896206,0.00042761873735383353,2019-08-27
604,1892616.1787502943,0.0004277938061121503,2019-08-28
605,2018123.4529497146,0.00043315932276161595,2019-08-29
606,2025532.854801221,0.0004120431851864966,2019-08-30
607,2463412.79124201,0.00037938698784031487,2019-08-31
608,1214050.254311487,0.00048134497137555733,2019-09-01
609,1781830.6752902644,0.0004681744446679024,2019-09-02
610,2582842.657087059,0.00041650050209764985,2019-09-03
611,1892694.8270015563,0.0004097165108666884,2019-09-04
612,1674709.1368821936,0.0005447315823005879,2019-09-05
613,1815222.2387025657,0.0005394375401348325,2019-09-06
614,1898126.6547627451,0.0005152390815003368,2019-09-07
615,1548967.0195084854,0.0005269259342318079,2019-09-08
616,1933826.045168035,0.0006076832656249655,2019-09-09
617,1480112.0480289871,0.0006475778964734786,2019-09-10
618,1858764.4493048608,0.0006218715085020013,2019-09-11
619,1551702.1087870826,0.0006637158963296081,2019-09-12
620,1948667.2403449847,0.0007124036863727976,2019-09-13
621,1180386.0622084555,0.0007573132225920955,2019-09-14
622,1316772.8559406267,0.0007201098369175021,2019-09-15
623,2329377.329091379,0.000678206562316072,2019-09-16
624,2407165.90512605,0.0008391750758084239,2019-09-17
625,2610632.9426125367,0.0008342643979335249,2019-09-18
626,1942281.3175077527,0.0008896856633788901,2019-09-19
627,1864702.0496405445,0.000871497827851222,2019-09-20
628,1048697.3719996905,0.0007158980196415244,2019-09-21
629,1055296.2303133667,0.0007170979048086168,2019-09-22
630,1782081.9663671572,0.0008391575571490835,2019-09-23
631,3314552.527730687,0.0008605923412774728,2019-09-24
632,2768572.7711020107,0.001200089274099703,2019-09-25
633,2747461.3144899677,0.0007892239690963423,2019-09-26
634,2173477.2968585184,0.0007721923245158518,2019-09-27
635,1595169.9661655508,0.0007039711754091797,2019-09-28
636,1276521.2287358188,0.0007701794970848503,2019-09-29
637,2624328.984393067,0.0006430157868734797,2019-09-30
638,1695903.309568023,0.00041163438740857345,2019-10-01
639,1241985.9592220532,0.00039031706006938983,2019-10-02
640,1001404.2847014209,0.0004566893862674001,2019-10-03
641,1121297.497438912,0.0004421412809773932,2019-10-04
642,859057.2516307367,0.0004042035365340706,2019-10-05
643,957075.6122043312,0.0004193028423985318,2019-10-06
644,1413030.113247815,0.0003942437991067893,2019-10-07
645,1642091.7184539086,0.0004082728153772167,2019-10-08
646,1845356.6984660767,0.0004757135817364503,2019-10-09
647,1452545.7399146566,0.00042025056175063423,2019-10-10
648,1469233.1806344297,0.0004124826878506037,2019-10-11
649,1219766.0128646372,0.00037549798499527607,2019-10-12
650,813886.6525096644,0.00037008449293443396,2019-10-13
651,2080307.1902464954,0.00038019796399407725,2019-10-14
652,1338321.3632436525,0.000379806480086894,2019-10-15
653,1479231.5690531996,0.00038404677725291245,2019-10-16
654,1199977.9009767852,0.00037335346803164647,2019-10-17
655,1515250.3993825412,0.00037095771209613037,2019-10-18
656,876932.5378255681,0.00036896563654645966,2019-10-19
657,1193566.5132904523,0.0004342020885306733,2019-10-20
658,1354930.5278851637,0.000408657553875698,2019-10-21
659,1340951.3335140466,0.00043797529952798624,2019-10-22
660,2547275.884253754,0.0006334459354354551,2019-10-23
661,2468191.003724,0.00042323753816526645,2019-10-24
662,1974217.2060246686,0.00045603241501678265,2019-10-25
663,2312855.6081943493,0.00044782828703556496,2019-10-26
664,1211081.5488542856,0.00039793322545155396,2019-10-27
665,3123147.045490052,0.0004363460514442757,2019-10-28
666,1977829.695123602,0.00043295585797810843,2019-10-29
667,1737024.1968547364,0.00042482840585302147,2019-10-30
668,1712544.029575002,0.00043271628355459927,2019-10-31
669,1398999.310648247,0.00038917798443120614,2019-11-01
670,936118.2586294574,0.0003865033565002043,2019-11-02
671,1053564.4967437806,0.00037902160978055705,2019-11-03
672,1787952.4237883356,0.000406637772672804,2019-11-04
673,2244395.2290638047,0.0003749069852133932,2019-11-05
674,1349647.074357289,0.0003811250819561303,2019-11-06
675,1158868.3641658193,0.000509077102247946,2019-11-07
676,1438254.218471325,0.00037275652250855614,2019-11-08
677,842670.9143929097,0.00037284487877545816,2019-11-09
678,801049.2418046443,0.0003585330643712402,2019-11-10
679,1237148.0422708779,0.0003765428902995759,2019-11-11
680,1676079.1358849385,0.0003928606090678355,2019-11-12
681,1295155.2479532622,0.0004089619671419847,2019-11-13
682,1127389.7258147881,0.00047482464060889573,2019-11-14
683,1486952.1486590079,0.00038950754287843495,2019-11-15
684,848086.0300699202,0.00034648297291974066,2019-11-16
685,786730.5171888998,0.0003556734244581927,2019-11-17
686,1387377.409211589,0.0009201695207369384,2019-11-18
687,1453558.1188351877,0.00038312312502084223,2019-11-19
688,1325093.8787316366,0.00040500802042423337,2019-11-20
689,1920462.3757982524,0.0004991503688889675,2019-11-21
690,3348015.328579574,0.0006793732474709584,2019-11-22
691,1232867.2389081162,0.0003668346890986194,2019-11-23
692,1053198.2393359796,0.00041630791444405925,2019-11-24
693,2898894.257269544,0.0005629130177164798,2019-11-25
694,1344516.5506744199,0.0004677369193571936,2019-11-26
695,2246104.855053117,0.00042446394612540266,2019-11-27
696,2053028.427992312,0.00041007118741934493,2019-11-28
697,1381890.790868039,0.00035807825896091734,2019-11-29
698,1305762.1580500794,0.0003470567091004148,2019-11-30
699,833153.9606005913,0.00046052495815566903,2019-12-01
700,1710219.1482364628,0.00040493067784981183,2019-12-02
701,1267637.8917653624,0.00039749428064138353,2019-12-03
702,1392485.0849867233,0.000403233069744021,2019-12-04
703,1373198.4571977977,0.0003634101431342016,2019-12-05
704,1408016.0070540374,0.000354666603187866,2019-12-06
705,753111.919988481,0.00031834866230750467,2019-12-07
706,554146.8189786223,0.0002520669782140907,2019-12-08
707,1141349.7223102697,0.00028878683466204745,2019-12-09
708,1553897.163478618,0.00032013130942604986,2019-12-10
709,889498.1308927283,0.0004994722126296802,2019-12-11
710,1179258.235636606,0.0003801240662683935,2019-12-12
711,1091153.0162053017,0.0003773463249754175,2019-12-13
712,796394.8536437623,0.00039196136276194805,2019-12-14
713,649297.7658835687,0.0004026457888522428,2019-12-15
714,1554782.2614391698,0.0004013347890658431,2019-12-16
715,2663373.3094884655,0.0004521433674295238,2019-12-17
716,3064677.9528555595,0.0005602931936871644,2019-12-18
717,3267441.9058373384,0.0004016532904565155,2019-12-19
718,1354526.971401833,0.0003851083699292994,2019-12-20
719,845500.9514564984,0.00036109476099949227,2019-12-21
720,806616.5730701815,0.00036636810041527657,2019-12-22
721,1808351.866837205,0.00039674688549175583,2019-12-23
722,1210610.1465240133,0.0003877738433443878,2019-12-24
723,1456018.507530071,0.00041691059036092794,2019-12-25
724,1162588.9901930194,0.00036829115927699776,2019-12-26
725,1257134.660749475,0.00034494827986403877,2019-12-27
726,986389.8647375384,0.0003252411437988808,2019-12-28
727,1018138.5712748093,0.0003205209592448243,2019-12-29
728,1454101.6114210144,0.00031253233027309736,2019-12-30
729,2072293.1388400292,0.00044009236636381,2019-12-31
730,615945.1746181983,0.0003221239333858555,2020-01-01
731,1116111.0052661258,0.0003009838075835408,2020-01-02
732,1851024.1557025576,0.0003010837880111897,2020-01-03
733,1131728.9015479595,0.00024710760984552303,2020-01-04
734,898623.7294843481,0.0002609027622378741,2020-01-05
735,1640589.9193963704,0.0002986496407929496,2020-01-06
736,1401854.3008760882,0.00031569310409379486,2020-01-07
737,1935802.1959803267,0.0003280372516511946,2020-01-08
738,1338017.2410162769,0.0003161309868603127,2020-01-09
739,1317911.0795866284,0.00035966257836258185,2020-01-10
740,1350201.807252517,0.0003322947036252184,2020-01-11
741,993134.8476985977,0.0003344241468154401,2020-01-12
742,1431032.847805489,0.0003232125299487295,2020-01-13
743,2592015.4735734095,0.0005606193630360802,2020-01-14
744,2087704.206813332,0.0003289651234713095,2020-01-15
745,1686739.402658158,0.0002704479045762074,2020-01-16
746,1581878.3757352608,0.0003314504780096493,2020-01-17
747,1705275.7005711603,0.0003086424349539028,2020-01-18
748,1180124.0706951846,0.0003003743697480478,2020-01-19
749,1057091.8551655558,0.00029671449207789347,2020-01-20
750,984609.7482206777,0.00028111032427997326,2020-01-21
751,921527.2900322777,0.0002878087645473468,2020-01-22
752,1113074.704317865,0.0002561276141430397,2020-01-23
753,1499031.5258171465,0.000303423881965674,2020-01-24
754,449222.7329117609,0.0002461092173061727,2020-01-25
755,613717.0194797128,0.0002654004328318036,2020-01-26
756,1079732.3762448758,0.0002767652777181747,2020-01-27
757,1188144.0609250693,0.0002839903954522599,2020-01-28
758,1263752.1793992056,0.0002816243760552074,2020-01-29
759,1357192.644276162,0.00030412815683633144,2020-01-30
760,1912738.4271438315,0.00030223933360655925,2020-01-31
761,1094187.1620929237,0.00030032355812382154,2020-02-01
762,1098241.6858809502,0.00027442602078055184,2020-02-02
763,1315653.02395709,0.0002756923895500158,2020-02-03
764,1569184.1207087203,0.0003475849466488342,2020-02-04
765,1576955.6411639978,0.0003352085992973692,2020-02-05
766,2313353.902792935,0.0003907929483636862,2020-02-06
767,2406058.0732048987,0.00037159497347399775,2020-02-07
768,1291717.2888224763,0.00033996554215951885,2020-02-08
769,1310580.8392595255,0.00030020754487079923,2020-02-09
770,1821774.1681710687,0.00031442489784943743,2020-02-10
771,1435328.1082011068,0.0003039309648263916,2020-02-11
772,2762795.7286033803,0.00035869550365329433,2020-02-12
773,2301908.566189799,0.0003939834254664741,2020-02-13
774,1906917.7851569129,0.00037449729173033515,2020-02-14
775,1880175.9009708904,0.0003690952373055416,2020-02-15
776,1672352.154004569,0.00037489944018253863,2020-02-16
777,2666616.0749572045,0.0003651649934169213,2020-02-17
778,2257510.6542405426,0.0003289262081939018,2020-02-18
779,1772044.3905531554,0.00034820578381633153,2020-02-19
780,2265546.3759291503,0.0003475149816004645,2020-02-20
781,1706633.5565917462,0.0002915392859762462,2020-02-21
782,923837.9374278735,0.00030671563159578104,2020-02-22
783,1243176.2130694115,0.0003865311409842251,2020-02-23
784,1704871.7040026214,0.00036276580029987333,2020-02-24
785,1869801.5848014422,0.00035233161177798043,2020-02-25
786,2845247.829444073,0.0004071283981679918,2020-02-26
787,2674979.9193124087,0.0003612167064011932,2020-02-27
788,1799090.7702096961,0.00034528785403485824,2020-02-28
789,1149899.6007504934,0.00030313046477270766,2020-02-29
790,1652311.8073672787,0.00033841702517814113,2020-03-01
791,2519388.0200308636,0.0003170699754652975,2020-03-02
792,1758695.5946403416,0.00034279890904587347,2020-03-03
793,1486282.7627189753,0.00033843104350324234,2020-03-04
794,1733072.5031051994,0.00035849305394002864,2020-03-05
795,1862173.223047532,0.0003603306723086725,2020-03-06
796,1185232.181127206,0.00033742752928450723,2020-03-07
797,1869233.628938116,0.00041162296026666696,2020-03-08
798,3827401.9849207625,0.00045545794712295286,2020-03-09
799,2622809.3423774014,0.0003963856617201029,2020-03-10
800,2442104.3484088606,0.0004227775950842703,2020-03-11
801,9222032.851643372,0.0023566171133633904,2020-03-12
802,8175603.1019484745,0.0022615519709292043,2020-03-13
803,3171747.6780717126,0.0004929638637113464,2020-03-14
804,3125722.2088813935,0.000418394351886899,2020-03-15
805,6250756.8244376965,0.0008786881056920398,2020-03-16
806,3322504.34469464,0.0005057031474631536,2020-03-17
807,2767126.8589143963,0.00044951173890285127,2020-03-18
808,3811219.39607517,0.0005756394720689206,2020-03-19
809,3760887.7391802124,0.0004916303850738661,2020-03-20
810,1685189.532002669,0.0003767511914339153,2020-03-21
811,1733288.2566350186,0.00036233376601257596,2020-03-22
812,2629250.293171036,0.000410609571805158,2020-03-23
813,4365082.033434121,0.0003855239201161964,2020-03-24
814,2310429.2689616047,0.0003884378468949581,2020-03-25
815,2110298.1456038435,0.00033522057335657473,2020-03-26
816,1713499.2413991555,0.0003323179414617716,2020-03-27
817,1872736.161340629,0.00034621785597384314,2020-03-28
818,1211018.2465689813,0.0003131605541422715,2020-03-29
819,1648135.1745278644,0.0003408122126019551,2020-03-30
820,2080070.4641057102,0.00039507909136204185,2020-03-31
821,1425230.6858903694,0.00038724212542893134,2020-04-01
822,2229788.4205020177,0.00042404434160210283,2020-04-02
823,2202461.224311718,0.00040238282302887786,2020-04-03
824,1184794.0548961363,0.0003684280089337138,2020-04-04
825,962548.9602217186,0.0003479876140162945,2020-04-05
826,2698077.5678909584,0.00045041207995014977,2020-04-06
827,2813136.085903581,0.0004358287713096751,2020-04-07
828,1827081.306619383,0.00035329561543099317,2020-04-08
829,1526755.8707751734,0.00041497828331172416,2020-04-09
830,3086283.8538163416,0.00041870147209738923,2020-04-10
831,993770.9752207273,0.00040724476847947886,2020-04-11
832,1076219.9639393059,0.00032211841271952987,2020-04-12
833,2106144.9037950085,0.00037796278509174424,2020-04-13
834,1365479.5805099702,0.0003851595984786746,2020-04-14
835,1376860.9832935142,0.00037256160660800703,2020-04-15
836,2726362.222637525,0.0004848245356815319,2020-04-16
837,1678694.5654216642,0.00040055947019117813,2020-04-17
838,1727878.2612703657,0.00043005274159945073,2020-04-18
839,1435712.2932042412,0.0003962771006076348,2020-04-19
840,2547287.2911662785,0.0004570017207830319,2020-04-20
841,2129461.004923691,0.0005079170521711278,2020-04-21
842,1966711.2503364978,0.0005049087570954274,2020-04-22
843,2160102.703353028,0.000479238592017884,2020-04-23
844,3368040.2574643376,0.00047871435158088543,2020-04-24
845,1454353.3755683291,0.0004139467129031279,2020-04-25
846,1359704.5680398657,0.00044911879543683525,2020-04-26
847,2068679.9807043534,0.0004618361113049107,2020-04-27
848,1297950.681598986,0.0004326195904136855,2020-04-28
849,2662431.2923998483,0.0006547484765693581,2020-04-29
850,3122832.8999551134,0.0007969934148756611,2020-04-30
851,1454208.8420859636,0.0005129085178845394,2020-05-01
852,1210156.6992402035,0.00043464687398246546,2020-05-02
853,1248328.0899733924,0.0004465889679209293,2020-05-03
854,1677808.7443630171,0.000556444541776417,2020-05-04
855,1609655.801073939,0.0005792113303509625,2020-05-05
856,2189316.3034669315,0.000643028729012568,2020-05-06
857,2999031.6369304517,0.0007589199900425045,2020-05-07
858,2183994.1068161516,0.0007501470311107581,2020-05-08
859,1460323.1176711908,0.0006219907256825604,2020-05-09
860,3232915.852894894,0.0010318364668176181,2020-05-10
861,2384783.279014568,0.0008310108422371044,2020-05-11
862,2412291.59609672,0.0009362471879763719,2020-05-12
863,2488153.7343950747,0.0013887901170357468,2020-05-13
864,2257181.610428388,0.0018622297995841604,2020-05-14
865,1922180.0199554563,0.001127232405908529,2020-05-15
866,1258705.1331821294,0.000998443466192848,2020-05-16
867,1340470.9063843272,0.0012139957854829734,2020-05-17
868,2098206.3483105376,0.001418227976276367,2020-05-18
869,1579621.714902319,0.0013479740198880535,2020-05-19
870,1660753.2573566039,0.0014852006790434336,2020-05-20
871,1999800.4163562725,0.0022543859298043262,2020-05-21
872,1853060.9066135318,0.0014545762787216195,2020-05-22
873,1653608.2715961067,0.0010237476811767003,2020-05-23
874,1230664.1239039716,0.001262551913704257,2020-05-24
875,1524710.3920623362,0.0015541514975038228,2020-05-25
876,1881283.7134195382,0.0016246237051200459,2020-05-26
877,1518783.7697428293,0.002089225885505013,2020-05-27
878,2100374.6349044745,0.001746619706233099,2020-05-28
879,2584676.7947817007,0.0014840465563136966,2020-05-29
880,2433386.301196121,0.0014444339619037545,2020-05-30
881,2169779.7352891224,0.001214886995333551,2020-05-31
882,2089672.8740737173,0.0013636446723271278,2020-06-01
883,3730634.482776035,0.0014417150341148417,2020-06-02
884,1507534.1985830658,0.0013081785545931515,2020-06-03
885,1576949.6150710098,0.0013539329905196528,2020-06-04
886,1887890.7125566797,0.0013608001222204893,2020-06-05
887,905534.9119372243,0.0015016261674082058,2020-06-06
888,1130968.220523591,0.001592625657769481,2020-06-07
889,1564253.7211954356,0.0016073032993066912,2020-06-08
890,1639105.85992124,0.0016617489519349363,2020-06-09
891,1852995.9475219431,0.03173218983490283,2020-06-10
892,2365454.45852687,0.036752656717254126,2020-06-11
893,1625061.0370008443,0.001699637958918746,2020-06-12
894,839294.4716325745,0.0013225809183907153,2020-06-13
895,1005181.6110895895,0.00119923983224722,2020-06-14
896,2614433.795731373,0.0018935926846235832,2020-06-15
897,1633196.452784489,0.0019762274464590886,2020-06-16
898,1621610.260053547,0.002084281785450096,2020-06-17
899,1827052.2461538664,0.0018404981780333258,2020-06-18
900,1937963.6678763025,0.0019303276202236274,2020-06-19
901,1039775.607509711,0.001528903775704793,2020-06-20
902,1509529.1187373577,0.0015374832095466314,2020-06-21
903,2497769.8996092426,0.001962501321644816,2020-06-22
904,2374216.4494502214,0.002198465632986599,2020-06-23
905,4172692.5846951082,0.002408341609059854,2020-06-24
906,5630969.251349793,0.0022854246929021943,2020-06-25
907,2795839.6851198114,0.0020597001960188,2020-06-26
908,1816128.345402197,0.002041857718831359,2020-06-27
909,1341409.3426526913,0.0019543924723785127,2020-06-28
910,1555099.936869134,0.0020052933807283243,2020-06-29
911,1989193.518145345,0.0024975434574896686,2020-06-30
912,1826827.8347328338,0.002615353914398588,2020-07-01
913,1804609.4970445975,0.0022945884976183764,2020-07-02
914,1796690.334378168,0.002408206737455961,2020-07-03
915,1193300.9791779874,0.0018855317277265595,2020-07-04
916,1011067.5093816749,0.0018259457680613106,2020-07-05
917,2241020.1449384345,0.0021364587604467762,2020-07-06
918,2263533.4387862566,0.0021809866787283775,2020-07-07
919,3159049.2480952586,0.0026406493495527124,2020-07-08
920,2418137.163661482,0.002555892041049555,2020-07-09
921,2448522.575904943,0.0020490341377646915,2020-07-10
922,1092715.2305671931,0.001813675033063865,2020-07-11
923,1229383.4073343272,0.0016931084316804841,2020-07-12
924,2492486.780290385,0.002486569667881853,2020-07-13
925,3177589.635258863,0.0022697062145092856,2020-07-14
926,1870309.255481226,0.0029779981193414403,2020-07-15
927,2191332.631894238,0.0033677979802426016,2020-07-16
928,1873579.1402503622,0.0033102542822021565,2020-07-17
929,1328639.5056406555,0.002896375392694149,2020-07-18
930,1614195.1391722544,0.0029404564499790754,2020-07-19
931,2214637.0954539194,0.00340801135603143,2020-07-20
932,2334555.7075714767,0.003775530398990294,2020-07-21
933,2913939.2364483494,0.0036569534268948837,2020-07-22
934,5089242.750561527,0.003935342375422578,2020-07-23
935,3042305.537675842,0.004036904497161347,2020-07-24
936,2829573.224311944,0.004209683289129297,2020-07-25
937,3340972.0787232723,0.003779093784335188,2020-07-26
938,4857647.488023381,0.004307707311077382,2020-07-27
939,3235841.926012092,0.0034741413782612197,2020-07-28
940,3029478.4584884522,0.004124114709757488,2020-07-29
941,3181053.4876001994,0.0037134811392362647,2020-07-30
942,3334772.067825588,0.003985956291534088,2020-07-31
943,3045970.2125905748,0.003155925265217038,2020-08-01
944,3274652.8855945687,0.003586967253508529,2020-08-02
945,3206680.052404768,0.0031983186161730305,2020-08-03
946,3347868.4203648493,0.002867391994081718,2020-08-04
947,2415653.829745762,0.002642744656033329,2020-08-05
948,2442973.6727747014,0.002855436146097974,2020-08-06
949,2835660.439710079,0.003515132765727887,2020-08-07
950,1610743.7914856737,0.0035105577044330545,2020-08-08
951,1838823.5249684209,0.004039567625206829,2020-08-09
952,3222797.982649694,0.005665472730364581,2020-08-10
953,3016989.1927907052,0.006303208415381959,2020-08-11
954,4124717.4474591063,0.009699873159242351,2020-08-12
955,3882782.7167504127,0.01069260724677646,2020-08-13
956,4484779.941377965,0.008760009750271127,2020-08-14
957,2179891.737749958,0.005847347700202477,2020-08-15
958,2056392.0113178478,0.005292091664405701,2020-08-16
959,2926318.6207059976,0.005393184294032582,2020-08-17
960,2884588.85054348,0.006303052813714854,2020-08-18
961,2947039.233795147,0.006251843236987103,2020-08-19
962,2980222.034485676,0.005693424316488387,2020-08-20
963,3075141.9717441867,0.00710493613825739,2020-08-21
964,2139387.7215872807,0.005359668845246827,2020-08-22
965,1482161.6172729002,0.00434566546647065,2020-08-23
966,2829945.8073210004,0.005104358991642562,2020-08-24
967,2760317.8650601837,0.00514382930059978,2020-08-25
968,2796353.622133448,0.004459765515110449,2020-08-26
969,2275952.067446471,0.004671895965013071,2020-08-27
970,3391488.954204401,0.004600999630032523,2020-08-28
971,2674728.288525763,0.005171868155521491,2020-08-29
972,3361194.6070626294,0.010499095767687584,2020-08-30
973,5340755.785810379,0.011160087806517557,2020-08-31
974,6617859.605030762,0.019170529847077466,2020-09-01
975,6399304.956076132,0.02069843053407086,2020-09-02
976,6251646.636931131,0.016775327936734672,2020-09-03
977,6376172.069790176,0.010003113067869213,2020-09-04
978,6203865.440009333,0.011926509087975708,2020-09-05
979,5060523.07804797,0.006466920069807939,2020-09-06
980,4124906.6286529615,0.005412038595608327,2020-09-07
981,3835324.2673073253,0.004948571480612454,2020-09-08
982,4246685.718063192,0.005718353393743378,2020-09-09
983,5605125.126980439,0.008239099563666044,2020-09-10
984,4830492.062406015,0.007105722952536123,2020-09-11
985,4249966.6733996775,0.005198125085609393,2020-09-12
986,4212868.070569763,0.005952763735018165,2020-09-13
987,5342845.212288524,0.008836592882353275,2020-09-14
988,4302767.696643247,0.007918913593971991,2020-09-15
989,4695207.954560937,0.006668215710899999,2020-09-16
990,5800356.512780112,0.01660045967999231,2020-09-17
991,6537696.360582189,0.012399899433638497,2020-09-18
992,3417224.6461785547,0.007986655462604885,2020-09-19
993,3408591.5887085143,0.005742642327557286,2020-09-20
994,4960435.14521625,0.006950741758174917,2020-09-21
995,3622771.2930503613,0.007135300352330502,2020-09-22
996,4275785.604716355,0.0055632047660401605,2020-09-23
997,3502827.556184255,0.004563201995873743,2020-09-24
998,3012888.0719791907,0.004532370655599179,2020-09-25
999,2281834.87407708,0.0040169465507136175,2020-09-26
1000,2524513.478121721,0.004160669579152439,2020-09-27
1001,3161584.3841957655,0.005376824788581228,2020-09-28
1002,3477673.475153722,0.006516496515602155,2020-09-29
1003,3678682.944314461,0.005331678837739864,2020-09-30
1004,3735904.3251732946,0.0043888323937359055,2020-10-01
1005,3284418.7659388133,0.004257723206649036,2020-10-02
1006,1793523.9029578995,0.003615262279340299,2020-10-03
1007,1667917.7966833478,0.003693911058354452,2020-10-04
1008,2463726.7693145922,0.00409649199897985,2020-10-05
1009,2523248.437251988,0.00519486944724475,2020-10-06
1010,3404151.3966371138,0.003651330343415535,2020-10-07
1011,2898409.135780056,0.0035618007939334805,2020-10-08
1012,3197247.308467442,0.0034623259201938404,2020-10-09
1013,2279463.2982940236,0.0027398772082526785,2020-10-10
1014,1877433.4733500122,0.002297136125889195,2020-10-11
1015,2973625.7729280097,0.0033624662363848246,2020-10-12
1016,2506578.720639614,0.0034922748838995474,2020-10-13
1017,3399241.8857964776,0.0035399542009528348,2020-10-14
1018,2421967.9841908235,0.0030572268941720755,2020-10-15
1019,2885533.230665742,0.0026266975967986768,2020-10-16
1020,1448976.1223232192,0.0015538395974107817,2020-10-17
1021,1380376.392246313,0.0015789406122196778,2020-10-18
1022,2212220.445672853,0.002422182149069301,2020-10-19
1023,2271954.878722489,0.0027420721361909946,2020-10-20
1024,3705669.1923538093,0.0033835304785103304,2020-10-21
1025,3712772.426701506,0.0027666034359301248,2020-10-22
1026,2864895.473752354,0.002902945062017135,2020-10-23
1027,1779280.3650282195,0.0014108654700887365,2020-10-24
1028,1386994.4463382207,0.0018294216109049524,2020-10-25
1029,3238331.9501355537,0.0023644154588622324,2020-10-26
1030,2703483.933559812,0.0019313285401319318,2020-10-27
1031,3389910.083027414,0.002749662159469132,2020-10-28
1032,2168819.5556277805,0.003195995390855536,2020-10-29
1033,3203276.322719361,0.002743461426610762,2020-10-30
1034,1925750.4138733868,0.0018502427505202891,2020-10-31
1035,1497040.7977398953,0.0015639973986413091,2020-11-01
1036,3281261.3374585607,0.002612083017544827,2020-11-02
1037,2867759.5124596083,0.0020447163509801393,2020-11-03
1038,3314048.463957753,0.0014591508319649709,2020-11-04
1039,3907761.931604068,0.0020627223546049876,2020-11-05
1040,4214160.035402028,0.002453906470795882,2020-11-06
1041,3531558.182421119,0.002197418735933528,2020-11-07
1042,1556043.663776721,0.001345683492216577,2020-11-08
1043,2721502.0760560576,0.0017947088328009926,2020-11-09
1044,2535611.7915794975,0.0020690399125905794,2020-11-10
1045,3048258.069148339,0.002116748437028709,2020-11-11
1046,3892157.809879791,0.002376283138115405,2020-11-12
1047,3159080.07112794,0.0022571768035221746,2020-11-13
1048,1848399.5627476897,0.001410812082452665,2020-11-14
1049,1633674.8815884439,0.0014937043211965188,2020-11-15
1050,2569178.161843649,0.0018733345575698052,2020-11-16
1051,4003257.1163875633,0.002965727066699421,2020-11-17
1052,4097159.019605708,0.0030652733299386193,2020-11-18
1053,2941276.8435116396,0.0019108454665982995,2020-11-19
1054,3553731.004406557,0.0026462367510793916,2020-11-20
1055,4278861.579526619,0.002601127964365765,2020-11-21
1056,3414484.1465637283,0.002546201426621295,2020-11-22
1057,4435870.2467348445,0.0029526544453182184,2020-11-23
1058,5028114.181695109,0.0034050854786269263,2020-11-24
1059,2882304.775401461,0.0022288085175972213,2020-11-25
1060,4938484.653634942,0.004678803026889805,2020-11-26
1061,3178879.211412023,0.0017003119582669523,2020-11-27
1062,1683858.963821709,0.0011992472525004013,2020-11-28
1063,1750715.371052741,0.0009724136488902907,2020-11-29
1064,3253107.3493861156,0.0027023927707112263,2020-11-30
1065,4035320.1170291416,0.0029777357795663004,2020-12-01
1066,2402660.0669928277,0.0017218048257255985,2020-12-02
1067,2349782.520321417,0.0017577601451075882,2020-12-03
1068,2585675.075606946,0.001984921473427407,2020-12-04
1069,1774879.8668021164,0.0014931924274249168,2020-12-05
1070,1535323.176235166,0.0016390354255794053,2020-12-06
1071,2704579.314193248,0.0019613884282280074,2020-12-07
1072,2501790.012717172,0.002453365638140714,2020-12-08
1073,3313514.3570450065,0.0025852123490702882,2020-12-09
1074,2962587.355708099,0.002410021673346171,2020-12-10
1075,2910095.7679235623,0.002633015240713603,2020-12-11
1076,1721818.4547064428,0.0017007369246618026,2020-12-12
1077,1637198.46933804,0.001761227394660424,2020-12-13
1078,2081160.6391466397,0.002268191400500224,2020-12-14
1079,2393836.3684778907,0.0032777650554161103,2020-12-15
1080,3227075.2583294036,0.0029447564401947563,2020-12-16
1081,4808677.948049636,0.004497941977143175,2020-12-17
1082,3011560.2497829227,0.0026056998346221123,2020-12-18
1083,2963155.4742805236,0.002776030445843279,2020-12-19
1084,1743909.71301911,0.0019370746410937766,2020-12-20
1085,3394212.9459045148,0.0032804152283125512,2020-12-21
1086,3019806.1965906844,0.002684235604509616,2020-12-22
1087,2787869.770919129,0.003796304868701265,2020-12-23
1088,2826465.316743245,0.003171989788274669,2020-12-24
1089,1737536.0959608578,0.0036750477683030612,2020-12-25
1090,1956575.2987260977,0.0026879999465437027,2020-12-26
1091,3336877.0724137556,0.003519678784316627,2020-12-27
1092,3547398.906594683,0.003918188744190251,2020-12-28
1093,4090477.447438021,0.0033693035629197847,2020-12-29
1094,3626024.459352322,0.00386813641058846,2020-12-30
1095,3003049.306892081,0.003594111513638686,2020-12-31
1096,2485365.4827243974,0.002507080506793136,2021-01-01
1097,2538941.142677365,0.00360604009568544,2021-01-02
1098,5777347.838730062,0.006067426348487844,2021-01-03
1099,7549099.272297028,0.007897610790181581,2021-01-04
1100,4720089.782615577,0.004710071736773827,2021-01-05
1101,5608132.5696803685,0.004019609830940241,2021-01-06
1102,5603748.682776845,0.003927508606206079,2021-01-07
1103,5897191.016422003,0.004360233976408339,2021-01-08
1104,3173109.8798705237,0.0030608610335812396,2021-01-09
1105,3345674.6321372883,0.002844992954709814,2021-01-10
1106,6694284.248482033,0.006850350002386061,2021-01-11
1107,3629415.553441089,0.003078604631689517,2021-01-12
1108,3859618.1300134473,0.002372224246103241,2021-01-13
1109,6605437.484024989,0.0028753462317522138,2021-01-14
1110,3712767.4358655633,0.0029996940401127103,2021-01-15
1111,2845170.4406954083,0.0027544198302105923,2021-01-16
1112,2380353.32240029,0.0022378012162610613,2021-01-17
1113,2856536.4468023395,0.0025287715962915795,2021-01-18
1114,5429715.633051068,0.0032419572874552746,2021-01-19
1115,5756336.673835911,0.0027331041131829015,2021-01-20
1116,4352329.88022805,0.004134001270303914,2021-01-21
1117,4598738.377291642,0.004258421167992718,2021-01-22
1118,2429675.174343059,0.0028416945232462004,2021-01-23
1119,3071417.3568392955,0.002936220099111041,2021-01-24
1120,3966857.113489702,0.003784751229799149,2021-01-25
1121,3965438.5083345,0.002970700281496871,2021-01-26
1122,3919288.071251752,0.0035945547143213076,2021-01-27
1123,3366112.897195911,0.0034411624831221107,2021-01-28
1124,5228656.706561644,0.0043530426072591385,2021-01-29
1125,3223397.641026205,0.004093899992359023,2021-01-30
1126,2964126.458035572,0.004907500122132833,2021-01-31
1127,3128694.032430951,0.005406331476019537,2021-02-01
1128,4966276.475883944,0.005948863975906978,2021-02-02
1129,4676157.530908692,0.005741642756256338,2021-02-03
1130,5010009.662994809,0.007605798376962661,2021-02-04
1131,4222347.051578227,0.008322368586128769,2021-02-05
1132,3424582.078980522,0.005807456710324757,2021-02-06
1133,2924829.756380714,0.005700398509562999,2021-02-07
1134,3963873.823971915,0.00697466112609023,2021-02-08
1135,3560702.835240172,0.007940360189986475,2021-02-09
1136,3552341.1589262034,0.006874540091170676,2021-02-10
1137,2988978.387804658,0.005896720625462725,2021-02-11
1138,3285235.913978612,0.006130754235688193,2021-02-12
1139,2191387.410885072,0.006611318935594172,2021-02-13
1140,2127518.7695990787,0.005392511420577585,2021-02-14
1141,2714798.208158535,0.006290600774249852,2021-02-15
1142,2784345.586555398,0.006321304106254011,2021-02-16
1143,3116898.592609136,0.006130210604742865,2021-02-17
1144,3718956.13607973,0.006197292003443557,2021-02-18
1145,3001089.647887764,0.006183972940370388,2021-02-19
1146,3505422.11360314,0.006287247965005733,2021-02-20
1147,2299142.157503818,0.004981942615494412,2021-02-21
1148,4120744.2682958716,0.0087798836196769,2021-02-22
1149,6965692.167421478,0.010468552979992087,2021-02-23
1150,3861276.4466236597,0.006946485259147092,2021-02-24
1151,3310924.0177414306,0.005587159115962086,2021-02-25
1152,4138174.613781796,0.005303082583357289,2021-02-26
1153,2548199.189564662,0.0042276344036755505,2021-02-27
1154,3338440.8682996887,0.004287253401640876,2021-02-28
1155,3320086.6024057004,0.004613029933131644,2021-03-01
1156,3116879.0587896407,0.004419291177646398,2021-03-02
1157,2658741.955922725,0.0044895585036123726,2021-03-03
1158,3050175.9491087743,0.0038632127578109403,2021-03-04
1159,2757923.8218214894,0.005279135642394832,2021-03-05
1160,2712323.4115449884,0.003553334556074775,2021-03-06
1161,5159752.769923994,0.005029594144213934,2021-03-07
1162,3186940.993786295,0.005052406941095457,2021-03-08
1163,3139200.0826082323,0.004920197526973412,2021-03-09
1164,2999222.2614310547,0.0048620749011102325,2021-03-10
1165,3082575.8831074345,0.004479885818147176,2021-03-11
1166,3863725.643936086,0.006063344569897341,2021-03-12
1167,2364089.9772694134,0.005864350753406088,2021-03-13
1168,1693657.859723779,0.0057627078306717976,2021-03-14
1169,3576074.23960825,0.006969962474537276,2021-03-15
1170,3057105.724766671,0.006986448614634711,2021-03-16
1171,2818378.0284665804,0.0075420418853063866,2021-03-17
1172,2545042.7719118255,0.006632007214669068,2021-03-18
1173,2176220.2967694593,0.005847452955827433,2021-03-19
1174,1776789.8571483835,0.005430316878827736,2021-03-20
1175,1948727.8992862934,0.00552925944179269,2021-03-21
1176,2707301.8272117786,0.006821052872562055,2021-03-22
1177,2485137.922278198,0.0058199999288764655,2021-03-23
1178,2485995.158167658,0.006202127678080306,2021-03-24
1179,4190019.6982785165,0.006005427264792958,2021-03-25
1180,2832304.522287111,0.005498379361278111,2021-03-26
1181,1892054.9393047593,0.004645514723971934,2021-03-27
1182,1622926.7242621032,0.004895072943138363,2021-03-28
1183,3013712.753470877,0.005711251537210937,2021-03-29
1184,3305113.7848103405,0.006121513951871602,2021-03-30
1185,3461101.3475537156,0.007591885219101143,2021-03-31
1186,2958955.923871733,0.006645897843829253,2021-04-01
1187,4169291.776606503,0.0063809888768001895,2021-04-02
1188,4249934.532361003,0.0050274776757786655,2021-04-03
1189,2103036.8895203397,0.004158831608282531,2021-04-04
1190,3539030.5505540557,0.005367557756064678,2021-04-05
1191,2843676.1624910086,0.00530672046946376,2021-04-06
1192,2982614.2702216436,0.005520233579469282,2021-04-07
1193,2694713.1902063927,0.004423135153866948,2021-04-08
1194,2512980.986033012,0.004230154463407033,2021-04-09
1195,2487618.6036851625,0.0034436043024038236,2021-04-10
1196,1813861.3339221852,0.002995788266743151,2021-04-11
1197,2559607.90968436,0.003573330681913754,2021-04-12
1198,3364175.605586895,0.00401170312950767,2021-04-13
1199,3833322.0951897115,0.00447536393511178,2021-04-14
1200,2426151.335277276,0.003721089523312761,2021-04-15
1201,3661564.4067953136,0.005951254284306365,2021-04-16
1202,2608031.3083341974,0.005009966208086343,2021-04-17
1203,5495776.021631277,0.005290770431600427,2021-04-18
1204,3180296.8255624054,0.006408364361847445,2021-04-19
1205,2850623.773335126,0.008786540830747773,2021-04-20
1206,3419949.3648250224,0.005850349720316928,2021-04-21
1207,4972094.046430554,0.004922107616566198,2021-04-22
1208,4386877.073801194,0.004262212415815696,2021-04-23
1209,2159194.5046540834,0.0024862941498200023,2021-04-24
1210,1965398.5150506843,0.002067023431338113,2021-04-25
1211,2903252.641366185,0.0022338811270775274,2021-04-26
1212,3105238.3422363475,0.002361579411474249,2021-04-27
1213,3464425.5429947767,0.002817375819975726,2021-04-28
1214,3200511.988689735,0.0025646671949494586,2021-04-29
1215,3080939.938101687,0.002253566666458838,2021-04-30
1216,2341424.5016380562,0.0020446501223714366,2021-05-01
1217,1736555.8668558178,0.0015756785342204214,2021-05-02
1218,4021227.1620830116,0.0025392529954652,2021-05-03
1219,4780762.232219704,0.0024167923001731447,2021-05-04
1220,3607844.89225382,0.0022737246590054405,2021-05-05
1221,2961010.9972624597,0.0023522345219629866,2021-05-06
1222,3619047.15535812,0.00251313536478546,2021-05-07
1223,3335840.7209364763,0.005033321571004697,2021-05-08
1224,2602879.2867086967,0.004747094905117959,2021-05-09
1225,4904199.560933882,0.009128135078238534,2021-05-10
1226,4459259.325029247,0.011948529900788485,2021-05-11
1227,4536750.842275186,0.011196063120783981,2021-05-12
1228,5497589.329189573,0.006326534978180001,2021-05-13
1229,3305759.5587183447,0.005453320539891194,2021-05-14
1230,2337867.578240683,0.004046208616827033,2021-05-15
1231,2791397.93890804,0.0033833703594952995,2021-05-16
1232,4394849.16834951,0.0038169771368691194,2021-05-17
1233,3280452.536602726,0.0038292447534333156,2021-05-18
1234,9910894.484712273,0.008439948883863489,2021-05-19
1235,7766224.0064365305,0.004265184248261081,2021-05-20
1236,5336876.126728175,0.004044168332736727,2021-05-21
1237,3964589.9335267576,0.0021667015536773796,2021-05-22
1238,6613776.753386042,0.004590028446388832,2021-05-23
1239,6129217.1773451995,0.0026502332529162826,2021-05-24
1240,5127498.210896611,0.0021657568359060293,2021-05-25
1241,4302320.090302829,0.0020073871666997684,2021-05-26
1242,4403784.267539736,0.001649705678934139,2021-05-27
1243,3977204.650775634,0.0017257228682634406,2021-05-28
1244,3477389.34048282,0.0013750859229252064,2021-05-29
1245,2676940.544581582,0.0012688882559422066,2021-05-30
1246,2263604.5657586665,0.0014389954250838474,2021-05-31
1247,3365482.5587632204,0.0014726606112146037,2021-06-01
1248,2600673.447990448,0.0014649553525494013,2021-06-02
1249,2703780.1329281083,0.001476948323654487,2021-06-03
1250,2692218.982610019,0.0012390086838725126,2021-06-04
1251,1712408.0625212607,0.0009374875460693355,2021-06-05
1252,1166126.031110984,0.0008743241256653339,2021-06-06
1253,2023883.7234727265,0.0010907298094640398,2021-06-07
1254,3849802.6625566324,0.0013600524968288654,2021-06-08
1255,3272334.416142765,0.0012553431390654119,2021-06-09
1256,1853364.404262852,0.0010549869770497247,2021-06-10
1257,1979406.0316309708,0.0012271934177470857,2021-06-11
1258,1473382.3874372789,0.001182063759392574,2021-06-12
1259,1222619.2956283132,0.0009068237722467809,2021-06-13
1260,2298246.176220373,0.0010762204967039986,2021-06-14
1261,1871391.924412615,0.001118640477727055,2021-06-15
1262,2794628.1706500407,0.001053864096537296,2021-06-16
1263,2236275.1674392316,0.0010556728200308398,2021-06-17
1264,2655329.391327666,0.0011387132125825798,2021-06-18
1265,1176247.5241729533,0.0009188176613745881,2021-06-19
1266,1457391.2020084544,0.0010545881152228917,2021-06-20
1267,3908121.8429784803,0.0019878747446954903,2021-06-21
1268,5269368.848062639,0.0025537019216500855,2021-06-22
1269,2275053.3452632125,0.001079319200563783,2021-06-23
1270,2544816.3722974923,0.001045888266361939,2021-06-24
1271,2978513.105466308,0.0013120826486584143,2021-06-25
1272,1434659.763866329,0.0007670425953521035,2021-06-26
1273,1498814.829286717,0.0024036010460153916,2021-06-27
1274,2512175.341137697,0.0008770657188585061,2021-06-28
1275,2471868.849643458,0.0011732028721790865,2021-06-29
1276,2033302.0872349555,0.0023399064863994282,2021-06-30
1277,2954465.0889515784,0.0011276821860491384,2021-07-01
1278,2821953.0087757534,0.0009592186947720328,2021-07-02
1279,973939.9340748858,0.0009387055624370086,2021-07-03
1280,1047005.4860545116,0.0006848967463733204,2021-07-04
1281,1581450.046792711,0.0011368524497593591,2021-07-05
1282,1998586.0305623559,0.0022688919412633636,2021-07-06
1283,2199734.942462094,0.0019323106598969652,2021-07-07
1284,3224154.166210376,0.001972572289475959,2021-07-08
1285,2415092.3583459314,0.0014513416136485648,2021-07-09
1286,1448350.7765312293,0.0009282585143922473,2021-07-10
1287,753190.725097292,0.0007379729197197186,2021-07-11
1288,2482671.334598312,0.0014505503360876647,2021-07-12
1289,2130457.2964344276,0.0016461282822547408,2021-07-13
1290,2570943.972767826,0.002676738265741396,2021-07-14
1291,2011068.7232012656,0.0022363030825653042,2021-07-15
1292,2776628.566655735,0.0026725288921900505,2021-07-16
1293,1170321.3562178733,0.0016842039394203568,2021-07-17
1294,1137477.4458861111,0.0015909184129175693,2021-07-18
1295,2173621.19229858,0.001697691526145168,2021-07-19
1296,2183311.0358029953,0.0016461370943506009,2021-07-20
1297,2709102.3255900084,0.0014107337977959334,2021-07-21
1298,2160110.1096250727,0.0021587629108958378,2021-07-22
1299,1841555.020991351,0.003043266550722899,2021-07-23
1300,1369231.8985058733,0.0012757015012759096,2021-07-24
1301,919518.0727966079,0.0013014229246572275,2021-07-25
1302,3001590.182825037,0.0019233530773826257,2021-07-26
1303,2287647.0536842663,0.0032169488916199934,2021-07-27
1304,1888372.51689263,0.0037762321701660436,2021-07-28
1305,2204058.8615879766,0.0014992095942733756,2021-07-29
1306,2135698.203903491,0.0018871343531501382,2021-07-30
1307,2039593.4554435997,0.004357687299406679,2021-07-31
1308,1628902.4044892935,0.002450957137642859,2021-08-01
1309,1760882.9786332566,0.0025980162761353085,2021-08-02
1310,2221705.661727426,0.0036908575735997784,2021-08-03
1311,2431918.392096529,0.002508184979519264,2021-08-04
1312,2348809.8854040173,0.0043896397821320664,2021-08-05
1313,2349489.3106729444,0.0035261640130694605,2021-08-06
1314,1900523.3343898754,0.003595918031260574,2021-08-07
1315,1540397.8873793478,0.004364329594171198,2021-08-08
1316,2789193.6784924367,0.004969444408334515,2021-08-09
1317,2037065.9274634272,0.006971702583980162,2021-08-10
1318,1716190.74488925,0.00480188582658245,2021-08-11
1319,1780511.4240758768,0.005345496777882286,2021-08-12
1320,2014135.780261382,0.0061090083845556685,2021-08-13
1321,1408008.6329945,0.005609092298449947,2021-08-14
1322,1396356.6507108926,0.008761223941991554,2021-08-15
1323,2541876.5266823457,0.004184509826611173,2021-08-16
1324,2072464.5499109873,0.0037367262658696966,2021-08-17
1325,2104969.7673387066,0.003079999111767619,2021-08-18
1326,1798387.419464085,0.005281344282462391,2021-08-19
1327,2322694.2822839147,0.002962437410008526,2021-08-20
1328,1219744.651939542,0.002865627912669299,2021-08-21
1329,1226681.3796627948,0.002590991236103671,2021-08-22
1330,2394803.9193627117,0.004417801056737243,2021-08-23
1331,2839749.295351821,0.006358593878701755,2021-08-24
1332,2299532.9030971685,0.008021231648252986,2021-08-25
1333,1686335.6949551061,0.008026306909718778,2021-08-26
1334,2064856.2002974073,0.013959863823703561,2021-08-27
1335,1392329.7593439629,0.009696659107969035,2021-08-28
1336,1509575.5540659255,0.010264654299470048,2021-08-29
1337,2105036.9338616254,0.010579961000679474,2021-08-30
1338,2860023.6136649554,0.011577377484159535,2021-08-31
1339,2747363.286570629,0.01278399814316403,2021-09-01
1340,3123975.8512233356,0.007554872276599542,2021-09-02
1341,2446253.062321518,0.010520119674676014,2021-09-03
1342,1524335.8269207038,0.008158649277310338,2021-09-04
1343,1172212.7446501474,0.008700726721658834,2021-09-05
1344,1797255.6661841022,0.008742888579840687,2021-09-06
1345,3307323.6717654956,0.015460579604646717,2021-09-07
1346,2538360.024297557,0.008963081146374995,2021-09-08
1347,2445034.003050734,0.014434535306383755,2021-09-09
1348,2349401.5288386494,0.007125958907688194,2021-09-10
1349,2216210.987856765,0.003825785905431648,2021-09-11
1350,1216104.9411392245,0.004292633096157265,2021-09-12
1351,1896295.092582649,0.005645663058071633,2021-09-13
1352,1586697.8643788667,0.00702615022165635,2021-09-14
1353,2783649.4542393186,0.0048345278601366086,2021-09-15
1354,1634024.7462511973,0.0073250650980528345,2021-09-16
1355,2263150.1209419263,0.005157193278462942,2021-09-17
1356,1436963.5114047409,0.004064267745847969,2021-09-18
1357,1117363.6018012248,0.006702767381247892,2021-09-19
1358,2772271.2057742444,0.006723712868380071,2021-09-20
1359,2739864.7228239663,0.007798998888740915,2021-09-21
1360,2430281.071364005,0.005307145377893945,2021-09-22
1361,2030466.1700760606,0.007871300181981674,2021-09-23
1362,3631481.597421647,0.005285520998938057,2021-09-24
1363,1058854.6100442861,0.003703545947844424,2021-09-25
1364,3492795.475962075,0.006687604870196818,2021-09-26
1365,1691828.0405902322,0.008686390182654059,2021-09-27
1366,1548923.809223325,0.007856866019222192,2021-09-28
1367,1466434.3292941921,0.007272180847197033,2021-09-29
1368,1457211.3958339563,0.011664248504485532,2021-09-30
1369,1937660.2195406116,0.006156722798871891,2021-10-01
1370,1276871.9112449638,0.005310724856425586,2021-10-02
1371,1091761.7286610752,0.0049285850473163055,2021-10-03
1372,1640564.78916957,0.009132447326568049,2021-10-04
1373,2436562.8795646797,0.011492278230245633,2021-10-05
1374,2316275.52681149,0.008238889285092123,2021-10-06
1375,2328069.2737603527,0.009739593877395357,2021-10-07
1376,2230235.4971626536,0.009914750658801765,2021-10-08
1377,960262.8701330465,0.005511465609946408,2021-10-09
1378,1110969.2185166087,0.006054365949897909,2021-10-10
1379,1458242.1038584537,0.008538063644919092,2021-10-11
1380,1578630.7022848653,0.006079972682049042,2021-10-12
1381,1995946.0435452717,0.006940149996322301,2021-10-13
1382,3610739.877603952,0.008239832131440257,2021-10-14
1383,2771531.5827997783,0.011272023615290918,2021-10-15
1384,1752758.2420803085,0.0057819122671186884,2021-10-16
1385,1446412.1715478892,0.0052373385274822855,2021-10-17
1386,1916946.2566029422,0.012522942653242816,2021-10-18
1387,1728649.0328350007,0.004580565184616575,2021-10-19
1388,2087401.271675541,0.004804021481827797,2021-10-20
1389,2894003.7504446437,0.006553521599974484,2021-10-21
1390,2228877.3249267903,0.005957889922874344,2021-10-22
1391,1261478.9522118468,0.0044375239630225416,2021-10-23
1392,948494.7357800974,0.00474391585236997,2021-10-24
1393,1558867.7654746769,0.006612527112523872,2021-10-25
1394,1672440.8722704584,0.007333502713337944,2021-10-26
1395,2761979.212177976,0.008676349063564905,2021-10-27
1396,1785727.5387825705,0.009300510885401885,2021-10-28
1397,2955631.6877326104,0.008983269833685187,2021-10-29
1398,1297648.7289299415,0.009183498875503768,2021-10-30
1399,1275478.4923746756,0.008899985654440454,2021-10-31
1400,1870188.2133877552,0.009075140893382174,2021-11-01
1401,2214122.620320681,0.009686460463158793,2021-11-02
1402,3016617.0441511315,0.008641469700916159,2021-11-03
1403,2034614.4857651195,0.007723760634230744,2021-11-04
1404,1935768.8973241902,0.007831402962066764,2021-11-05
1405,1252150.1528652268,0.00725806568700919,2021-11-06
1406,914709.0917770412,0.006130484177293325,2021-11-07
1407,1895172.750158514,0.0077251043938981875,2021-11-08
1408,1854685.3542478,0.008730975622510833,2021-11-09
1409,1929555.5133765403,0.008953113294332318,2021-11-10
1410,1850618.3314146153,0.008996774288204437,2021-11-11
1411,2036131.8840736186,0.008373729845036608,2021-11-12
1412,1195041.5217610286,0.008130935635845856,2021-11-13
1413,1205372.6677378737,0.006965734101041134,2021-11-14
1414,3738157.7184842178,0.009655721245177086,2021-11-15
1415,2470883.1184088937,0.009020456818198498,2021-11-16
1416,1995135.18806336,0.007929652606221698,2021-11-17
1417,2199035.5791257503,0.00904769602827679,2021-11-18
1418,2017521.5803943698,0.0076698507280722325,2021-11-19
1419,1395690.5851679216,0.007413363990407188,2021-11-20
1420,1650625.6990261432,0.006655813922842919,2021-11-21
1421,1874155.1972509925,0.010200455152700048,2021-11-22
1422,1857058.066600034,0.009328773475914645,2021-11-23
1423,2134127.014573271,0.007375055466531871,2021-11-24
1424,1691905.6797720143,0.007448633062034466,2021-11-25
1425,2709577.870802695,0.006140039409820445,2021-11-26
1426,1110704.8375485707,0.009006838811791653,2021-11-27
1427,1012860.8307249211,0.008794471485072564,2021-11-28
1428,1923977.3604959908,0.007677377129611807,2021-11-29
1429,2781075.705876065,0.010437302959051214,2021-11-30
1430,2615487.85655146,0.009305395555716021,2021-12-01
1431,2040842.8101371303,0.0076911061845411745,2021-12-02
1432,2380804.8925054986,0.006386829265453035,2021-12-03
1433,3365082.2526197378,0.007382651989927496,2021-12-04
1434,1691844.25288324,0.0050336838113461705,2021-12-05
1435,3178001.891697149,0.005995467212041515,2021-12-06
1436,2298835.53461629,0.005330871591800437,2021-12-07
1437,1975900.642442378,0.004401781765067138,2021-12-08
1438,1947561.273160742,0.005118413146568819,2021-12-09
1439,2103352.716462829,0.0066237272629071,2021-12-10
1440,1263546.6328117633,0.005300543658292445,2021-12-11
1441,733499.1567667649,0.004625355400339023,2021-12-12
1442,2589947.638320039,0.00560483881608866,2021-12-13
1443,2316523.347148343,0.004848841063570737,2021-12-14
1444,1916538.7989360532,0.005555408907046246,2021-12-15
1445,1944150.8723830888,0.005823808841948467,2021-12-16
1446,1790744.5995074771,0.006748622850724309,2021-12-17
1447,1235085.7435666742,0.005010569039899751,2021-12-18
1448,833052.3999077114,0.00527607142897642,2021-12-19
1449,1509465.1432592487,0.004967736841581039,2021-12-20
1450,1483409.842534494,0.004323549474285929,2021-12-21
1451,1520003.7915452053,0.0049108341290083,2021-12-22
1452,1714227.9090120615,0.005476821989755148,2021-12-23
1453,1486156.9743681145,0.0045403107952529725,2021-12-24
1454,1346965.0455731142,0.004113258639202908,2021-12-25
1455,792966.9468758622,0.0037081122407219605,2021-12-26
1456,1684164.7421652447,0.00515502888232239,2021-12-27
1457,1977702.3589366614,0.007144601486287514,2021-12-28
1458,1624207.562166503,0.008214522448777163,2021-12-29
1459,3356815.731878863,0.007179830741600079,2021-12-30
1460,2311665.2233853308,0.006122726640637576,2021-12-31
1461,1084248.273691665,0.006144850397690564,2022-01-01
1462,835950.6321910791,0.008442389919451213,2022-01-02
1463,1174638.8538368274,0.007495992009922938,2022-01-03
1464,1779398.6115869437,0.009443378661432586,2022-01-04
1465,2144958.358816771,0.009987208574278478,2022-01-05
1466,2707819.214138832,0.009413015627052847,2022-01-06
1467,2588665.3718831046,0.010844535792456603,2022-01-07
1468,1415357.1160608165,0.009009709456577223,2022-01-08
1469,1018256.375355616,0.013510560848808797,2022-01-09
1470,1820983.8802170097,0.01329723897731661,2022-01-10
1471,1623799.325025222,0.01273526740938544,2022-01-11
1472,1775212.0609750792,0.014574858447118996,2022-01-12
1473,2047830.458269454,0.011603415769593417,2022-01-13
1474,1642941.2525674042,0.012874347455766707,2022-01-14
1475,1039628.5100742658,0.010167468188818297,2022-01-15
1476,1020886.2420536028,0.010446088991184339,2022-01-16
1477,1497475.4022321263,0.010636716779308707,2022-01-17
1478,1520042.5984627919,0.008969812674000118,2022-01-18
1479,2258221.335823345,0.00876061959994553,2022-01-19
1480,1844174.4190102767,0.011132645405980876,2022-01-20
1481,4125773.9386027306,0.011122723423553733,2022-01-21
1482,3644733.5689026318,0.01016864276179222,2022-01-22
1483,2279566.8926720107,0.01007741827650537,2022-01-23
1484,3373286.18761804,0.010067820162907883,2022-01-24
1485,2390522.9287569355,0.010029901729787351,2022-01-25
1486,2747380.402881088,0.010270449655764777,2022-01-26
1487,2660511.1475068387,0.011320969624617885,2022-01-27
1488,2241954.330570422,0.010406372926766987,2022-01-28
1489,1565458.2145013174,0.009293278934470451,2022-01-29
1490,1575303.41870593,0.010700681967942301,2022-01-30
1491,2131959.8877405385,0.009103319379924028,2022-01-31
1492,1972813.6618654078,0.012837171043179664,2022-02-01
1493,1566067.4472085943,0.012304122568238714,2022-02-02
1494,2505252.7371737254,0.01031903862152699,2022-02-03
1495,2067173.224293731,0.008004855561391706,2022-02-04
1496,1257203.0923047115,0.012809471776317131,2022-02-05
1497,878647.9125574193,0.005445065899337432,2022-02-06
1498,2050774.797095742,0.00867453457989825,2022-02-07
1499,1906533.338415154,0.006254249534146403,2022-02-08
1500,1750768.3661067556,0.006604394304249075,2022-02-09
1501,2834409.0018506786,0.008612306958373596,2022-02-10
1502,2219976.8037162167,0.005234360731861891,2022-02-11
1503,1224752.358957655,0.00492409790527239,2022-02-12
1504,951862.790509762,0.004454281801006721,2022-02-13
1505,1606846.9844978193,0.004642420795592897,2022-02-14
1506,1856698.2278259578,0.005660561477356494,2022-02-15
1507,1364998.5793564124,0.006000197816618922,2022-02-16
1508,1676779.5398445346,0.006374379826540779,2022-02-17
1509,1653954.8297689937,0.0068224862490785555,2022-02-18
1510,814012.8815351933,0.005704632973615138,2022-02-19
1511,1195041.3051668447,0.006311457334504852,2022-02-20
1512,1641160.1024662328,0.007829075470816167,2022-02-21
1513,1420517.1982595064,0.006923641191032007,2022-02-22
1514,1486841.4790972155,0.007309925640250346,2022-02-23
1515,3874521.36150379,0.005774532179072112,2022-02-24
1516,2110086.025282762,0.004971486698600724,2022-02-25
1517,1088780.494743942,0.004528260238881511,2022-02-26
1518,1084967.008479934,0.003193379054173856,2022-02-27
1519,1841502.2851076426,0.006282566700735882,2022-02-28
1520,2136488.181523624,0.00423241389341801,2022-03-01
1521,1669942.1333795863,0.0038039705730712487,2022-03-02
1522,1569961.2654781574,0.0037243920338360607,2022-03-03
1523,1894127.7696772753,0.0034707516922206118,2022-03-04
1524,955094.0019925688,0.0028496942495941945,2022-03-05
1525,708788.8491851613,0.004261315996815652,2022-03-06
1526,1684365.711947238,0.0031081793272887278,2022-03-07
1527,1698559.3895216978,0.003698652753066493,2022-03-08
1528,1396623.9194563588,0.0027291206991743983,2022-03-09
1529,1580986.377520534,0.0023435957251507814,2022-03-10
1530,1237741.5845038237,0.002386215801425495,2022-03-11
1531,595339.0144839481,0.0018844424840636774,2022-03-12
1532,770751.7486847292,0.002842198178061136,2022-03-13
1533,1151599.370541975,0.0025155916484382156,2022-03-14
1534,2690099.5395182148,0.0025494165170898576,2022-03-15
1535,1750046.7781498155,0.0026333474894238997,2022-03-16
1536,1658405.711931442,0.004399398564021838,2022-03-17
1537,1982431.4158697757,0.003346363062209514,2022-03-18
1538,1612956.5620478133,0.0022405665859627152,2022-03-19
1539,719723.4145990186,0.002084807156240413,2022-03-20
1540,1592009.3252761005,0.00240276071717355,2022-03-21
1541,2106527.3960947315,0.0028102417570327813,2022-03-22
1542,1490633.4097796064,0.002798354005311378,2022-03-23
1543,1898408.4750815476,0.0036520309740996825,2022-03-24
1544,1997439.2586748975,0.003532531701829528,2022-03-25
1545,665255.2796244867,0.002281641631920017,2022-03-26
1546,845314.8219145888,0.006354619991854059,2022-03-27
1547,1880465.7610391045,0.003515947374145682,2022-03-28
1548,2188146.3251232775,0.0033499141969809644,2022-03-29
1549,2013598.627549711,0.003666214283564751,2022-03-30
1550,1945623.6719726603,0.0035954998181399636,2022-03-31
1551,2016027.6714600527,0.004773350516841622,2022-04-01
1552,1346339.9955046533,0.005090710949748183,2022-04-02
1553,900781.9387482179,0.0056406176337645405,2022-04-03
1554,1266935.8895408735,0.004922417674845599,2022-04-04
1555,1469385.3273000875,0.016615414684248677,2022-04-05
1556,1849246.421134105,0.004529408008713435,2022-04-06
1557,1784892.0461573289,0.006272975721605778,2022-04-07
1558,1378664.7682768365,0.004514752058332681,2022-04-08
1559,848831.8491157752,0.002879957437998501,2022-04-09
1560,689999.2101579877,0.003758245318385185,2022-04-10
1561,2224796.2804873395,0.003567473040352886,2022-04-11
1562,1289893.891007383,0.0036785995526233644,2022-04-12
1563,1273475.9293851983,0.003807216596025321,2022-04-13
1564,1255510.922478035,0.0038881604745242466,2022-04-14
1565,1359679.6306628338,0.003113159744334684,2022-04-15
1566,1101503.0025391732,0.0032591266215990494,2022-04-16
1567,998518.7600205308,0.0023916180319586452,2022-04-17
1568,1433724.4415128569,0.0027914702202344404,2022-04-18
1569,1626193.3866039822,0.0026646661781931113,2022-04-19
1570,2485425.3589591,0.0042050593941851165,2022-04-20
1571,1477992.2851795102,0.004742139549893533,2022-04-21
1572,1558737.8561811103,0.004156870533010987,2022-04-22
1573,659198.0978298021,0.0028228134607741033,2022-04-23
1574,721432.3759042547,0.003001261476237371,2022-04-24
1575,2079974.1154073738,0.004115965448512192,2022-04-25
1576,1677786.1496423592,0.0036916776906111568,2022-04-26
1577,1514232.6261066615,0.004302417343455776,2022-04-27
1578,1744053.9458255365,0.004206787430180864,2022-04-28
1579,2517264.348561772,0.003737854782959343,2022-04-29
1580,1102870.646036397,0.003297448749099256,2022-04-30
1581,1570699.9891513584,0.016116356992047543,2022-05-01
1582,2425805.928945904,0.005920190498751783,2022-05-02
1583,2629511.2926250673,0.0055519246151557325,2022-05-03
1584,1868290.545613124,0.003916235778992186,2022-05-04
1585,1888149.4786625926,0.0048569957659755645,2022-05-05
1586,1943287.01226413,0.0045318578512536225,2022-05-06
1587,1116563.2669092796,0.002548992864178235,2022-05-07
1588,1370073.8959041743,0.0019363000224657352,2022-05-08
1589,3744745.4063926046,0.003415352235895736,2022-05-09
1590,3589318.9723969167,0.0032134549951803016,2022-05-10
1591,5227006.293470865,0.006475751053890447,2022-05-11
1592,8156588.024530458,0.008616025594451137,2022-05-12
1593,4551187.97231408,0.00375896004564824,2022-05-13
1594,1423754.6408756385,0.0024818443063571475,2022-05-14
1595,1210014.5619260329,0.0017963513885439993,2022-05-15
1596,3702021.048906209,0.001805942692310403,2022-05-16
1597,1869821.0034354192,0.002836100033271417,2022-05-17
1598,2229882.3388435105,0.0019122653731616255,2022-05-18
1599,2198544.154275887,0.0019699585095172395,2022-05-19
1600,2620911.2500451906,0.0021788688826399655,2022-05-20
1601,919547.1385573534,0.0016172119007869773,2022-05-21
1602,1077518.314508509,0.0019310157888981648,2022-05-22
1603,2235996.801535161,0.0020312950214358924,2022-05-23
1604,1611701.284113682,0.0022174951365711054,2022-05-24
1605,1116256.2290511932,0.0027119488928828302,2022-05-25
1606,3254568.8916129284,0.00379411514372665,2022-05-26
1607,3106448.8583702124,0.003042113407761742,2022-05-27
1608,1057087.7277503568,0.0016286573293412987,2022-05-28
1609,975456.5351339366,0.0018128213772080235,2022-05-29
1610,1866571.87361071,0.002589556378978577,2022-05-30
1611,2177643.4675054667,0.0034991744533607264,2022-05-31
1612,2213070.4559366847,0.004154278200762434,2022-06-01
1613,2237853.2846727436,0.005101054856327677,2022-06-02
1614,1542771.9880320125,0.0049227320270202055,2022-06-03
1615,748099.0205164145,0.004094895249474603,2022-06-04
1616,784237.7868720326,0.004356878476682356,2022-06-05
1617,1528965.5231941435,0.0037998761905508036,2022-06-06
1618,2047605.2948456244,0.004323278706057551,2022-06-07
1619,1381524.959686771,0.005765313267726586,2022-06-08
1620,1389512.3322707068,0.004852693847429517,2022-06-09
1621,2742436.6508678547,0.004170287292499749,2022-06-10
1622,3305862.514266073,0.0025947512780238723,2022-06-11
1623,2600952.935629366,0.002371750180604429,2022-06-12
1624,7569117.525836598,0.004769636690413086,2022-06-13
1625,5546387.557328625,0.003646907006494849,2022-06-14
1626,5047231.253487742,0.004006257713030276,2022-06-15
1627,3815111.0994926603,0.002595402024322846,2022-06-16
1628,3448938.784129263,0.0024017873062625794,2022-06-17
1629,3853671.5144189354,0.003335400567151389,2022-06-18
1630,2469428.0921057146,0.0022553993868789745,2022-06-19
1631,2719811.581505992,0.0018704804233108058,2022-06-20
1632,2321820.7238171017,0.002528446501635019,2022-06-21
1633,2199706.7497516708,0.0022782908541617536,2022-06-22
1634,2254346.8227080517,0.003042606581767828,2022-06-23
1635,2128935.7142658425,0.002620979454407132,2022-06-24
1636,1282467.4900593474,0.0026380983955549835,2022-06-25
1637,1082089.7526886505,0.0026817871903672356,2022-06-26
1638,2176014.1755140116,0.0034154414820242967,2022-06-27
1639,1904919.6597113921,0.0031580835646440094,2022-06-28
1640,3422576.24700103,0.003700251743825783,2022-06-29
1641,3040421.968601459,0.0035824081543166892,2022-06-30
1642,2507072.2399084624,0.0020327983416254017,2022-07-01
1643,1225564.0693242515,0.001073259985998527,2022-07-02
1644,791323.7761369349,0.0015046525354306792,2022-07-03
1645,1968368.4435798991,0.001852094044421931,2022-07-04
1646,1818056.4109131554,0.0021806208054299422,2022-07-05
1647,1856514.8959464012,0.002366239693476034,2022-07-06
1648,3646678.9127431996,0.0024882162853043423,2022-07-07
1649,2027380.730848739,0.00194673024166267,2022-07-08
1650,850590.3171312786,0.0014639774589800447,2022-07-09
1651,1166763.1711052647,0.001377741101624111,2022-07-10
1652,1735774.0607121766,0.00229368498757903,2022-07-11
1653,2290826.1850294,0.0017714052321060345,2022-07-12
1654,2752756.7013206165,0.0020280807223759184,2022-07-13
1655,2032430.5137901546,0.002281289594942524,2022-07-14
1656,3153057.8639439563,0.0021078904463570198,2022-07-15
1657,1484711.866174041,0.0015252975876914076,2022-07-16
1658,1337699.730679128,0.0013719477458157738,2022-07-17
1659,3087987.9488059804,0.00210500535145766,2022-07-18
1660,3973407.3265530304,0.0019478583738636816,2022-07-19
1661,2153089.419848459,0.0019099622431761783,2022-07-20
1662,4857899.8639467,0.0015162529241681962,2022-07-21
1663,1507954.779509725,0.0011327455291413359,2022-07-22
1664,868343.5782750923,0.0009792740491292957,2022-07-23
1665,771123.2118833283,0.0008899830947937025,2022-07-24
1666,1638537.4055004183,0.0013723370691000752,2022-07-25
1667,1907097.2683023638,0.0010625518803551888,2022-07-26
1668,2315526.4721940006,0.0013504863511861528,2022-07-27
1669,2389808.422986498,0.0015151409826170317,2022-07-28
1670,2187112.3141834736,0.0011093368659098096,2022-07-29
1671,996148.370178131,0.0006805606823260162,2022-07-30
1672,754869.2040381002,0.0006992143415259238,2022-07-31
1673,1693846.0426176572,0.0010877775216385232,2022-08-01
1674,1571983.68720729,0.0009858478660292383,2022-08-02
1675,1265165.898430459,0.0009208128718325538,2022-08-03
1676,1307688.1308917198,0.0007114942721830423,2022-08-04
1677,1542189.7919483117,0.0010588549659032588,2022-08-05
1678,933848.2770304774,0.0006859455872529599,2022-08-06
1679,1145087.711637354,0.0007036357711885403,2022-08-07
1680,1459234.5631432836,0.001311020630484234,2022-08-08
1681,1598694.1429983212,0.0013563267066853731,2022-08-09
1682,2507563.260250349,0.0019735228326045236,2022-08-10
1683,1820681.7033907499,0.0017278593506090609,2022-08-11
1684,1480885.9072556586,0.0012980279148457421,2022-08-12
1685,1264575.018447049,0.0008321626744775196,2022-08-13
1686,921060.7452744069,0.0009044273119585553,2022-08-14
1687,1809374.635325577,0.001370158119104779,2022-08-15
1688,1240871.232241309,0.0009298103748065059,2022-08-16
1689,2858210.2045044913,0.0009376835082954268,2022-08-17
1690,1307231.92967269,0.00098312214381794,2022-08-18
1691,2070006.7136894898,0.0012674210333036941,2022-08-19
1692,1039674.7372124046,0.0008463108600320908,2022-08-20
1693,782944.8789241485,0.0006341809713900727,2022-08-21
1694,1162622.3516578043,0.0011521690331192272,2022-08-22
1695,1264340.258065014,0.001080195882437482,2022-08-23
1696,1334395.1041972765,0.0010966136664412906,2022-08-24
1697,1344470.2704191175,0.0012994821062809873,2022-08-25
1698,1744170.7191077091,0.0010943248384466967,2022-08-26
1699,1411206.1746995042,0.0007528724487116212,2022-08-27
1700,1471128.0228092796,0.000764830565481892,2022-08-28
1701,2262081.824414907,0.0013355911958832275,2022-08-29
1702,1929141.6471973334,0.0016123735884223554,2022-08-30
1703,1859195.6312205635,0.0020060042497186976,2022-08-31
1704,1957755.6564386564,0.001590392115320525,2022-09-01
1705,2680411.882540152,0.001087715096406121,2022-09-02
1706,895013.2360618014,0.000635399245890778,2022-09-03
1707,592653.6432318678,0.0006395247768581487,2022-09-04
1708,1284019.6557928843,0.0008212532225605364,2022-09-05
1709,3773011.452105743,0.0012935790988335071,2022-09-06
1710,2244117.9950488033,0.0016988002554922989,2022-09-07
1711,1941082.7507193235,0.0019253191652183574,2022-09-08
1712,2119208.7801551595,0.0015492753588579118,2022-09-09
1713,905784.2057650504,0.0010513757068273623,2022-09-10
1714,870709.7636963879,0.00089156069021547,2022-09-11
1715,2764633.673011418,0.0014069742946339594,2022-09-12
1716,4595091.810833857,0.001338913169528812,2022-09-13
1717,7577923.63925098,0.000933321755050242,2022-09-14
1718,6278843.801349469,0.0011033974312085898,2022-09-15
1719,4336737.623594829,0.0007511998222496803,2022-09-16
1720,1270555.1921001498,0.0004976757177659947,2022-09-17
1721,1399270.9445194015,0.0008004617495214976,2022-09-18
1722,3287026.661474357,0.0010439907012420161,2022-09-19
1723,2426301.9108686983,0.0010255141953034992,2022-09-20
1724,2667091.214284479,0.00117629937490455,2022-09-21
1725,2658881.332787492,0.0010260113601997503,2022-09-22
1726,2385981.09824271,0.000952553588245537,2022-09-23
1727,982927.92489941,0.0006000258688460425,2022-09-24
1728,1046979.0106639961,0.0007692399120941007,2022-09-25
1729,2040966.6888689136,0.001256132459963968,2022-09-26
1730,2193799.863512104,0.0015312677598191336,2022-09-27
1731,1603680.9729264847,0.0014038848438482892,2022-09-28
1732,2809207.1739320788,0.0013185896763811896,2022-09-29
1733,2116230.2819965547,0.0014120436001073171,2022-09-30
1734,919745.4941712995,0.000851370876539203,2022-10-01
1735,749684.397516277,0.0006342799477351436,2022-10-02
1736,1714820.9901098674,0.0013260485046708498,2022-10-03
1737,1158744.6867522157,0.0013353729083046629,2022-10-04
1738,975694.0790775444,0.0014561138688973857,2022-10-05
1739,1419901.006816647,0.0011015406333196817,2022-10-06
1740,1428922.3384493054,0.0010542162371584122,2022-10-07
1741,751388.8195218862,0.0010700193920252167,2022-10-08
1742,395109.2181198569,0.0018172159404790677,2022-10-09
1743,889948.2439795659,0.0024445054295287993,2022-10-10
1744,1299225.4619466579,0.0020710425228008707,2022-10-11
1745,1076317.5984384709,0.0018189611121014423,2022-10-12
1746,2241143.9719156423,0.001993995440876748,2022-10-13
1747,1407229.8390104314,0.001655185049511474,2022-10-14
1748,641137.813813044,0.0015508401181464901,2022-10-15
1749,658030.7526152568,0.0015683296867162464,2022-10-16
1750,1194493.6307658763,0.0024385823639551545,2022-10-17
1751,1331459.3054860358,0.00276105313817703,2022-10-18
1752,1208353.5222407635,0.0025740231438588917,2022-10-19
1753,1234381.5710782798,0.0031057421812911374,2022-10-20
1754,1684923.6610997333,0.0030308213654746397,2022-10-21
1755,708758.9953727096,0.001811953094205411,2022-10-22
1756,838424.9258591054,0.0014536917542619233,2022-10-23
1757,1701845.3366088346,0.0018948474410924287,2022-10-24
1758,2676876.454604798,0.0021316362219635783,2022-10-25
1759,3050487.672275736,0.001905876280321541,2022-10-26
1760,2214985.9551477926,0.0015486507017345786,2022-10-27
1761,1742117.102149843,0.0017511109349552963,2022-10-28
1762,1506184.344461373,0.001410218829114721,2022-10-29
1763,1045002.7885477247,0.0009421902409998518,2022-10-30
1764,1663053.0307412408,0.002106130458932146,2022-10-31
1765,1263261.196283852,0.0015404163277330932,2022-11-01
1766,2029568.2086483377,0.00172616814098459,2022-11-02
1767,1657039.8159427398,0.0030201584832671513,2022-11-03
1768,1972668.9162759874,0.0018633569995002211,2022-11-04
1769,922466.7313616333,0.001195265398411264,2022-11-05
1770,1167753.6080096574,0.0012952982241179428,2022-11-06
1771,2632021.804332563,0.0015949658156081154,2022-11-07
1772,5290414.41291611,0.003677758947144298,2022-11-08
1773,7052028.293198787,0.00387108904362558,2022-11-09
1774,5446402.755388335,0.0030156641148093768,2022-11-10
1775,3143830.0308962283,0.002241871702525402,2022-11-11
1776,2368331.553540196,0.0013790675636979053,2022-11-12
1777,3186122.135245224,0.0012825303455869727,2022-11-13
1778,3084411.5513350493,0.0016019001065799793,2022-11-14
1779,2408200.034873474,0.0019093353952473724,2022-11-15
1780,2630316.6575856796,0.0014195062026392774,2022-11-16
1781,2238914.299557178,0.001354134303309724,2022-11-17
1782,1932981.9096021752,0.001487824484865826,2022-11-18
1783,1351339.3156530694,0.0010718941607900376,2022-11-19
1784,1271571.6342345322,0.001252371611849008,2022-11-20
1785,4094916.013526325,0.0013451340538378675,2022-11-21
1786,2671355.650427495,0.0014305851031856092,2022-11-22
1787,1705922.2030916077,0.0011676208727930948,2022-11-23
1788,1389271.4480839546,0.0009837631171195893,2022-11-24
1789,1368385.5895915274,0.0008616657030837301,2022-11-25
1790,955547.4136686125,0.0008738410917939746,2022-11-26
1791,870282.472356674,0.0010235911469266348,2022-11-27
1792,1960539.472290204,0.0010114996770710053,2022-11-28
1793,1721701.3483298107,0.0010791904515174235,2022-11-29
1794,1662036.9150546028,0.0013119634865384675,2022-11-30
1795,1322852.8828422497,0.0013221116819681716,2022-12-01
1796,1428733.7349997854,0.001147177487805253,2022-12-02
1797,691034.2259134711,0.0010342645027741038,2022-12-03
1798,816402.6876342694,0.0010005243750765816,2022-12-04
1799,1245253.2082583723,0.0013322780259427726,2022-12-05
1800,1715763.604679428,0.0013722266755402108,2022-12-06
1801,2569400.8034564294,0.0019121072566409434,2022-12-07
1802,1242685.6321779462,0.0014139240290104442,2022-12-08
1803,1496517.0451414136,0.0011840712941311423,2022-12-09
1804,646411.1350815487,0.0011215185270795837,2022-12-10
1805,511795.4206235281,0.0012449270655589839,2022-12-11
1806,1259534.4636650612,0.0012074525440161736,2022-12-12
1807,2543286.9143450963,0.0015204148052738059,2022-12-13
1808,1615279.8835741223,0.0014154923003244035,2022-12-14
1809,1324717.0279077447,0.0015724390653247783,2022-12-15
1810,2349554.557907839,0.0015593043924563,2022-12-16
1811,1106181.5686354395,0.0012761144440634003,2022-12-17
1812,699908.23115313,0.001568010114570206,2022-12-18
1813,1048850.3993544327,0.0014034142630335207,2022-12-19
1814,1501851.042163422,0.0016435076029566685,2022-12-20
1815,1130971.7521471395,0.0014561383959614098,2022-12-21
1816,967741.6039418096,0.0013929097274435562,2022-12-22
1817,1497117.5627925035,0.0011783100750822483,2022-12-23
1818,436620.7101552203,0.0010905040049524056,2022-12-24
1819,458772.7036218393,0.0010796884003790054,2022-12-25
1820,570327.3399086118,0.001119648700690061,2022-12-26
1821,834195.0225069553,0.0014417711775092964,2022-12-27
1822,1011977.2123474027,0.0015504485860996882,2022-12-28
1823,1015331.5444511527,0.0016178685133725655,2022-12-29
1824,1195515.4455731704,0.0016082834024150595,2022-12-30
1825,1027054.845541168,0.001500525284821981,2022-12-31
